  0
SECTION
  2
HEADER
  9
$ACADVER
  1
AC1024
  9
$ACADMAINTVER
 70
6
  9
$DWGCODEPAGE
  3
ANSI_1252
  9
$LASTSAVEDBY
  1
ezdxf
  9
$INSBASE
 10
0.0
 20
0.0
 30
0.0
  9
$EXTMIN
 10
1e+20
 20
1e+20
 30
1e+20
  9
$EXTMAX
 10
-1e+20
 20
-1e+20
 30
-1e+20
  9
$LIMMIN
 10
0.0
 20
0.0
  9
$LIMMAX
 10
420.0
 20
297.0
  9
$ORTHOMODE
 70
0
  9
$REGENMODE
 70
1
  9
$FILLMODE
 70
1
  9
$QTEXTMODE
 70
0
  9
$MIRRTEXT
 70
1
  9
$LTSCALE
 40
1.0
  9
$ATTMODE
 70
1
  9
$TEXTSIZE
 40
2.5
  9
$TRACEWID
 40
1.0
  9
$TEXTSTYLE
  7
OpenSans
  9
$CLAYER
  8
0
  9
$CELTYPE
  6
ByLayer
  9
$CECOLOR
 62
256
  9
$CELTSCALE
 40
1.0
  9
$DISPSILH
 70
0
  9
$DIMSCALE
 40
1.0
  9
$DIMASZ
 40
0.175
  9
$DIMEXO
 40
0.125
  9
$DIMDLI
 40
3.75
  9
$DIMRND
 40
0.0
  9
$DIMDLE
 40
0.0
  9
$DIMEXE
 40
0.375
  9
$DIMTP
 40
0.0
  9
$DIMTM
 40
0.0
  9
$DIMTXT
 40
0.25
  9
$DIMCEN
 40
2.5
  9
$DIMTSZ
 40
0.0
  9
$DIMTOL
 70
0
  9
$DIMLIM
 70
0
  9
$DIMTIH
 70
0
  9
$DIMTOH
 70
0
  9
$DIMSE1
 70
0
  9
$DIMSE2
 70
0
  9
$DIMTAD
 70
1
  9
$DIMZIN
 70
12
  9
$DIMBLK
  1
ARCHTICK
  9
$DIMASO
 70
1
  9
$DIMSHO
 70
1
  9
$DIMPOST
  1

  9
$DIMAPOST
  1

  9
$DIMALT
 70
0
  9
$DIMALTD
 70
3
  9
$DIMALTF
 40
0.03937007874
  9
$DIMLFAC
 40
100.0
  9
$DIMTOFL
 70
1
  9
$DIMTVP
 40
0.0
  9
$DIMTIX
 70
0
  9
$DIMSOXD
 70
0
  9
$DIMSAH
 70
0
  9
$DIMBLK1
  1

  9
$DIMBLK2
  1

  9
$DIMSTYLE
  2
EZDXF
  9
$DIMCLRD
 70
0
  9
$DIMCLRE
 70
0
  9
$DIMCLRT
 70
0
  9
$DIMTFAC
 40
0.5
  9
$DIMGAP
 40
0.1
  9
$DIMJUST
 70
0
  9
$DIMSD1
 70
0
  9
$DIMSD2
 70
0
  9
$DIMTOLJ
 70
0
  9
$DIMTZIN
 70
8
  9
$DIMALTZ
 70
0
  9
$DIMALTTZ
 70
0
  9
$DIMUPT
 70
1
  9
$DIMDEC
 70
2
  9
$DIMTDEC
 70
2
  9
$DIMALTU
 70
2
  9
$DIMALTTD
 70
3
  9
$DIMTXSTY
  7
OpenSansCondensed-Light
  9
$DIMAUNIT
 70
0
  9
$DIMADEC
 70
2
  9
$DIMALTRND
 40
0.0
  9
$DIMAZIN
 70
3
  9
$DIMDSEP
 70
46
  9
$DIMATFIT
 70
3
  9
$DIMFRAC
 70
0
  9
$DIMLDRBLK
  1

  9
$DIMLUNIT
 70
2
  9
$DIMLWD
 70
-2
  9
$DIMLWE
 70
-2
  9
$DIMTMOVE
 70
2
  9
$DIMFXL
 40
1.0
  9
$DIMFXLON
 70
0
  9
$DIMJOGANG
 40
0.785398163397
  9
$DIMTFILL
 70
0
  9
$DIMTFILLCLR
 70
0
  9
$DIMARCSYM
 70
0
  9
$DIMLTYPE
  6

  9
$DIMLTEX1
  6

  9
$DIMLTEX2
  6

  9
$DIMTXTDIRECTION
 70
0
  9
$LUNITS
 70
2
  9
$LUPREC
 70
4
  9
$SKETCHINC
 40
1.0
  9
$FILLETRAD
 40
10.0
  9
$AUNITS
 70
0
  9
$AUPREC
 70
2
  9
$MENU
  1
.
  9
$ELEVATION
 40
0.0
  9
$PELEVATION
 40
0.0
  9
$THICKNESS
 40
0.0
  9
$LIMCHECK
 70
0
  9
$CHAMFERA
 40
0.0
  9
$CHAMFERB
 40
0.0
  9
$CHAMFERC
 40
0.0
  9
$CHAMFERD
 40
0.0
  9
$SKPOLY
 70
0
  9
$TDCREATE
 40
2461249.6481712963
  9
$TDUCREATE
 40
2458532.153996898
  9
$TDUPDATE
 40
2461249.6481712963
  9
$TDUUPDATE
 40
2458532.1544311
  9
$TDINDWG
 40
0.0
  9
$TDUSRTIMER
 40
0.0
  9
$USRTIMER
 70
1
  9
$ANGBASE
 50
0.0
  9
$ANGDIR
 70
0
  9
$PDMODE
 70
0
  9
$PDSIZE
 40
0.0
  9
$PLINEWID
 40
0.0
  9
$SPLFRAME
 70
0
  9
$SPLINETYPE
 70
6
  9
$SPLINESEGS
 70
8
  9
$HANDSEED
  5
116
  9
$SURFTAB1
 70
6
  9
$SURFTAB2
 70
6
  9
$SURFTYPE
 70
6
  9
$SURFU
 70
6
  9
$SURFV
 70
6
  9
$UCSBASE
  2

  9
$UCSNAME
  2

  9
$UCSORG
 10
0.0
 20
0.0
 30
0.0
  9
$UCSXDIR
 10
1.0
 20
0.0
 30
0.0
  9
$UCSYDIR
 10
0.0
 20
1.0
 30
0.0
  9
$UCSORTHOREF
  2

  9
$UCSORTHOVIEW
 70
0
  9
$UCSORGTOP
 10
0.0
 20
0.0
 30
0.0
  9
$UCSORGBOTTOM
 10
0.0
 20
0.0
 30
0.0
  9
$UCSORGLEFT
 10
0.0
 20
0.0
 30
0.0
  9
$UCSORGRIGHT
 10
0.0
 20
0.0
 30
0.0
  9
$UCSORGFRONT
 10
0.0
 20
0.0
 30
0.0
  9
$UCSORGBACK
 10
0.0
 20
0.0
 30
0.0
  9
$PUCSBASE
  2

  9
$PUCSNAME
  2

  9
$PUCSORG
 10
0.0
 20
0.0
 30
0.0
  9
$PUCSXDIR
 10
1.0
 20
0.0
 30
0.0
  9
$PUCSYDIR
 10
0.0
 20
1.0
 30
0.0
  9
$PUCSORTHOREF
  2

  9
$PUCSORTHOVIEW
 70
0
  9
$PUCSORGTOP
 10
0.0
 20
0.0
 30
0.0
  9
$PUCSORGBOTTOM
 10
0.0
 20
0.0
 30
0.0
  9
$PUCSORGLEFT
 10
0.0
 20
0.0
 30
0.0
  9
$PUCSORGRIGHT
 10
0.0
 20
0.0
 30
0.0
  9
$PUCSORGFRONT
 10
0.0
 20
0.0
 30
0.0
  9
$PUCSORGBACK
 10
0.0
 20
0.0
 30
0.0
  9
$USERI1
 70
0
  9
$USERI2
 70
0
  9
$USERI3
 70
0
  9
$USERI4
 70
0
  9
$USERI5
 70
0
  9
$USERR1
 40
0.0
  9
$USERR2
 40
0.0
  9
$USERR3
 40
0.0
  9
$USERR4
 40
0.0
  9
$USERR5
 40
0.0
  9
$WORLDVIEW
 70
1
  9
$SHADEDGE
 70
3
  9
$SHADEDIF
 70
70
  9
$TILEMODE
 70
1
  9
$MAXACTVP
 70
64
  9
$PINSBASE
 10
0.0
 20
0.0
 30
0.0
  9
$PLIMCHECK
 70
0
  9
$PEXTMIN
 10
1e+20
 20
1e+20
 30
1e+20
  9
$PEXTMAX
 10
-1e+20
 20
-1e+20
 30
-1e+20
  9
$PLIMMIN
 10
0.0
 20
0.0
  9
$PLIMMAX
 10
420.0
 20
297.0
  9
$UNITMODE
 70
0
  9
$VISRETAIN
 70
1
  9
$PLINEGEN
 70
0
  9
$PSLTSCALE
 70
1
  9
$TREEDEPTH
 70
3020
  9
$CMLSTYLE
  2
Standard
  9
$CMLJUST
 70
0
  9
$CMLSCALE
 40
20.0
  9
$PROXYGRAPHICS
 70
1
  9
$MEASUREMENT
 70
1
  9
$CELWEIGHT
370
-1
  9
$ENDCAPS
280
0
  9
$JOINSTYLE
280
0
  9
$LWDISPLAY
290
0
  9
$INSUNITS
 70
4
  9
$HYPERLINKBASE
  1

  9
$STYLESHEET
  1

  9
$XEDIT
290
1
  9
$CEPSNTYPE
380
0
  9
$PSTYLEMODE
290
1
  9
$FINGERPRINTGUID
  2
{57A5C63C-587A-48D1-A286-4C694724ABA5}
  9
$VERSIONGUID
  2
{79B27948-B408-4DD0-813F-E152A9368F5E}
  9
$EXTNAMES
290
1
  9
$PSVPSCALE
 40
0.0
  9
$OLESTARTUP
290
0
  9
$SORTENTS
280
127
  9
$INDEXCTL
280
0
  9
$HIDETEXT
280
1
  9
$XCLIPFRAME
280
1
  9
$HALOGAP
280
0
  9
$OBSCOLOR
 70
257
  9
$OBSLTYPE
280
0
  9
$INTERSECTIONDISPLAY
280
0
  9
$INTERSECTIONCOLOR
 70
257
  9
$DIMASSOC
280
2
  9
$PROJECTNAME
  1

  9
$CAMERADISPLAY
290
0
  9
$LENSLENGTH
 40
50.0
  9
$CAMERAHEIGHT
 40
0.0
  9
$STEPSPERSEC
 40
24.0
  9
$STEPSIZE
 40
100.0
  9
$3DDWFPREC
 40
2.0
  9
$PSOLWIDTH
 40
0.005
  9
$PSOLHEIGHT
 40
0.08
  9
$LOFTANG1
 40
1.570796326795
  9
$LOFTANG2
 40
1.570796326795
  9
$LOFTMAG1
 40
0.0
  9
$LOFTMAG2
 40
0.0
  9
$LOFTPARAM
 70
7
  9
$LOFTNORMALS
280
1
  9
$LATITUDE
 40
37.795
  9
$LONGITUDE
 40
-122.394
  9
$NORTHDIRECTION
 40
0.0
  9
$TIMEZONE
 70
-8000
  9
$LIGHTGLYPHDISPLAY
280
1
  9
$TILEMODELIGHTSYNCH
280
1
  9
$CMATERIAL
347
20
  9
$SOLIDHIST
280
0
  9
$SHOWHIST
280
1
  9
$DWFFRAME
280
2
  9
$DGNFRAME
280
2
  9
$REALWORLDSCALE
290
1
  9
$INTERFERECOLOR
 62
256
  9
$CSHADOW
280
0
  9
$SHADOWPLANELOCATION
 40
0.0
  0
ENDSEC
  0
SECTION
  2
CLASSES
  0
CLASS
  1
ACDBDICTIONARYWDFLT
  2
AcDbDictionaryWithDefault
  3
ObjectDBX Classes
 90
0
 91
0
280
0
281
0
  0
CLASS
  1
SUN
  2
AcDbSun
  3
SCENEOE
 90
1153
 91
0
280
0
281
0
  0
CLASS
  1
VISUALSTYLE
  2
AcDbVisualStyle
  3
ObjectDBX Classes
 90
4095
 91
0
280
0
281
0
  0
CLASS
  1
MATERIAL
  2
AcDbMaterial
  3
ObjectDBX Classes
 90
1153
 91
0
280
0
281
0
  0
CLASS
  1
SCALE
  2
AcDbScale
  3
ObjectDBX Classes
 90
1153
 91
0
280
0
281
0
  0
CLASS
  1
TABLESTYLE
  2
AcDbTableStyle
  3
ObjectDBX Classes
 90
4095
 91
0
280
0
281
0
  0
CLASS
  1
MLEADERSTYLE
  2
AcDbMLeaderStyle
  3
ACDB_MLEADERSTYLE_CLASS
 90
4095
 91
0
280
0
281
0
  0
CLASS
  1
DICTIONARYVAR
  2
AcDbDictionaryVar
  3
ObjectDBX Classes
 90
0
 91
0
280
0
281
0
  0
CLASS
  1
CELLSTYLEMAP
  2
AcDbCellStyleMap
  3
ObjectDBX Classes
 90
1152
 91
0
280
0
281
0
  0
CLASS
  1
MENTALRAYRENDERSETTINGS
  2
AcDbMentalRayRenderSettings
  3
SCENEOE
 90
1024
 91
0
280
0
281
0
  0
CLASS
  1
ACDBDETAILVIEWSTYLE
  2
AcDbDetailViewStyle
  3
ObjectDBX Classes
 90
1025
 91
0
280
0
281
0
  0
CLASS
  1
ACDBSECTIONVIEWSTYLE
  2
AcDbSectionViewStyle
  3
ObjectDBX Classes
 90
1025
 91
0
280
0
281
0
  0
CLASS
  1
RASTERVARIABLES
  2
AcDbRasterVariables
  3
ISM
 90
0
 91
0
280
0
281
0
  0
CLASS
  1
LAYOUT
  2
AcDbLayout
  3
ObjectDBX Classes
 90
0
 91
0
280
0
281
0
  0
CLASS
  1
ACDBPLACEHOLDER
  2
AcDbPlaceHolder
  3
ObjectDBX Classes
 90
0
 91
0
280
0
281
0
  0
ENDSEC
  0
SECTION
  2
TABLES
  0
TABLE
  2
VPORT
  5
8
330
0
100
AcDbSymbolTable
 70
1
  0
VPORT
  5
23
330
8
100
AcDbSymbolTableRecord
100
AcDbViewportTableRecord
  2
*Active
 70
0
 10
0.0
 20
0.0
 11
1.0
 21
1.0
 12
0.0
 22
0.0
 13
0.0
 23
0.0
 14
0.5
 24
0.5
 15
0.5
 25
0.5
 16
0.0
 26
0.0
 36
1.0
 17
0.0
 27
0.0
 37
0.0
 40
1000.0
 41
1.34
 42
50.0
 43
0.0
 44
0.0
 50
0.0
 51
0.0
 71
0
 72
1000
 73
1
 74
3
 75
0
 76
0
 77
0
 78
0
281
0
 65
0
146
0.0
  0
ENDTAB
  0
TABLE
  2
LTYPE
  5
2
330
0
100
AcDbSymbolTable
 70
21
  0
LTYPE
  5
24
330
2
100
AcDbSymbolTableRecord
100
AcDbLinetypeTableRecord
  2
ByBlock
 70
0
  3

 72
65
 73
0
 40
0.0
  0
LTYPE
  5
25
330
2
100
AcDbSymbolTableRecord
100
AcDbLinetypeTableRecord
  2
ByLayer
 70
0
  3

 72
65
 73
0
 40
0.0
  0
LTYPE
  5
26
330
2
100
AcDbSymbolTableRecord
100
AcDbLinetypeTableRecord
  2
Continuous
 70
0
  3

 72
65
 73
0
 40
0.0
  0
LTYPE
  5
2F
330
2
100
AcDbSymbolTableRecord
100
AcDbLinetypeTableRecord
  2
CENTER
 70
0
  3
Center ____ _ ____ _ ____ _ ____ _ ____ _ ____
 72
65
 73
4
 40
5.08
 49
3.175
 74
0
 49
-0.635
 74
0
 49
0.635
 74
0
 49
-0.635
 74
0
  0
LTYPE
  5
30
330
2
100
AcDbSymbolTableRecord
100
AcDbLinetypeTableRecord
  2
CENTERX2
 70
0
  3
Center (2x) ________  __  ________  __  ________
 72
65
 73
4
 40
8.89
 49
6.35
 74
0
 49
-0.635
 74
0
 49
1.27
 74
0
 49
-0.635
 74
0
  0
LTYPE
  5
31
330
2
100
AcDbSymbolTableRecord
100
AcDbLinetypeTableRecord
  2
CENTER2
 70
0
  3
Center (.5x) ____ _ ____ _ ____ _ ____ _ ____
 72
65
 73
4
 40
2.54
 49
1.587
 74
0
 49
-0.318
 74
0
 49
0.318
 74
0
 49
-0.318
 74
0
  0
LTYPE
  5
32
330
2
100
AcDbSymbolTableRecord
100
AcDbLinetypeTableRecord
  2
DASHED
 70
0
  3
Dashed __ __ __ __ __ __ __ __ __ __ __ __ __ _
 72
65
 73
2
 40
1.524
 49
1.27
 74
0
 49
-0.254
 74
0
  0
LTYPE
  5
33
330
2
100
AcDbSymbolTableRecord
100
AcDbLinetypeTableRecord
  2
DASHEDX2
 70
0
  3
Dashed (2x) ____  ____  ____  ____  ____  ____
 72
65
 73
2
 40
3.048
 49
2.54
 74
0
 49
-0.508
 74
0
  0
LTYPE
  5
34
330
2
100
AcDbSymbolTableRecord
100
AcDbLinetypeTableRecord
  2
DASHED2
 70
0
  3
Dashed (.5x) _ _ _ _ _ _ _ _ _ _ _ _ _ _
 72
65
 73
2
 40
0.762
 49
0.635
 74
0
 49
-0.127
 74
0
  0
LTYPE
  5
35
330
2
100
AcDbSymbolTableRecord
100
AcDbLinetypeTableRecord
  2
PHANTOM
 70
0
  3
Phantom ______  __  __  ______  __  __  ______
 72
65
 73
6
 40
6.35
 49
3.175
 74
0
 49
-0.635
 74
0
 49
0.635
 74
0
 49
-0.635
 74
0
 49
0.635
 74
0
 49
-0.635
 74
0
  0
LTYPE
  5
36
330
2
100
AcDbSymbolTableRecord
100
AcDbLinetypeTableRecord
  2
PHANTOMX2
 70
0
  3
Phantom (2x)____________    ____    ____    ____________
 72
65
 73
6
 40
10.795
 49
6.35
 74
0
 49
-0.635
 74
0
 49
1.27
 74
0
 49
-0.635
 74
0
 49
1.27
 74
0
 49
-0.635
 74
0
  0
LTYPE
  5
37
330
2
100
AcDbSymbolTableRecord
100
AcDbLinetypeTableRecord
  2
PHANTOM2
 70
0
  3
Phantom (.5x) ___ _ _ ___ _ _ ___ _ _ ___ _ _ ___
 72
65
 73
6
 40
3.175
 49
1.587
 74
0
 49
-0.318
 74
0
 49
0.318
 74
0
 49
-0.318
 74
0
 49
0.318
 74
0
 49
-0.318
 74
0
  0
LTYPE
  5
38
330
2
100
AcDbSymbolTableRecord
100
AcDbLinetypeTableRecord
  2
DASHDOT
 70
0
  3
Dash dot __ . __ . __ . __ . __ . __ . __ . __
 72
65
 73
4
 40
3.556
 49
2.54
 74
0
 49
-0.508
 74
0
 49
0.0
 74
0
 49
-0.508
 74
0
  0
LTYPE
  5
39
330
2
100
AcDbSymbolTableRecord
100
AcDbLinetypeTableRecord
  2
DASHDOTX2
 70
0
  3
Dash dot (2x) ____  .  ____  .  ____  .  ____
 72
65
 73
4
 40
6.096
 49
5.08
 74
0
 49
-0.508
 74
0
 49
0.0
 74
0
 49
-0.508
 74
0
  0
LTYPE
  5
3A
330
2
100
AcDbSymbolTableRecord
100
AcDbLinetypeTableRecord
  2
DASHDOT2
 70
0
  3
Dash dot (.5x) _ . _ . _ . _ . _ . _ . _ . _
 72
65
 73
4
 40
1.778
 49
1.27
 74
0
 49
-0.254
 74
0
 49
0.0
 74
0
 49
-0.254
 74
0
  0
LTYPE
  5
3B
330
2
100
AcDbSymbolTableRecord
100
AcDbLinetypeTableRecord
  2
DOT
 70
0
  3
Dot .  .  .  .  .  .  .  .  .  .  .  .  .  .  .  .
 72
65
 73
2
 40
0.508
 49
0.0
 74
0
 49
-0.508
 74
0
  0
LTYPE
  5
3C
330
2
100
AcDbSymbolTableRecord
100
AcDbLinetypeTableRecord
  2
DOTX2
 70
0
  3
Dot (2x) .    .    .    .    .    .    .    . 
 72
65
 73
2
 40
1.016
 49
0.0
 74
0
 49
-1.016
 74
0
  0
LTYPE
  5
3D
330
2
100
AcDbSymbolTableRecord
100
AcDbLinetypeTableRecord
  2
DOT2
 70
0
  3
Dot (.5) . . . . . . . . . . . . . . . . . . . 
 72
65
 73
2
 40
0.254
 49
0.0
 74
0
 49
-0.254
 74
0
  0
LTYPE
  5
3E
330
2
100
AcDbSymbolTableRecord
100
AcDbLinetypeTableRecord
  2
DIVIDE
 70
0
  3
Divide __ . . __ . . __ . . __ . . __ . . __
 72
65
 73
6
 40
4.064
 49
2.54
 74
0
 49
-0.508
 74
0
 49
0.0
 74
0
 49
-0.508
 74
0
 49
0.0
 74
0
 49
-0.508
 74
0
  0
LTYPE
  5
3F
330
2
100
AcDbSymbolTableRecord
100
AcDbLinetypeTableRecord
  2
DIVIDEX2
 70
0
  3
Divide (2x) ____  . .  ____  . .  ____  . .  ____
 72
65
 73
6
 40
6.604
 49
5.08
 74
0
 49
-0.508
 74
0
 49
0.0
 74
0
 49
-0.508
 74
0
 49
0.0
 74
0
 49
-0.508
 74
0
  0
LTYPE
  5
40
330
2
100
AcDbSymbolTableRecord
100
AcDbLinetypeTableRecord
  2
DIVIDE2
 70
0
  3
Divide(.5x) _ . _ . _ . _ . _ . _ . _ . _
 72
65
 73
6
 40
2.032
 49
1.27
 74
0
 49
-0.254
 74
0
 49
0.0
 74
0
 49
-0.254
 74
0
 49
0.0
 74
0
 49
-0.254
 74
0
  0
ENDTAB
  0
TABLE
  2
LAYER
  5
1
330
0
100
AcDbSymbolTable
 70
5
  0
LAYER
  5
27
330
1
100
AcDbSymbolTableRecord
100
AcDbLayerTableRecord
  2
0
 70
0
 62
7
  6
Continuous
370
-3
390
13
347
21
  0
LAYER
  5
28
330
1
100
AcDbSymbolTableRecord
100
AcDbLayerTableRecord
  2
Defpoints
 70
0
 62
7
  6
Continuous
290
0
370
-3
390
13
347
21
  0
LAYER
  5
8A
330
1
100
AcDbSymbolTableRecord
100
AcDbLayerTableRecord
  2
LEATHER
 70
0
 62
1
  6
Continuous
370
-3
390
13
347
21
  0
LAYER
  5
8B
330
1
100
AcDbSymbolTableRecord
100
AcDbLayerTableRecord
  2
PIECES
 70
0
 62
5
  6
Continuous
370
-3
390
13
347
21
  0
LAYER
  5
8C
330
1
100
AcDbSymbolTableRecord
100
AcDbLayerTableRecord
  2
ANNOTATION
 70
0
 62
3
  6
Continuous
370
-3
390
13
347
21
  0
ENDTAB
  0
TABLE
  2
STYLE
  5
5
330
0
100
AcDbSymbolTable
 70
26
  0
STYLE
  5
29
330
5
100
AcDbSymbolTableRecord
100
AcDbTextStyleTableRecord
  2
Standard
 70
0
 40
0.0
 41
1.0
 50
0.0
 71
0
 42
2.5
  3
txt
  4

  0
STYLE
  5
41
330
5
100
AcDbSymbolTableRecord
100
AcDbTextStyleTableRecord
  2
OpenSans-Light
 70
0
 40
0.0
 41
1.0
 50
0.0
 71
0
 42
2.5
  3
OpenSans-Light.ttf
  4

  0
STYLE
  5
42
330
5
100
AcDbSymbolTableRecord
100
AcDbTextStyleTableRecord
  2
OpenSans-Light-Italic
 70
0
 40
0.0
 41
1.0
 50
0.0
 71
0
 42
2.5
  3
OpenSans-LightItalic.ttf
  4

  0
STYLE
  5
43
330
5
100
AcDbSymbolTableRecord
100
AcDbTextStyleTableRecord
  2
OpenSans
 70
0
 40
0.0
 41
1.0
 50
0.0
 71
0
 42
2.5
  3
OpenSans-Regular.ttf
  4

  0
STYLE
  5
44
330
5
100
AcDbSymbolTableRecord
100
AcDbTextStyleTableRecord
  2
OpenSans-Italic
 70
0
 40
0.0
 41
1.0
 50
0.0
 71
0
 42
2.5
  3
OpenSans-Italic.ttf
  4

  0
STYLE
  5
45
330
5
100
AcDbSymbolTableRecord
100
AcDbTextStyleTableRecord
  2
OpenSans-SemiBold
 70
0
 40
0.0
 41
1.0
 50
0.0
 71
0
 42
2.5
  3
OpenSans-SemiBold.ttf
  4

  0
STYLE
  5
46
330
5
100
AcDbSymbolTableRecord
100
AcDbTextStyleTableRecord
  2
OpenSans-SemiBoldItalic
 70
0
 40
0.0
 41
1.0
 50
0.0
 71
0
 42
2.5
  3
OpenSans-SemiBoldItalic.ttf
  4

  0
STYLE
  5
47
330
5
100
AcDbSymbolTableRecord
100
AcDbTextStyleTableRecord
  2
OpenSans-Bold
 70
0
 40
0.0
 41
1.0
 50
0.0
 71
0
 42
2.5
  3
OpenSans-Bold.ttf
  4

  0
STYLE
  5
48
330
5
100
AcDbSymbolTableRecord
100
AcDbTextStyleTableRecord
  2
OpenSans-BoldItalic
 70
0
 40
0.0
 41
1.0
 50
0.0
 71
0
 42
2.5
  3
OpenSans-BoldItalic.ttf
  4

  0
STYLE
  5
49
330
5
100
AcDbSymbolTableRecord
100
AcDbTextStyleTableRecord
  2
OpenSans-ExtraBold
 70
0
 40
0.0
 41
1.0
 50
0.0
 71
0
 42
2.5
  3
OpenSans-ExtraBold.ttf
  4

  0
STYLE
  5
4A
330
5
100
AcDbSymbolTableRecord
100
AcDbTextStyleTableRecord
  2
OpenSans-ExtraBoldItalic
 70
0
 40
0.0
 41
1.0
 50
0.0
 71
0
 42
2.5
  3
OpenSans-ExtraBoldItalic.ttf
  4

  0
STYLE
  5
4B
330
5
100
AcDbSymbolTableRecord
100
AcDbTextStyleTableRecord
  2
OpenSansCondensed-Bold
 70
0
 40
0.0
 41
1.0
 50
0.0
 71
0
 42
2.5
  3
OpenSansCondensed-Bold.ttf
  4

  0
STYLE
  5
4C
330
5
100
AcDbSymbolTableRecord
100
AcDbTextStyleTableRecord
  2
OpenSansCondensed-Light
 70
0
 40
0.0
 41
1.0
 50
0.0
 71
0
 42
2.5
  3
OpenSansCondensed-Light.ttf
  4

  0
STYLE
  5
4D
330
5
100
AcDbSymbolTableRecord
100
AcDbTextStyleTableRecord
  2
OpenSansCondensed-Italic
 70
0
 40
0.0
 41
1.0
 50
0.0
 71
0
 42
2.5
  3
OpenSansCondensed-LightItalic.ttf
  4

  0
STYLE
  5
4E
330
5
100
AcDbSymbolTableRecord
100
AcDbTextStyleTableRecord
  2
LiberationSans
 70
0
 40
0.0
 41
1.0
 50
0.0
 71
0
 42
2.5
  3
LiberationSans-Regular.ttf
  4

  0
STYLE
  5
4F
330
5
100
AcDbSymbolTableRecord
100
AcDbTextStyleTableRecord
  2
LiberationSans-Bold
 70
0
 40
0.0
 41
1.0
 50
0.0
 71
0
 42
2.5
  3
LiberationSans-Bold.ttf
  4

  0
STYLE
  5
50
330
5
100
AcDbSymbolTableRecord
100
AcDbTextStyleTableRecord
  2
LiberationSans-BoldItalic
 70
0
 40
0.0
 41
1.0
 50
0.0
 71
0
 42
2.5
  3
LiberationSans-BoldItalic.ttf
  4

  0
STYLE
  5
51
330
5
100
AcDbSymbolTableRecord
100
AcDbTextStyleTableRecord
  2
LiberationSans-Italic
 70
0
 40
0.0
 41
1.0
 50
0.0
 71
0
 42
2.5
  3
LiberationSans-Italic.ttf
  4

  0
STYLE
  5
52
330
5
100
AcDbSymbolTableRecord
100
AcDbTextStyleTableRecord
  2
LiberationSerif
 70
0
 40
0.0
 41
1.0
 50
0.0
 71
0
 42
2.5
  3
LiberationSerif-Regular.ttf
  4

  0
STYLE
  5
53
330
5
100
AcDbSymbolTableRecord
100
AcDbTextStyleTableRecord
  2
LiberationSerif-Bold
 70
0
 40
0.0
 41
1.0
 50
0.0
 71
0
 42
2.5
  3
LiberationSerif-Bold.ttf
  4

  0
STYLE
  5
54
330
5
100
AcDbSymbolTableRecord
100
AcDbTextStyleTableRecord
  2
LiberationSerif-BoldItalic
 70
0
 40
0.0
 41
1.0
 50
0.0
 71
0
 42
2.5
  3
LiberationSerif-BoldItalic.ttf
  4

  0
STYLE
  5
55
330
5
100
AcDbSymbolTableRecord
100
AcDbTextStyleTableRecord
  2
LiberationSerif-Italic
 70
0
 40
0.0
 41
1.0
 50
0.0
 71
0
 42
2.5
  3
LiberationSerif-Italic.ttf
  4

  0
STYLE
  5
56
330
5
100
AcDbSymbolTableRecord
100
AcDbTextStyleTableRecord
  2
LiberationMono
 70
0
 40
0.0
 41
1.0
 50
0.0
 71
0
 42
2.5
  3
LiberationMono-Regular.ttf
  4

  0
STYLE
  5
57
330
5
100
AcDbSymbolTableRecord
100
AcDbTextStyleTableRecord
  2
LiberationMono-Bold
 70
0
 40
0.0
 41
1.0
 50
0.0
 71
0
 42
2.5
  3
LiberationMono-Bold.ttf
  4

  0
STYLE
  5
58
330
5
100
AcDbSymbolTableRecord
100
AcDbTextStyleTableRecord
  2
LiberationMono-BoldItalic
 70
0
 40
0.0
 41
1.0
 50
0.0
 71
0
 42
2.5
  3
LiberationMono-BoldItalic.ttf
  4

  0
STYLE
  5
59
330
5
100
AcDbSymbolTableRecord
100
AcDbTextStyleTableRecord
  2
LiberationMono-Italic
 70
0
 40
0.0
 41
1.0
 50
0.0
 71
0
 42
2.5
  3
LiberationMono-Italic.ttf
  4

  0
ENDTAB
  0
TABLE
  2
VIEW
  5
7
330
0
100
AcDbSymbolTable
 70
0
  0
ENDTAB
  0
TABLE
  2
UCS
  5
6
330
0
100
AcDbSymbolTable
 70
0
  0
ENDTAB
  0
TABLE
  2
APPID
  5
3
330
0
100
AcDbSymbolTable
 70
3
  0
APPID
  5
2A
330
3
100
AcDbSymbolTableRecord
100
AcDbRegAppTableRecord
  2
ACAD
 70
0
  0
APPID
  5
113
330
3
100
AcDbSymbolTableRecord
100
AcDbRegAppTableRecord
  2
HATCHBACKGROUNDCOLOR
 70
0
  0
APPID
  5
114
330
3
100
AcDbSymbolTableRecord
100
AcDbRegAppTableRecord
  2
EZDXF
 70
0
  0
ENDTAB
  0
TABLE
  2
DIMSTYLE
  5
4
330
0
100
AcDbSymbolTable
 70
12
100
AcDbDimStyleTable
  0
DIMSTYLE
105
2B
330
4
100
AcDbSymbolTableRecord
100
AcDbDimStyleTableRecord
  2
Standard
 70
0
 40
1.0
 41
2.5
 42
0.625
 43
3.75
 44
1.25
 45
0.0
 46
0.0
 47
0.0
 48
0.0
 49
2.5
140
2.5
141
2.5
142
0.0
143
0.03937007874
144
1.0
145
0.0
146
1.0
147
0.625
148
0.0
 69
0
 70
0
 71
0
 72
0
 73
0
 74
0
 75
0
 76
0
 77
1
 78
8
 79
3
170
0
171
3
172
1
173
0
174
0
175
0
176
0
177
0
178
0
179
2
271
2
272
2
273
2
274
3
275
0
276
0
277
2
278
44
279
0
280
0
281
0
282
0
283
0
284
8
285
0
286
0
288
0
289
3
290
0
371
-2
372
-2
  0
DIMSTYLE
105
73
330
4
100
AcDbSymbolTableRecord
100
AcDbDimStyleTableRecord
  2
EZDXF
 70
0
 40
1.0
 41
0.175
 42
0.125
 43
3.75
 44
0.375
 45
0.0
 46
0.0
 47
0.0
 48
0.0
 49
2.5
140
0.25
141
2.5
142
0.0
143
0.03937007874
144
100.0
145
0.0
146
0.5
147
0.1
148
0.0
 69
0
 70
0
 71
0
 72
0
 73
0
 74
0
 75
0
 76
0
 77
1
 78
12
 79
3
170
0
171
3
172
1
173
0
174
0
175
0
176
0
177
0
178
0
179
2
271
2
272
2
273
2
274
3
275
0
276
0
277
2
278
46
279
2
280
0
281
0
282
0
283
0
284
8
285
0
286
0
288
1
289
3
290
0
340
4C
342
74
371
-2
372
-2
  0
DIMSTYLE
105
7C
330
4
100
AcDbSymbolTableRecord
100
AcDbDimStyleTableRecord
  2
EZ_M_100_H25_CM
 70
0
 40
1.0
 41
0.25
 42
0.125
 43
3.75
 44
0.375
 45
0.0
 46
0.0
 47
0.0
 48
0.0
 49
2.5
140
0.25
141
2.5
142
0.125
143
0.03937007874
144
100.0
145
0.0
146
0.5
147
0.1
148
0.0
 69
0
 70
0
 71
0
 72
0
 73
0
 74
0
 75
0
 76
0
 77
1
 78
12
 79
3
170
0
171
3
172
1
173
0
174
0
175
0
176
0
177
0
178
0
179
2
271
2
272
2
273
2
274
3
275
0
276
0
277
2
278
46
279
2
280
0
281
0
282
0
283
0
284
8
285
0
286
0
288
1
289
3
290
0
340
4C
371
-2
372
-2
  0
DIMSTYLE
105
7D
330
4
100
AcDbSymbolTableRecord
100
AcDbDimStyleTableRecord
  2
EZ_M_50_H25_CM
 70
0
 40
1.0
 41
0.125
 42
0.0625
 43
3.75
 44
0.1875
 45
0.0
 46
0.0
 47
0.0
 48
0.0
 49
2.5
140
0.125
141
2.5
142
0.0625
143
0.03937007874
144
100.0
145
0.0
146
0.5
147
0.05
148
0.0
 69
0
 70
0
 71
0
 72
0
 73
0
 74
0
 75
0
 76
0
 77
1
 78
12
 79
3
170
0
171
3
172
1
173
0
174
0
175
0
176
0
177
0
178
0
179
2
271
2
272
2
273
2
274
3
275
0
276
0
277
2
278
46
279
2
280
0
281
0
282
0
283
0
284
8
285
0
286
0
288
1
289
3
290
0
340
4C
371
-2
372
-2
  0
DIMSTYLE
105
7E
330
4
100
AcDbSymbolTableRecord
100
AcDbDimStyleTableRecord
  2
EZ_M_25_H25_CM
 70
0
 40
1.0
 41
0.0625
 42
0.03125
 43
3.75
 44
0.09375
 45
0.0
 46
0.0
 47
0.0
 48
0.0
 49
2.5
140
0.0625
141
2.5
142
0.03125
143
0.03937007874
144
100.0
145
0.0
146
0.5
147
0.025
148
0.0
 69
0
 70
0
 71
0
 72
0
 73
0
 74
0
 75
0
 76
0
 77
1
 78
12
 79
3
170
0
171
3
172
1
173
0
174
0
175
0
176
0
177
0
178
0
179
2
271
2
272
2
273
2
274
3
275
0
276
0
277
2
278
46
279
2
280
0
281
0
282
0
283
0
284
8
285
0
286
0
288
1
289
3
290
0
340
4C
371
-2
372
-2
  0
DIMSTYLE
105
7F
330
4
100
AcDbSymbolTableRecord
100
AcDbDimStyleTableRecord
  2
EZ_M_20_H25_CM
 70
0
 40
1.0
 41
0.05
 42
0.025
 43
3.75
 44
0.07500000000000001
 45
0.0
 46
0.0
 47
0.0
 48
0.0
 49
2.5
140
0.05
141
2.5
142
0.025
143
0.03937007874
144
100.0
145
0.0
146
0.5
147
0.020000000000000004
148
0.0
 69
0
 70
0
 71
0
 72
0
 73
0
 74
0
 75
0
 76
0
 77
1
 78
12
 79
3
170
0
171
3
172
1
173
0
174
0
175
0
176
0
177
0
178
0
179
2
271
2
272
2
273
2
274
3
275
0
276
0
277
2
278
46
279
2
280
0
281
0
282
0
283
0
284
8
285
0
286
0
288
1
289
3
290
0
340
4C
371
-2
372
-2
  0
DIMSTYLE
105
80
330
4
100
AcDbSymbolTableRecord
100
AcDbDimStyleTableRecord
  2
EZ_M_10_H25_CM
 70
0
 40
1.0
 41
0.025
 42
0.0125
 43
3.75
 44
0.037500000000000006
 45
0.0
 46
0.0
 47
0.0
 48
0.0
 49
2.5
140
0.025
141
2.5
142
0.0125
143
0.03937007874
144
100.0
145
0.0
146
0.5
147
0.010000000000000002
148
0.0
 69
0
 70
0
 71
0
 72
0
 73
0
 74
0
 75
0
 76
0
 77
1
 78
12
 79
3
170
0
171
3
172
1
173
0
174
0
175
0
176
0
177
0
178
0
179
2
271
2
272
2
273
2
274
3
275
0
276
0
277
2
278
46
279
2
280
0
281
0
282
0
283
0
284
8
285
0
286
0
288
1
289
3
290
0
340
4C
371
-2
372
-2
  0
DIMSTYLE
105
81
330
4
100
AcDbSymbolTableRecord
100
AcDbDimStyleTableRecord
  2
EZ_M_5_H25_CM
 70
0
 40
1.0
 41
0.0125
 42
0.00625
 43
3.75
 44
0.018750000000000003
 45
0.0
 46
0.0
 47
0.0
 48
0.0
 49
2.5
140
0.0125
141
2.5
142
0.00625
143
0.03937007874
144
100.0
145
0.0
146
0.5
147
0.005000000000000001
148
0.0
 69
0
 70
0
 71
0
 72
0
 73
0
 74
0
 75
0
 76
0
 77
1
 78
12
 79
3
170
0
171
3
172
1
173
0
174
0
175
0
176
0
177
0
178
0
179
2
271
2
272
2
273
2
274
3
275
0
276
0
277
2
278
46
279
2
280
0
281
0
282
0
283
0
284
8
285
0
286
0
288
1
289
3
290
0
340
4C
371
-2
372
-2
  0
DIMSTYLE
105
82
330
4
100
AcDbSymbolTableRecord
100
AcDbDimStyleTableRecord
  2
EZ_M_1_H25_CM
 70
0
 40
1.0
 41
0.0025
 42
0.00125
 43
3.75
 44
0.00375
 45
0.0
 46
0.0
 47
0.0
 48
0.0
 49
2.5
140
0.0025
141
2.5
142
0.00125
143
0.03937007874
144
100.0
145
0.0
146
0.5
147
0.001
148
0.0
 69
0
 70
0
 71
0
 72
0
 73
0
 74
0
 75
0
 76
0
 77
1
 78
12
 79
3
170
0
171
3
172
1
173
0
174
0
175
0
176
0
177
0
178
0
179
2
271
2
272
2
273
2
274
3
275
0
276
0
277
2
278
46
279
2
280
0
281
0
282
0
283
0
284
8
285
0
286
0
288
1
289
3
290
0
340
4C
371
-2
372
-2
  0
DIMSTYLE
105
83
330
4
100
AcDbSymbolTableRecord
100
AcDbDimStyleTableRecord
  2
EZ_RADIUS
 70
0
 40
1.0
 41
0.25
 42
0.125
 43
3.75
 44
0.375
 45
0.0
 46
0.0
 47
0.0
 48
0.0
 49
2.5
140
0.25
141
0.0
142
0.0
143
0.03937007874
144
100.0
145
0.0
146
0.5
147
0.1
148
0.0
 69
0
 70
0
 71
0
 72
0
 73
0
 74
0
 75
0
 76
0
 77
1
 78
12
 79
3
170
0
171
3
172
0
173
0
174
0
175
0
176
0
177
0
178
0
179
2
271
2
272
2
273
2
274
3
275
0
276
0
277
2
278
46
279
1
280
0
281
0
282
0
283
0
284
8
285
0
286
0
288
1
289
3
290
0
340
4C
342
84
371
-2
372
-2
  0
DIMSTYLE
105
88
330
4
100
AcDbSymbolTableRecord
100
AcDbDimStyleTableRecord
  2
EZ_RADIUS_INSIDE
 70
0
 40
1.0
 41
0.25
 42
0.125
 43
3.75
 44
0.375
 45
0.0
 46
0.0
 47
0.0
 48
0.0
 49
2.5
140
0.25
141
0.0
142
0.0
143
0.03937007874
144
100.0
145
0.0
146
0.5
147
0.1
148
0.0
 69
0
 70
0
 71
0
 72
0
 73
0
 74
0
 75
0
 76
0
 77
0
 78
12
 79
3
170
0
171
3
172
0
173
0
174
1
175
0
176
0
177
0
178
0
179
2
271
2
272
2
273
2
274
3
275
0
276
0
277
2
278
46
279
0
280
0
281
0
282
0
283
0
284
8
285
0
286
0
288
1
289
0
290
0
340
4C
342
84
371
-2
372
-2
  0
DIMSTYLE
105
89
330
4
100
AcDbSymbolTableRecord
100
AcDbDimStyleTableRecord
  2
EZ_CURVED
 70
0
 40
1.0
 41
0.25
 42
0.125
 43
3.75
 44
0.375
 45
0.0
 46
0.0
 47
0.0
 48
0.0
 49
2.5
140
0.25
141
2.5
142
0.0
143
0.03937007874
144
100.0
145
0.0
146
0.5
147
0.1
148
0.0
 69
0
 70
0
 71
0
 72
0
 73
0
 74
0
 75
0
 76
0
 77
1
 78
12
 79
2
 90
2
170
0
171
3
172
1
173
0
174
0
175
0
176
0
177
0
178
0
179
2
271
2
272
2
273
2
274
3
275
0
276
0
277
2
278
46
279
2
280
0
281
0
282
0
283
0
284
8
285
0
286
0
288
1
289
3
290
0
340
4C
371
-2
372
-2
  0
ENDTAB
  0
TABLE
  2
BLOCK_RECORD
  5
9
330
0
100
AcDbSymbolTable
 70
5
  0
BLOCK_RECORD
  5
17
330
9
100
AcDbSymbolTableRecord
100
AcDbBlockTableRecord
  2
*Model_Space
340
1A
 70
0
280
1
281
0
  0
BLOCK_RECORD
  5
1B
330
9
100
AcDbSymbolTableRecord
100
AcDbBlockTableRecord
  2
*Paper_Space
340
1E
 70
0
280
1
281
0
  0
BLOCK_RECORD
  5
74
330
9
100
AcDbSymbolTableRecord
100
AcDbBlockTableRecord
  2
_ARCHTICK
340
0
 70
0
280
1
281
0
  0
BLOCK_RECORD
  5
78
330
9
100
AcDbSymbolTableRecord
100
AcDbBlockTableRecord
  2
_CLOSEDFILLED
340
0
 70
0
280
1
281
0
  0
BLOCK_RECORD
  5
84
330
9
100
AcDbSymbolTableRecord
100
AcDbBlockTableRecord
  2
_CLOSEDBLANK
340
0
 70
0
280
1
281
0
  0
ENDTAB
  0
ENDSEC
  0
SECTION
  2
BLOCKS
  0
BLOCK
  5
18
330
17
100
AcDbEntity
  8
0
100
AcDbBlockBegin
  2
*Model_Space
 70
0
 10
0.0
 20
0.0
 30
0.0
  3
*Model_Space
  1

  0
ENDBLK
  5
19
330
17
100
AcDbEntity
  8
0
100
AcDbBlockEnd
  0
BLOCK
  5
1C
330
1B
100
AcDbEntity
  8
0
100
AcDbBlockBegin
  2
*Paper_Space
 70
0
 10
0.0
 20
0.0
 30
0.0
  3
*Paper_Space
  1

  0
ENDBLK
  5
1D
330
1B
100
AcDbEntity
  8
0
100
AcDbBlockEnd
  0
BLOCK
  5
75
330
74
100
AcDbEntity
  8
0
100
AcDbBlockBegin
  2
_ARCHTICK
 70
0
 10
0.0
 20
0.0
 30
0.0
  3
_ARCHTICK
  1

  0
LWPOLYLINE
  5
77
330
74
100
AcDbEntity
  8
0
  6
BYBLOCK
 62
0
100
AcDbPolyline
 90
2
 70
0
 43
0.15
 10
-0.5
 20
-0.5
 10
0.5
 20
0.5
  0
ENDBLK
  5
76
330
74
100
AcDbEntity
  8
0
100
AcDbBlockEnd
  0
BLOCK
  5
79
330
78
100
AcDbEntity
  8
0
100
AcDbBlockBegin
  2
_CLOSEDFILLED
 70
0
 10
0.0
 20
0.0
 30
0.0
  3
_CLOSEDFILLED
  1

  0
SOLID
  5
7B
330
78
100
AcDbEntity
  8
0
  6
BYBLOCK
 62
0
100
AcDbTrace
 10
-1.0
 20
0.16439898372402537
 30
0.0
 11
0.0
 21
0.0
 31
0.0
 12
-1.0
 22
-0.16439898372402537
 32
0.0
 13
-1.0
 23
-0.16439898372402537
 33
0.0
  0
ENDBLK
  5
7A
330
78
100
AcDbEntity
  8
0
100
AcDbBlockEnd
  0
BLOCK
  5
85
330
84
100
AcDbEntity
  8
0
100
AcDbBlockBegin
  2
_CLOSEDBLANK
 70
0
 10
0.0
 20
0.0
 30
0.0
  3
_CLOSEDBLANK
  1

  0
LWPOLYLINE
  5
87
330
84
100
AcDbEntity
  8
0
  6
BYBLOCK
 62
0
100
AcDbPolyline
 90
3
 70
1
 10
-1.0
 20
0.16439898372402537
 10
0.0
 20
0.0
 10
-1.0
 20
-0.16439898372402537
  0
ENDBLK
  5
86
330
84
100
AcDbEntity
  8
0
100
AcDbBlockEnd
  0
ENDSEC
  0
SECTION
  2
ENTITIES
  0
LWPOLYLINE
  5
8D
330
17
100
AcDbEntity
  8
LEATHER
100
AcDbPolyline
 90
4
 70
1
 10
0.0
 20
0.0
 10
2000.0
 20
0.0
 10
2000.0
 20
1000.0
 10
0.0
 20
1000.0
  0
LWPOLYLINE
  5
8E
330
17
100
AcDbEntity
  8
PIECES
100
AcDbPolyline
 90
278
 70
1
 10
183.0166015625
 20
40.27984619140625
 10
175.763671875
 20
41.5826416015625
 10
170.87158203125
 20
42.5281982421875
 10
149.58837890625
 20
46.986083984375
 10
143.14013671875
 20
48.26824951171875
 10
140.84228515625
 20
48.59832763671875
 10
139.4365234375
 20
48.70074462890625
 10
138.03173828125
 20
48.68206787109375
 10
136.64013671875
 20
48.50103759765625
 10
135.76904296875
 20
48.28369140625
 10
134.92822265625
 20
47.9827880859375
 10
134.13037109375
 20
47.59625244140625
 10
133.3876953125
 20
47.120849609375
 10
132.7138671875
 20
46.5538330078125
 10
132.12060546875
 20
45.8934326171875
 10
131.61962890625
 20
45.13702392578125
 10
131.2314453125
 20
44.323974609375
 10
130.9462890625
 20
43.466796875
 10
130.751953125
 20
42.5770263671875
 10
130.63916015625
 20
41.665771484375
 10
130.59716796875
 20
40.7454833984375
 10
130.6650390625
 20
39.12139892578125
 10
130.8720703125
 20
37.508056640625
 10
131.16748046875
 20
35.904541015625
 10
131.8642578125
 20
32.719970703125
 10
133.2578125
 20
26.61541748046875
 10
133.76708984375
 20
23.6595458984375
 10
133.9521484375
 20
21.9300537109375
 10
134.02197265625
 20
20.1951904296875
 10
133.94580078125
 20
18.460693359375
 10
133.7734375
 20
17.16448974609375
 10
133.49755859375
 20
15.88946533203125
 10
133.1142578125
 20
14.643310546875
 10
132.62109375
 20
13.433837890625
 10
132.03515625
 20
12.3038330078125
 10
131.3486328125
 20
11.23748779296875
 10
130.56494140625
 20
10.24365234375
 10
129.6865234375
 20
9.33221435546875
 10
128.7158203125
 20
8.511962890625
 10
127.62548828125
 20
7.7711181640625
 10
126.466796875
 20
7.147216796875
 10
125.25146484375
 20
6.6376953125
 10
123.9921875
 20
6.24066162109375
 10
122.337890625
 20
5.89093017578125
 10
120.6591796875
 20
5.697509765625
 10
118.96630859375
 20
5.63330078125
 10
117.2685546875
 20
5.67010498046875
 10
115.05029296875
 20
5.82672119140625
 10
112.83935546875
 20
6.0660400390625
 10
104.7470703125
 20
7.0699462890625
 10
101.95703125
 20
7.33917236328125
 10
99.16015625
 20
7.5189208984375
 10
96.17822265625
 20
7.57818603515625
 10
94.81689453125
 20
7.546142578125
 10
94.42724609375
 20
6.7408447265625
 10
94.01708984375
 20
7.53558349609375
 10
92.654296875
 20
7.5328369140625
 10
89.6748046875
 20
7.39630126953125
 10
86.88330078125
 20
7.1444091796875
 10
84.10107421875
 20
6.8033447265625
 10
76.03759765625
 20
5.59063720703125
 10
73.8330078125
 20
5.2943115234375
 10
71.6201171875
 20
5.080322265625
 10
69.923828125
 20
5.0
 10
68.2294921875
 20
5.02020263671875
 10
66.54638671875
 20
5.1700439453125
 10
64.8837890625
 20
5.47705078125
 10
63.6142578125
 20
5.8411865234375
 10
62.38671875
 20
6.3193359375
 10
61.21240234375
 20
6.9132080078125
 10
60.10302734375
 20
7.6253662109375
 10
59.11181640625
 20
8.420166015625
 10
58.2099609375
 20
9.308837890625
 10
57.40087890625
 20
10.2822265625
 10
56.68701171875
 20
11.3304443359375
 10
56.07177734375
 20
12.44488525390625
 10
55.5478515625
 20
13.6409912109375
 10
55.13232421875
 20
14.8770751953125
 10
54.8232421875
 20
16.1448974609375
 10
54.6181640625
 20
17.4359130859375
 10
54.49658203125
 20
19.16748046875
 10
54.52197265625
 20
20.90399169921875
 10
54.662109375
 20
22.6376953125
 10
55.09521484375
 20
25.60565185546875
 10
56.33056640625
 20
31.743896484375
 10
56.94482421875
 20
34.94549560546875
 10
57.19873046875
 20
36.55615234375
 10
57.36376953125
 20
38.17449951171875
 10
57.3896484375
 20
39.7991943359375
 10
57.32373046875
 20
40.7186279296875
 10
57.1875
 20
41.62652587890625
 10
56.970703125
 20
42.51104736328125
 10
56.6630859375
 20
43.36083984375
 10
56.25390625
 20
44.163330078125
 10
55.7333984375
 20
44.9063720703125
 10
55.12353515625
 20
45.551513671875
 10
54.43505859375
 20
46.10064697265625
 10
53.6806640625
 20
46.5567626953125
 10
52.873046875
 20
46.922607421875
 10
52.0244140625
 20
47.2017822265625
 10
51.14794921875
 20
47.396484375
 10
49.75244140625
 20
47.5416259765625
 10
48.34765625
 20
47.52392578125
 10
46.94482421875
 20
47.3851318359375
 10
44.65625
 20
46.99609375
 10
38.2431640625
 20
45.5474853515625
 10
17.08251953125
 20
40.5411376953125
 10
12.21630859375
 20
39.4697265625
 10
5.0
 20
37.9798583984375
 10
5.0673828125
 20
40.0364990234375
 10
5.37939453125
 20
44.931884765625
 10
5.8427734375
 20
49.815185546875
 10
6.42626953125
 20
54.4359130859375
 10
7.11669921875
 20
59.04241943359375
 10
7.8701171875
 20
63.5802001953125
 10
8.69384765625
 20
68.10601806640625
 10
9.14697265625
 20
70.373046875
 10
19.6865234375
 20
71.16455078125
 10
23.6787109375
 20
71.5218505859375
 10
36.701171875
 20
72.79766845703125
 10
46.91259765625
 20
73.66546630859375
 10
53.345703125
 20
74.310546875
 10
63.79736328125
 20
75.4765625
 10
65.03564453125
 20
75.7012939453125
 10
66.24951171875
 20
76.0281982421875
 10
67.0205078125
 20
76.31951904296875
 10
67.75048828125
 20
76.69366455078125
 10
68.4169921875
 20
77.16973876953125
 10
68.89697265625
 20
77.64544677734375
 10
69.2939453125
 20
78.1890869140625
 10
69.59326171875
 20
78.79302978515625
 10
69.7822265625
 20
79.44097900390625
 10
69.86279296875
 20
80.1104736328125
 10
69.8466796875
 20
80.78802490234375
 10
69.69775390625
 20
81.6278076171875
 10
69.39306640625
 20
82.42242431640625
 10
68.91455078125
 20
83.1441650390625
 10
68.287109375
 20
83.74169921875
 10
67.6142578125
 20
84.15679931640625
 10
66.88037109375
 20
84.45556640625
 10
66.10986328125
 20
84.661376953125
 10
64.92724609375
 20
84.8428955078125
 10
63.73095703125
 20
84.915283203125
 10
62.529296875
 20
84.92266845703125
 10
51.033203125
 20
84.61505126953125
 10
35.46533203125
 20
83.98583984375
 10
14.7841796875
 20
83.236083984375
 10
15.8818359375
 20
87.36962890625
 10
17.20458984375
 20
91.9085693359375
 10
18.3037109375
 20
95.40826416015625
 10
19.4775390625
 20
98.88287353515625
 10
24.6025390625
 20
112.8929443359375
 10
30.6220703125
 20
112.36114501953125
 10
45.39208984375
 20
110.72027587890625
 10
54.15625
 20
109.60498046875
 10
57.18017578125
 20
109.2666015625
 10
62.20458984375
 20
108.80682373046875
 10
64.203125
 20
108.78167724609375
 10
65.431640625
 20
108.8968505859375
 10
66.6259765625
 20
109.187744140625
 10
67.3095703125
 20
109.47613525390625
 10
67.9423828125
 20
109.85345458984375
 10
68.50830078125
 20
110.32037353515625
 10
68.98974609375
 20
110.87823486328125
 10
69.41943359375
 20
111.62603759765625
 10
69.7001953125
 20
112.438232421875
 10
69.85205078125
 20
113.29254150390625
 10
69.89404296875
 20
114.16644287109375
 10
69.82373046875
 20
115.2186279296875
 10
69.6513671875
 20
116.26019287109375
 10
69.40869140625
 20
117.290283203125
 10
68.65478515625
 20
119.79559326171875
 10
66.94873046875
 20
124.95361328125
 10
66.13818359375
 20
127.64935302734375
 10
65.0263671875
 20
131.69354248046875
 10
64.07568359375
 20
135.7772216796875
 10
63.4169921875
 20
139.3287353515625
 10
62.8798828125
 20
142.90093994140625
 10
62.33154296875
 20
147.42578125
 10
61.9345703125
 20
151.9659423828125
 10
61.8271484375
 20
153.96142578125
 10
64.50390625
 20
154.958984375
 10
67.72900390625
 20
155.97344970703125
 10
71.00732421875
 20
156.80517578125
 10
73.82373046875
 20
157.36224365234375
 10
76.66064453125
 20
157.80584716796875
 10
79.5107421875
 20
158.16619873046875
 10
83.06298828125
 20
158.530517578125
 10
86.62353515625
 20
158.8045654296875
 10
90.4580078125
 20
158.98626708984375
 10
92.4833984375
 20
157.0125732421875
 10
94.45703125
 20
159.03802490234375
 10
98.29833984375
 20
158.95562744140625
 10
101.86474609375
 20
158.773681640625
 10
105.42578125
 20
158.5008544921875
 10
108.28369140625
 20
158.2147216796875
 10
111.13134765625
 20
157.844482421875
 10
113.96142578125
 20
157.360107421875
 10
117.259765625
 20
156.61334228515625
 10
120.51025390625
 20
155.6826171875
 10
123.21142578125
 20
154.7545166015625
 10
123.15576171875
 20
152.75714111328125
 10
122.87646484375
 20
148.2076416015625
 10
122.44482421875
 20
143.67010498046875
 10
122.00048828125
 20
140.08563232421875
 10
121.43359375
 20
136.5185546875
 10
120.5888671875
 20
132.41143798828125
 10
119.58203125
 20
128.3394775390625
 10
118.84130859375
 20
125.6240234375
 10
117.26904296875
 20
120.42340087890625
 10
116.580078125
 20
117.8997802734375
 10
116.3642578125
 20
116.8636474609375
 10
116.21875
 20
115.8179931640625
 10
116.17578125
 20
114.76434326171875
 10
116.23974609375
 20
113.89178466796875
 10
116.4140625
 20
113.0416259765625
 10
116.7158203125
 20
112.23724365234375
 10
117.16455078125
 20
111.50079345703125
 10
117.66064453125
 20
110.9556884765625
 10
118.23779296875
 20
110.5032958984375
 10
118.88037109375
 20
110.14239501953125
 10
119.5712890625
 20
109.87213134765625
 10
120.77294921875
 20
109.61181640625
 10
122.00341796875
 20
109.52880859375
 10
124.0009765625
 20
109.60565185546875
 10
129.01171875
 20
110.1947021484375
 10
132.0263671875
 20
110.61114501953125
 10
140.75830078125
 20
111.95220947265625
 10
155.4814453125
 20
113.974609375
 10
161.48486328125
 20
114.6614990234375
 10
166.40673828125
 20
102.2254638671875
 10
164.51806640625
 20
100.16485595703125
 10
167.2998046875
 20
99.89013671875
 10
167.4716796875
 20
99.4208984375
 10
165.55029296875
 20
97.39141845703125
 10
168.32666015625
 20
97.07171630859375
 10
169.42236328125
 20
93.875
 10
170.8623046875
 20
89.37158203125
 10
172.06640625
 20
85.2679443359375
 10
151.37255859375
 20
85.4835205078125
 10
135.79345703125
 20
85.710205078125
 10
124.29345703125
 20
85.72039794921875
 10
123.09228515625
 20
85.681884765625
 10
121.8984375
 20
85.5789794921875
 10
120.720703125
 20
85.36700439453125
 10
119.9560546875
 20
85.1412353515625
 10
119.22998046875
 20
84.82379150390625
 10
118.56787109375
 20
84.39129638671875
 10
117.9560546875
 20
83.7779541015625
 10
117.49658203125
 20
83.04376220703125
 10
117.21240234375
 20
82.2418212890625
 10
117.08544921875
 20
81.398193359375
 10
117.08642578125
 20
80.7203369140625
 10
117.1845703125
 20
80.05352783203125
 10
117.39013671875
 20
79.4105224609375
 10
117.705078125
 20
78.8143310546875
 10
118.1162109375
 20
78.2813720703125
 10
118.60791015625
 20
77.8182373046875
 10
119.28662109375
 20
77.35931396484375
 10
120.02587890625
 20
77.00445556640625
 10
120.80419921875
 20
76.73284912109375
 10
122.02587890625
 20
76.437255859375
 10
123.26953125
 20
76.24505615234375
 10
124.5244140625
 20
76.11358642578125
 10
133.748046875
 20
75.34918212890625
 10
140.19580078125
 20
74.87078857421875
 10
150.42626953125
 20
74.26702880859375
 10
163.47705078125
 20
73.32818603515625
 10
167.4775390625
 20
73.07373046875
 10
178.03369140625
 20
72.55523681640625
 10
178.54541015625
 20
70.3001708984375
 10
179.48583984375
 20
65.79779052734375
 10
180.35595703125
 20
61.28057861328125
 10
181.1650390625
 20
56.69342041015625
 10
181.8681640625
 20
52.0897216796875
 10
182.45703125
 20
47.2198486328125
 10
182.8955078125
 20
42.333740234375
 10
183.0166015625
 20
40.27984619140625
  0
TEXT
  5
8F
330
17
100
AcDbEntity
  8
ANNOTATION
100
AcDbText
 10
95.06319378091277
 20
72.03020318120504
 30
0.0
 40
12.5
  1
P01 0deg
100
AcDbText
  0
LWPOLYLINE
  5
90
330
17
100
AcDbEntity
  8
PIECES
100
AcDbPolyline
 90
263
 70
1
 10
363.9091796875
 20
37.58203125
 10
355.98486328125
 20
39.1708984375
 10
347.1650390625
 20
40.77392578125
 10
342.29931640625
 20
41.6982421875
 10
338.29443359375
 20
42.59130859375
 10
330.49267578125
 20
44.4794921875
 10
326.6708984375
 20
45.36181640625
 10
322.23876953125
 20
46.228515625
 10
320.20361328125
 20
46.50927734375
 10
319.18408203125
 20
46.54931640625
 10
318.166015625
 20
46.47705078125
 10
317.11181640625
 20
46.2509765625
 10
316.107421875
 20
45.87353515625
 10
315.1669921875
 20
45.35498046875
 10
314.3056640625
 20
44.7041015625
 10
313.50439453125
 20
43.890625
 10
312.83447265625
 20
42.96923828125
 10
312.30810546875
 20
41.9560546875
 10
311.96240234375
 20
40.97900390625
 10
311.73681640625
 20
39.9716796875
 10
311.6162109375
 20
38.94287109375
 10
311.58740234375
 20
37.90185546875
 10
311.6357421875
 20
36.85791015625
 10
311.91455078125
 20
34.76171875
 10
313.9169921875
 20
25.5166015625
 10
314.34814453125
 20
22.67578125
 10
314.48388671875
 20
21.044921875
 10
314.51513671875
 20
19.41064453125
 10
314.421875
 20
17.77880859375
 10
314.24072265625
 20
16.46728515625
 10
313.95849609375
 20
15.17626953125
 10
313.5703125
 20
13.9140625
 10
313.07177734375
 20
12.68896484375
 10
312.50244140625
 20
11.58642578125
 10
311.83837890625
 20
10.5439453125
 10
311.0810546875
 20
9.5703125
 10
310.23291015625
 20
8.67431640625
 10
309.2958984375
 20
7.865234375
 10
308.234375
 20
7.12744140625
 10
307.10546875
 20
6.5048828125
 10
305.9189453125
 20
5.9951171875
 10
304.6875
 20
5.59765625
 10
303.1201171875
 20
5.25634765625
 10
301.5283203125
 20
5.06494140625
 10
299.92236328125
 20
5.0
 10
298.3125
 20
5.0390625
 10
295.966796875
 20
5.23388671875
 10
293.63232421875
 20
5.5439453125
 10
288.43603515625
 20
6.39453125
 10
285.55712890625
 20
6.81103515625
 10
283.05029296875
 20
7.07666015625
 10
280.53466796875
 20
7.25
 10
277.779296875
 20
7.34375
 10
276.2431640625
 20
7.33935546875
 10
275.83984375
 20
6.54052734375
 10
275.44287109375
 20
7.34228515625
 10
273.90478515625
 20
7.35888671875
 10
271.14892578125
 20
7.287109375
 10
268.63232421875
 20
7.1337890625
 10
266.123046875
 20
6.8876953125
 10
263.2412109375
 20
6.49365234375
 10
258.03857421875
 20
5.68408203125
 10
255.70166015625
 20
5.392578125
 10
253.3544921875
 20
5.2158203125
 10
251.744140625
 20
5.18994140625
 10
250.138671875
 20
5.26708984375
 10
248.548828125
 20
5.47119140625
 10
246.98388671875
 20
5.8251953125
 10
245.75537109375
 20
6.232421875
 10
244.5732421875
 20
6.7509765625
 10
243.44921875
 20
7.3828125
 10
242.39404296875
 20
8.12890625
 10
241.462890625
 20
8.94482421875
 10
240.6220703125
 20
9.84765625
 10
239.8720703125
 20
10.82763671875
 10
239.21630859375
 20
11.87548828125
 10
238.65625
 20
12.982421875
 10
238.1669921875
 20
14.2109375
 10
237.7890625
 20
15.47607421875
 10
237.5166015625
 20
16.76953125
 10
237.345703125
 20
18.08251953125
 10
237.265625
 20
19.71533203125
 10
237.3095703125
 20
21.34912109375
 10
237.4580078125
 20
22.97900390625
 10
237.912109375
 20
25.81591796875
 10
239.9873046875
 20
35.044921875
 10
240.2822265625
 20
37.13916015625
 10
240.3388671875
 20
38.1826171875
 10
240.318359375
 20
39.2236328125
 10
240.2060546875
 20
40.25341796875
 10
239.98779296875
 20
41.2626953125
 10
239.650390625
 20
42.2421875
 10
239.1318359375
 20
43.259765625
 10
238.46923828125
 20
44.1865234375
 10
237.673828125
 20
45.00634765625
 10
236.81787109375
 20
45.66357421875
 10
235.8818359375
 20
46.18994140625
 10
234.88037109375
 20
46.5751953125
 10
233.82763671875
 20
46.8095703125
 10
232.810546875
 20
46.8896484375
 10
231.79052734375
 20
46.857421875
 10
229.75341796875
 20
46.5927734375
 10
225.314453125
 20
45.76123046875
 10
221.48583984375
 20
44.90869140625
 10
213.669921875
 20
43.08251953125
 10
209.65771484375
 20
42.22119140625
 10
204.78515625
 20
41.3349609375
 10
195.95263671875
 20
39.80126953125
 10
188.0166015625
 20
38.275390625
 10
188.3818359375
 20
42.810546875
 10
188.92626953125
 20
47.685546875
 10
189.58740234375
 20
52.29541015625
 10
190.3544921875
 20
56.8896484375
 10
191.18359375
 20
61.41455078125
 10
192.0830078125
 20
65.92578125
 10
193.07470703125
 20
70.48193359375
 10
202.572265625
 20
71.12939453125
 10
229.69970703125
 20
72.6708984375
 10
242.0693359375
 20
73.22314453125
 10
247.88037109375
 20
73.5908203125
 10
249.2802734375
 20
73.80078125
 10
249.9296875
 20
73.97412109375
 10
250.55322265625
 20
74.21337890625
 10
251.13427734375
 20
74.53173828125
 10
251.65380859375
 20
74.943359375
 10
252.212890625
 20
75.6328125
 10
252.59521484375
 20
76.43603515625
 10
252.802734375
 20
77.39013671875
 10
252.79052734375
 20
78.36767578125
 10
252.61181640625
 20
79.1748046875
 10
252.2490234375
 20
79.912109375
 10
251.69140625
 20
80.52001953125
 10
250.99755859375
 20
80.97509765625
 10
250.03955078125
 20
81.34521484375
 10
249.0302734375
 20
81.5634765625
 10
247.384765625
 20
81.7578125
 10
243.05419921875
 20
81.96533203125
 10
240.3779296875
 20
82.033203125
 10
237.29248046875
 20
82.05126953125
 10
218.4287109375
 20
81.88330078125
 10
208.84814453125
 20
81.6767578125
 10
205.51123046875
 20
81.671875
 10
198.44775390625
 20
81.81884765625
 10
199.67431640625
 20
86.17333984375
 10
201.06494140625
 20
90.69189453125
 10
202.21630859375
 20
94.17431640625
 10
203.4423828125
 20
97.6318359375
 10
208.27294921875
 20
110.23046875
 10
210.70263671875
 20
110.09423828125
 10
213.58984375
 20
109.84814453125
 10
216.6923828125
 20
109.48095703125
 10
224.12353515625
 20
108.48974609375
 10
228.462890625
 20
107.9521484375
 10
245.36181640625
 20
106.08837890625
 10
247.388671875
 20
105.9892578125
 10
248.6669921875
 20
106.03857421875
 10
249.923828125
 20
106.2529296875
 10
250.642578125
 20
106.48681640625
 10
251.318359375
 20
106.81201171875
 10
251.9306640625
 20
107.23486328125
 10
252.45947265625
 20
107.7626953125
 10
252.87353515625
 20
108.3779296875
 10
253.1669921875
 20
109.052734375
 10
253.3505859375
 20
109.7705078125
 10
253.43701171875
 20
110.51513671875
 10
253.43701171875
 20
111.2705078125
 10
253.30859375
 20
112.36181640625
 10
253.07470703125
 20
113.4375
 10
249.79931640625
 20
125.10791015625
 10
248.79931640625
 20
129.09326171875
 10
247.9814453125
 20
133.11865234375
 10
247.4765625
 20
136.4072265625
 10
247.0732421875
 20
139.71044921875
 10
246.57177734375
 20
144.64599609375
 10
246.20263671875
 20
149.5927734375
 10
246.14013671875
 20
150.91064453125
 10
249.1416015625
 20
151.8017578125
 10
251.94091796875
 20
152.50390625
 10
254.76904296875
 20
153.07958984375
 10
257.64013671875
 20
153.52587890625
 10
260.525390625
 20
153.87060546875
 10
266.98388671875
 20
154.47265625
 10
270.55517578125
 20
154.7041015625
 10
274.4228515625
 20
154.80029296875
 10
276.4150390625
 20
152.79248046875
 10
278.42236328125
 20
154.7841796875
 10
282.29052734375
 20
154.65771484375
 10
285.859375
 20
154.3984375
 10
292.31298828125
 20
153.74560546875
 10
295.19580078125
 20
153.37744140625
 10
298.06298828125
 20
152.90869140625
 10
300.88623046875
 20
152.31103515625
 10
303.68017578125
 20
151.5869140625
 10
306.6748046875
 20
150.671875
 10
306.6015625
 20
149.35498046875
 10
306.19384765625
 20
144.4111328125
 10
305.6533203125
 20
139.47998046875
 10
305.2236328125
 20
136.1796875
 10
304.693359375
 20
132.89501953125
 10
303.84375
 20
128.87646484375
 10
302.8125
 20
124.8994140625
 10
299.44482421875
 20
113.25439453125
 10
299.20263671875
 20
112.1806640625
 10
299.06591796875
 20
111.0908203125
 10
299.0595703125
 20
110.33544921875
 10
299.14013671875
 20
109.58984375
 10
299.318359375
 20
108.87060546875
 10
299.60595703125
 20
108.19384765625
 10
300.01513671875
 20
107.5751953125
 10
300.5400390625
 20
107.04345703125
 10
301.1494140625
 20
106.61572265625
 10
301.822265625
 20
106.28515625
 10
302.5390625
 20
106.04541015625
 10
303.79443359375
 20
105.8212890625
 10
305.07177734375
 20
105.76171875
 10
307.099609375
 20
105.8447265625
 10
324.0126953125
 20
107.57568359375
 10
328.3564453125
 20
108.0791015625
 10
335.79541015625
 20
109.01171875
 10
338.89990234375
 20
109.3544921875
 10
341.78955078125
 20
109.578125
 10
344.22021484375
 20
109.69482421875
 10
347.7236328125
 20
100.37060546875
 10
349.4326171875
 20
95.66650390625
 10
347.47314453125
 20
93.67333984375
 10
350.2431640625
 20
93.30126953125
 10
351.27392578125
 20
90.10009765625
 10
352.62890625
 20
85.5703125
 10
353.8212890625
 20
81.20654296875
 10
346.7568359375
 20
81.11572265625
 10
343.419921875
 20
81.146484375
 10
333.8408203125
 20
81.4287109375
 10
314.97900390625
 20
81.7451171875
 10
311.89404296875
 20
81.75146484375
 10
309.21728515625
 20
81.70458984375
 10
304.884765625
 20
81.53125
 10
303.23828125
 20
81.349609375
 10
302.22705078125
 20
81.1396484375
 10
301.26611328125
 20
80.77685546875
 10
300.56884765625
 20
80.3271484375
 10
300.00634765625
 20
79.7236328125
 10
299.63818359375
 20
78.98974609375
 10
299.45263671875
 20
78.18408203125
 10
299.43310546875
 20
77.2060546875
 10
299.63330078125
 20
76.25048828125
 10
300.0087890625
 20
75.4443359375
 10
300.5625
 20
74.75048828125
 10
301.0791015625
 20
74.3349609375
 10
301.6572265625
 20
74.01171875
 10
302.279296875
 20
73.76806640625
 10
302.92724609375
 20
73.58935546875
 10
304.3251953125
 20
73.3681640625
 10
310.13330078125
 20
72.955078125
 10
322.498046875
 20
72.30517578125
 10
349.61279296875
 20
70.5498046875
 10
359.10498046875
 20
69.828125
 10
360.060546875
 20
65.26416015625
 10
360.92431640625
 20
60.74609375
 10
361.71728515625
 20
56.21484375
 10
362.4482421875
 20
51.61474609375
 10
363.0732421875
 20
46.99951171875
 10
363.5791015625
 20
42.1201171875
 10
363.9091796875
 20
37.58203125
  0
TEXT
  5
91
330
17
100
AcDbEntity
  8
ANNOTATION
100
AcDbText
 10
276.9629778843869
 20
68.55785297350285
 30
0.0
 40
12.5
  1
P02 0deg
100
AcDbText
  0
LWPOLYLINE
  5
92
330
17
100
AcDbEntity
  8
PIECES
100
AcDbPolyline
 90
264
 70
1
 10
542.806640625
 20
37.22851562500006
 10
534.89111328125
 20
38.63525390625006
 10
526.701171875
 20
40.22900390625006
 10
521.97021484375
 20
41.23779296875006
 10
509.35400390625
 20
44.20605468750006
 10
504.18896484375
 20
45.31787109375006
 10
501.857421875
 20
45.71923828125006
 10
500.79248046875
 20
45.85742187500006
 10
499.72412109375
 20
45.94287109375006
 10
498.65673828125
 20
45.94970703125006
 10
497.59326171875
 20
45.85253906250006
 10
496.55224609375
 20
45.63037109375006
 10
495.55419921875
 20
45.27783203125006
 10
494.6162109375
 20
44.79296875000006
 10
493.7548828125
 20
44.17431640625006
 10
492.90087890625
 20
43.32226562500006
 10
492.205078125
 20
42.34033203125006
 10
491.677734375
 20
41.25390625000006
 10
491.35986328125
 20
40.23779296875006
 10
491.1728515625
 20
39.19531250000006
 10
491.0986328125
 20
38.13476562500006
 10
491.1201171875
 20
37.06298828125006
 10
491.21923828125
 20
35.98925781250006
 10
491.37890625
 20
34.92041015625006
 10
491.837890625
 20
32.72314453125006
 10
492.95947265625
 20
28.371582031250057
 10
493.39794921875
 20
26.4443359375
 10
493.74169921875
 20
24.49951171875
 10
493.9697265625
 20
22.5380859375
 10
494.0546875
 20
20.91748046875
 10
494.029296875
 20
19.296875
 10
493.87451171875
 20
17.68359375
 10
493.5634765625
 20
16.02978515625
 10
493.0908203125
 20
14.41796875
 10
492.4501953125
 20
12.86328125
 10
491.86083984375
 20
11.75439453125
 10
491.17919921875
 20
10.70458984375
 10
490.40771484375
 20
9.7216796875
 10
489.54736328125
 20
8.8154296875
 10
488.6005859375
 20
7.99365234375
 10
487.52001953125
 20
7.23388671875
 10
486.37060546875
 20
6.58837890625
 10
485.1630859375
 20
6.056640625
 10
483.90771484375
 20
5.63916015625
 10
482.28515625
 20
5.2724609375
 10
480.6357421875
 20
5.0673828125
 10
478.970703125
 20
5.0
 10
477.30126953125
 20
5.04931640625
 10
474.96728515625
 20
5.26904296875
 10
472.64794921875
 20
5.61376953125
 10
464.56884765625
 20
7.0625
 10
461.9287109375
 20
7.43310546875
 10
459.27392578125
 20
7.669921875
 10
456.99560546875
 20
7.73095703125
 10
456.22021484375
 20
7.708984375
 10
455.8193359375
 20
6.90966796875
 10
455.42041015625
 20
7.7099609375
 10
454.64501953125
 20
7.73388671875
 10
452.36669921875
 20
7.6787109375
 10
449.71142578125
 20
7.44873046875
 10
447.0703125
 20
7.0849609375
 10
438.98779296875
 20
5.65625
 10
436.6669921875
 20
5.31787109375
 10
434.3330078125
 20
5.103515625
 10
432.66357421875
 20
5.05908203125
 10
430.99853515625
 20
5.13037109375
 10
429.349609375
 20
5.33984375
 10
427.7275390625
 20
5.71044921875
 10
426.4736328125
 20
6.13134765625
 10
425.267578125
 20
6.66552734375
 10
424.11962890625
 20
7.314453125
 10
423.041015625
 20
8.0771484375
 10
422.09619140625
 20
8.90087890625
 10
421.23828125
 20
9.8095703125
 10
420.46923828125
 20
10.7939453125
 10
419.79052734375
 20
11.845703125
 10
419.20361328125
 20
12.95654296875
 10
418.5673828125
 20
14.51220703125
 10
418.0986328125
 20
16.12548828125
 10
417.79150390625
 20
17.77978515625
 10
417.64111328125
 20
19.39404296875
 10
417.61962890625
 20
21.0146484375
 10
417.70849609375
 20
22.634765625
 10
417.94189453125
 20
24.595703125
 10
418.29052734375
 20
26.53955078125
 10
418.73388671875
 20
28.465820312500057
 10
419.8662109375
 20
32.81445312500006
 10
420.3310546875
 20
35.01074218750006
 10
420.4931640625
 20
36.07910156250006
 10
420.59521484375
 20
37.15283203125006
 10
420.61962890625
 20
38.22412109375006
 10
420.5478515625
 20
39.28466796875006
 10
420.36328125
 20
40.32763671875006
 10
420.04833984375
 20
41.34472656250006
 10
419.52392578125
 20
42.43261718750006
 10
418.830078125
 20
43.41601562500006
 10
417.978515625
 20
44.27050781250006
 10
417.11865234375
 20
44.89111328125006
 10
416.181640625
 20
45.37841796875006
 10
415.1845703125
 20
45.73388671875006
 10
414.14453125
 20
45.95849609375006
 10
413.0810546875
 20
46.05810546875006
 10
412.013671875
 20
46.05419921875006
 10
410.9453125
 20
45.97167968750006
 10
409.8798828125
 20
45.83593750000006
 10
407.54736328125
 20
45.44042968750006
 10
405.22900390625
 20
44.96728515625006
 10
399.53564453125
 20
43.69189453125006
 10
389.755859375
 20
41.40527343750006
 10
385.0224609375
 20
40.40869140625006
 10
376.828125
 20
38.83593750000006
 10
368.9091796875
 20
37.44921875000006
 10
369.083984375
 20
40.46582031250006
 10
369.513671875
 20
45.42333984375006
 10
370.04296875
 20
50.03710937500006
 10
370.69287109375
 20
54.63525390625006
 10
371.4541015625
 20
59.17236328125006
 10
372.33203125
 20
63.68847656250006
 10
373.34765625
 20
68.26855468750006
 10
395.5791015625
 20
69.84423828125006
 10
409.22509765625
 20
70.65722656250006
 10
416.16845703125
 20
71.10986328125006
 10
425.69091796875
 20
71.89355468750006
 10
428.74609375
 20
72.19433593750006
 10
429.576171875
 20
72.34326171875006
 10
430.38134765625
 20
72.57275390625006
 10
431.13818359375
 20
72.92431640625006
 10
431.66015625
 20
73.29248046875006
 10
432.1064453125
 20
73.74414062500006
 10
432.4560546875
 20
74.27539062500006
 10
432.71826171875
 20
74.99023437500006
 10
432.81787109375
 20
75.74658203125006
 10
432.78515625
 20
76.51757812500006
 10
432.61962890625
 20
77.35839843750006
 10
432.30810546875
 20
78.15527343750006
 10
431.8447265625
 20
78.86474609375006
 10
431.22314453125
 20
79.43310546875006
 10
430.720703125
 20
79.70556640625006
 10
430.17919921875
 20
79.89013671875006
 10
429.0361328125
 20
80.08496093750006
 10
427.36376953125
 20
80.18603515625006
 10
416.94677734375
 20
80.15820312500006
 10
413.7880859375
 20
80.12548828125006
 10
402.2724609375
 20
79.81787109375006
 10
388.5537109375
 20
79.56347656250006
 10
383.5595703125
 20
79.55419921875006
 10
378.71875
 20
79.60888671875006
 10
382.70556640625
 20
91.55224609375006
 10
383.94189453125
 20
95.09521484375006
 10
385.150390625
 20
98.22900390625006
 10
389.18505859375
 20
108.12939453125006
 10
399.69384765625
 20
106.66162109375006
 10
417.66650390625
 20
104.03613281250006
 10
425.6396484375
 20
102.93066406250006
 10
427.6669921875
 20
102.78808593750006
 10
428.521484375
 20
102.79736328125006
 10
429.36962890625
 20
102.87597656250006
 10
430.203125
 20
103.05029296875006
 10
431.1328125
 20
103.40332031250006
 10
431.9697265625
 20
103.93505859375006
 10
432.5634765625
 20
104.52050781250006
 10
433.03662109375
 20
105.20507812500006
 10
433.38720703125
 20
105.96533203125006
 10
433.60400390625
 20
106.73730468750006
 10
433.7138671875
 20
107.52978515625006
 10
433.7314453125
 20
108.33398437500006
 10
433.671875
 20
109.13964843750006
 10
433.4873046875
 20
110.25244140625006
 10
433.21533203125
 20
111.34863281250006
 10
432.890625
 20
112.43212890625006
 10
431.55712890625
 20
116.45361328125006
 10
430.72021484375
 20
119.17187500000006
 10
429.97509765625
 20
121.91699218750006
 10
429.0595703125
 20
125.92382812500006
 10
428.30859375
 20
129.96533203125006
 10
427.80419921875
 20
133.22607421875006
 10
427.37060546875
 20
136.49707031250006
 10
426.994140625
 20
139.81445312500006
 10
426.67919921875
 20
143.13769531250006
 10
426.365234375
 20
147.61865234375006
 10
430.2470703125
 20
148.55761718750006
 10
434.63818359375
 20
149.41162109375006
 10
438.9541015625
 20
150.04833984375006
 10
443.29150390625
 20
150.52148437500006
 10
446.77001953125
 20
150.80371093750006
 10
450.25390625
 20
151.00146484375006
 10
454.00244140625
 20
151.11035156250006
 10
455.99951171875
 20
149.10791015625006
 10
458.001953125
 20
151.10546875000006
 10
461.75
 20
150.98681640625006
 10
465.23388671875
 20
150.78027343750006
 10
468.71142578125
 20
150.48925781250006
 10
473.0478515625
 20
150.00488281250006
 10
477.3623046875
 20
149.35742187500006
 10
481.7509765625
 20
148.49218750000006
 10
485.63037109375
 20
147.54345703125006
 10
485.3046875
 20
143.06298828125006
 10
484.98193359375
 20
139.74072265625006
 10
484.5966796875
 20
136.42480468750006
 10
484.1552734375
 20
133.15478515625006
 10
483.64208984375
 20
129.89501953125006
 10
482.88134765625
 20
125.85546875000006
 10
481.955078125
 20
121.85107421875006
 10
481.203125
 20
119.10791015625006
 10
480.359375
 20
116.39160156250006
 10
479.015625
 20
112.37353515625006
 10
478.68798828125
 20
111.29101562500006
 10
478.41357421875
 20
110.19531250000006
 10
478.22607421875
 20
109.08300781250006
 10
478.16455078125
 20
108.27734375000006
 10
478.1796875
 20
107.47363281250006
 10
478.28759765625
 20
106.68017578125006
 10
478.5029296875
 20
105.90820312500006
 10
478.85107421875
 20
105.14697265625006
 10
479.32275390625
 20
104.46142578125006
 10
479.9150390625
 20
103.87451171875006
 10
480.75048828125
 20
103.34033203125006
 10
481.6796875
 20
102.98486328125006
 10
482.51220703125
 20
102.80859375000006
 10
483.3603515625
 20
102.72802734375006
 10
484.21484375
 20
102.71630859375006
 10
486.24267578125
 20
102.85400390625006
 10
494.21875
 20
103.93896484375006
 10
512.197265625
 20
106.51904296875006
 10
522.7099609375
 20
107.95996093750006
 10
526.7197265625
 20
98.04980468750006
 10
527.92041015625
 20
94.91308593750006
 10
529.1474609375
 20
91.36669921875006
 10
533.10400390625
 20
79.41308593750006
 10
528.26318359375
 20
79.37060546875006
 10
523.26904296875
 20
79.39257812500006
 10
509.55078125
 20
79.68212890625006
 10
498.0361328125
 20
80.01904296875006
 10
494.8779296875
 20
80.05908203125006
 10
484.46044921875
 20
80.11328125000006
 10
482.7880859375
 20
80.01708984375006
 10
481.64453125
 20
79.82519531250006
 10
481.1025390625
 20
79.64160156250006
 10
480.599609375
 20
79.37011718750006
 10
479.97607421875
 20
78.80371093750006
 10
479.51123046875
 20
78.09521484375006
 10
479.19775390625
 20
77.29931640625006
 10
479.0302734375
 20
76.45849609375006
 10
478.99560546875
 20
75.68798828125006
 10
479.09326171875
 20
74.93164062500006
 10
479.353515625
 20
74.21582031250006
 10
479.70166015625
 20
73.68408203125006
 10
480.14697265625
 20
73.23095703125006
 10
480.66796875
 20
72.86132812500006
 10
481.423828125
 20
72.50781250000006
 10
482.228515625
 20
72.27685546875006
 10
483.05810546875
 20
72.12548828125006
 10
489.734375
 20
71.48681640625006
 10
495.6328125
 20
71.00927734375006
 10
502.5751953125
 20
70.53857421875006
 10
516.21923828125
 20
69.69140625000006
 10
538.4462890625
 20
68.05908203125006
 10
539.4501953125
 20
63.47656250000006
 10
540.31689453125
 20
58.95849609375006
 10
541.06640625
 20
54.41894531250006
 10
541.705078125
 20
49.81933593750006
 10
542.22216796875
 20
45.20410156250006
 10
542.6396484375
 20
40.24560546875006
 10
542.806640625
 20
37.22851562500006
  0
TEXT
  5
93
330
17
100
AcDbEntity
  8
ANNOTATION
100
AcDbText
 10
456.035576097893
 20
66.61934407552084
 30
0.0
 40
12.5
  1
P03 0deg
100
AcDbText
  0
LWPOLYLINE
  5
94
330
17
100
AcDbEntity
  8
PIECES
100
AcDbPolyline
 90
277
 70
1
 10
720.0458984375
 20
37.091796875
 10
715.61328125
 20
37.56103515625
 10
712.517578125
 20
37.9462890625
 10
708.5576171875
 20
38.50537109375
 10
700.41259765625
 20
39.814453125
 10
696.23046875
 20
40.56787109375
 10
692.447265625
 20
41.31982421875
 10
681.25927734375
 20
43.802734375
 10
679.40966796875
 20
44.14697265625
 10
677.54541015625
 20
44.3974609375
 10
676.4873046875
 20
44.4794921875
 10
675.42919921875
 20
44.49462890625
 10
674.37744140625
 20
44.42041015625
 10
673.33935546875
 20
44.23388671875
 10
672.3359375
 20
43.91650390625
 10
671.3916015625
 20
43.46142578125
 10
670.52685546875
 20
42.86669921875
 10
669.87353515625
 20
42.2568359375
 10
669.31005859375
 20
41.56689453125
 10
668.84130859375
 20
40.80859375
 10
668.47314453125
 20
39.9931640625
 10
668.181640625
 20
39.0263671875
 10
668.0146484375
 20
38.0361328125
 10
667.95361328125
 20
37.029296875
 10
667.98095703125
 20
36.01318359375
 10
668.07958984375
 20
34.99462890625
 10
668.2314453125
 20
33.98046875
 10
668.63427734375
 20
31.98828125
 10
670.28759765625
 20
25.416015625
 10
670.7978515625
 20
22.7568359375
 10
671.0126953125
 20
21.1181640625
 10
671.11962890625
 20
19.4716796875
 10
671.0849609375
 20
17.8232421875
 10
670.9384765625
 20
16.5361328125
 10
670.68310546875
 20
15.26904296875
 10
670.31494140625
 20
14.03076171875
 10
669.83203125
 20
12.83056640625
 10
669.2470703125
 20
11.703125
 10
668.5576171875
 20
10.64208984375
 10
667.76904296875
 20
9.6552734375
 10
666.88525390625
 20
8.7509765625
 10
665.9111328125
 20
7.93701171875
 10
664.81982421875
 20
7.20068359375
 10
663.6611328125
 20
6.58056640625
 10
662.44677734375
 20
6.0771484375
 10
661.18701171875
 20
5.6904296875
 10
659.8583984375
 20
5.41357421875
 10
658.513671875
 20
5.248046875
 10
657.15771484375
 20
5.17822265625
 10
655.796875
 20
5.18994140625
 10
654.43603515625
 20
5.26806640625
 10
652.17236328125
 20
5.50439453125
 10
644.767578125
 20
6.6279296875
 10
641.8564453125
 20
6.98681640625
 10
637.564453125
 20
7.3193359375
 10
634.0390625
 20
7.4814453125
 10
630.51513671875
 20
7.2919921875
 10
626.2255859375
 20
6.92626953125
 10
623.3173828125
 20
6.544921875
 10
615.921875
 20
5.36474609375
 10
613.65966796875
 20
5.1103515625
 10
612.29931640625
 20
5.0224609375
 10
610.9384765625
 20
5.0
 10
609.58251953125
 20
5.05908203125
 10
608.236328125
 20
5.21435546875
 10
606.90576171875
 20
5.48095703125
 10
605.64306640625
 20
5.85791015625
 10
604.4248046875
 20
6.35205078125
 10
603.26123046875
 20
6.96337890625
 10
602.1640625
 20
7.69091796875
 10
601.18408203125
 20
8.4970703125
 10
600.29345703125
 20
9.39453125
 10
599.4970703125
 20
10.37548828125
 10
598.7998046875
 20
11.43115234375
 10
598.20556640625
 20
12.5537109375
 10
597.71337890625
 20
13.75048828125
 10
597.3359375
 20
14.98583984375
 10
597.0703125
 20
16.2509765625
 10
596.91455078125
 20
17.53662109375
 10
596.86669921875
 20
19.18505859375
 10
596.96142578125
 20
20.83203125
 10
597.1630859375
 20
22.47265625
 10
597.65283203125
 20
25.1357421875
 10
599.25537109375
 20
31.720703125
 10
599.64306640625
 20
33.7158203125
 10
599.787109375
 20
34.73095703125
 10
599.87744140625
 20
35.75
 10
599.8974609375
 20
36.7666015625
 10
599.82861328125
 20
37.77294921875
 10
599.65380859375
 20
38.76171875
 10
599.35498046875
 20
39.7265625
 10
598.98046875
 20
40.5390625
 10
598.505859375
 20
41.2939453125
 10
597.9375
 20
41.97900390625
 10
597.279296875
 20
42.583984375
 10
596.40966796875
 20
43.171875
 10
595.4619140625
 20
43.61962890625
 10
594.4560546875
 20
43.92919921875
 10
593.4169921875
 20
44.10791015625
 10
592.36474609375
 20
44.173828125
 10
591.30615234375
 20
44.15087890625
 10
590.2490234375
 20
44.060546875
 10
588.38671875
 20
43.7958984375
 10
586.53955078125
 20
43.43701171875
 10
575.37109375
 20
40.86767578125
 10
571.59375
 20
40.0869140625
 10
567.41748046875
 20
39.30078125
 10
559.283203125
 20
37.92919921875
 10
555.32763671875
 20
37.33935546875
 10
552.23486328125
 20
36.9306640625
 10
547.806640625
 20
36.4267578125
 10
547.9951171875
 20
39.474609375
 10
548.4443359375
 20
44.43017578125
 10
548.9912109375
 20
49.0419921875
 10
549.6591796875
 20
53.63720703125
 10
550.4384765625
 20
58.171875
 10
551.333984375
 20
62.68408203125
 10
552.16796875
 20
66.38525390625
 10
559.822265625
 20
66.85595703125
 10
564.30224609375
 20
67.17431640625
 10
577.50439453125
 20
68.19873046875
 10
594.43994140625
 20
69.318359375
 10
600.06982421875
 20
69.6513671875
 10
605.501953125
 20
70.044921875
 10
607.19677734375
 20
70.22998046875
 10
608.0048828125
 20
70.39208984375
 10
608.783203125
 20
70.64404296875
 10
609.50341796875
 20
71.0244140625
 10
610.01220703125
 20
71.4375
 10
610.43408203125
 20
71.93505859375
 10
610.75390625
 20
72.505859375
 10
610.96630859375
 20
73.1650390625
 10
611.0556640625
 20
73.8515625
 10
611.0400390625
 20
74.548828125
 10
610.88623046875
 20
75.42041015625
 10
610.56591796875
 20
76.24267578125
 10
610.06689453125
 20
76.96630859375
 10
609.40380859375
 20
77.541015625
 10
608.6796875
 20
77.90234375
 10
607.89501953125
 20
78.1181640625
 10
607.0810546875
 20
78.23193359375
 10
605.44287109375
 20
78.291015625
 10
584.82568359375
 20
77.48486328125
 10
576.50537109375
 20
77.09033203125
 10
557.349609375
 20
76.58642578125
 10
558.326171875
 20
80.4013671875
 10
559.48095703125
 20
84.29345703125
 10
560.6826171875
 20
87.85498046875
 10
561.99169921875
 20
91.37890625
 10
563.2265625
 20
94.48095703125
 10
564.521484375
 20
97.55810546875
 10
566.04150390625
 20
100.98779296875
 10
567.7529296875
 20
104.63525390625
 10
577.7607421875
 20
103.5458984375
 10
586.68701171875
 20
102.42236328125
 10
598.61572265625
 20
100.82080078125
 10
603.6572265625
 20
100.27392578125
 10
605.68701171875
 20
100.1845703125
 10
606.962890625
 20
100.23388671875
 10
608.2177734375
 20
100.44482421875
 10
608.9453125
 20
100.681640625
 10
609.62841796875
 20
101.01171875
 10
610.24658203125
 20
101.44189453125
 10
610.77880859375
 20
101.9794921875
 10
611.24755859375
 20
102.70556640625
 10
611.55712890625
 20
103.51123046875
 10
611.71728515625
 20
104.3662109375
 10
611.7373046875
 20
105.26171875
 10
611.63427734375
 20
106.1494140625
 10
611.439453125
 20
107.029296875
 10
611.18505859375
 20
107.90185546875
 10
609.24560546875
 20
113.748046875
 10
608.4013671875
 20
116.4599609375
 10
607.62548828125
 20
119.19189453125
 10
606.6337890625
 20
123.24609375
 10
605.8427734375
 20
127.34375
 10
605.376953125
 20
130.60400390625
 10
605.0283203125
 20
133.8798828125
 10
604.6953125
 20
138.40478515625
 10
604.54052734375
 20
142.93896484375
 10
604.54541015625
 20
143.84619140625
 10
608.31103515625
 20
144.6611328125
 10
612.0654296875
 20
145.36181640625
 10
616.37646484375
 20
146.03173828125
 10
620.70703125
 20
146.56005859375
 10
624.18212890625
 20
146.88037109375
 10
627.66455078125
 20
147.11181640625
 10
631.447265625
 20
147.259765625
 10
633.4560546875
 20
145.26904296875
 10
635.44677734375
 20
147.27734375
 10
639.33544921875
 20
147.15673828125
 10
642.8193359375
 20
146.9521484375
 10
646.296875
 20
146.6591796875
 10
650.63134765625
 20
146.1640625
 10
654.94775390625
 20
145.52734375
 10
658.70703125
 20
144.85595703125
 10
662.47900390625
 20
144.06982421875
 10
662.49072265625
 20
143.16259765625
 10
662.37109375
 20
138.62744140625
 10
662.0732421875
 20
134.10009765625
 10
661.75
 20
130.82177734375
 10
661.3095703125
 20
127.5576171875
 10
660.5498046875
 20
123.45458984375
 10
659.58935546875
 20
119.392578125
 10
658.83447265625
 20
116.65478515625
 10
658.01123046875
 20
113.93603515625
 10
656.1171875
 20
108.0751953125
 10
655.869140625
 20
107.20068359375
 10
655.681640625
 20
106.3193359375
 10
655.58544921875
 20
105.43115234375
 10
655.6123046875
 20
104.53564453125
 10
655.77880859375
 20
103.68212890625
 10
656.0947265625
 20
102.87841796875
 10
656.56884765625
 20
102.15576171875
 10
657.10546875
 20
101.623046875
 10
657.72705078125
 20
101.197265625
 10
658.41259765625
 20
100.87255859375
 10
659.1416015625
 20
100.6416015625
 10
660.3984375
 20
100.4404296875
 10
661.6748046875
 20
100.40087890625
 10
663.70361328125
 20
100.50537109375
 10
668.74072265625
 20
101.091796875
 10
680.65673828125
 20
102.78466796875
 10
689.57421875
 20
103.9775390625
 10
699.5732421875
 20
105.14404296875
 10
701.31298828125
 20
101.509765625
 10
702.779296875
 20
98.26904296875
 10
700.97900390625
 20
96.130859375
 10
703.77001953125
 20
95.9736328125
 10
703.96728515625
 20
95.5146484375
 10
702.1318359375
 20
93.40673828125
 10
704.91943359375
 20
93.203125
 10
705.10791015625
 20
92.73974609375
 10
703.232421875
 20
90.66796875
 10
706.015625
 20
90.41064453125
 10
706.193359375
 20
89.943359375
 10
704.279296875
 20
87.90625
 10
707.05712890625
 20
87.59765625
 10
707.220703125
 20
87.125
 10
705.263671875
 20
85.12939453125
 10
708.0341796875
 20
84.76123046875
 10
709.1865234375
 20
80.98388671875
 10
710.19287109375
 20
77.17626953125
 10
691.033203125
 20
77.5322265625
 10
682.71044921875
 20
77.86279296875
 10
662.087890625
 20
78.509765625
 10
660.44970703125
 20
78.43798828125
 10
659.63720703125
 20
78.31787109375
 10
658.85400390625
 20
78.09619140625
 10
658.1328125
 20
77.72900390625
 10
657.47412109375
 20
77.1494140625
 10
656.98046875
 20
76.421875
 10
656.66650390625
 20
75.59716796875
 10
656.51953125
 20
74.724609375
 10
656.50927734375
 20
74.02685546875
 10
656.60400390625
 20
73.3408203125
 10
656.8212890625
 20
72.68359375
 10
657.14599609375
 20
72.115234375
 10
657.5712890625
 20
71.62109375
 10
658.0830078125
 20
71.2119140625
 10
658.806640625
 20
70.8369140625
 10
659.58642578125
 20
70.59130859375
 10
660.39599609375
 20
70.435546875
 10
662.09228515625
 20
70.26318359375
 10
667.52734375
 20
69.912109375
 10
673.15966796875
 20
69.6220703125
 10
690.10302734375
 20
68.63330078125
 10
703.31298828125
 20
67.71044921875
 10
707.794921875
 20
67.42724609375
 10
715.45263671875
 20
67.01513671875
 10
716.3154296875
 20
63.3212890625
 10
717.24560546875
 20
58.8154296875
 10
718.06005859375
 20
54.28759765625
 10
718.763671875
 20
49.697265625
 10
719.34619140625
 20
45.08984375
 10
719.83349609375
 20
40.1376953125
 10
720.0458984375
 20
37.091796875
  0
TEXT
  5
95
330
17
100
AcDbEntity
  8
ANNOTATION
100
AcDbText
 10
636.6715682818141
 20
66.6731300767148
 30
0.0
 40
12.5
  1
P04 0deg
100
AcDbText
  0
LWPOLYLINE
  5
96
330
17
100
AcDbEntity
  8
PIECES
100
AcDbPolyline
 90
289
 70
1
 10
892.76611328125
 20
35.11474609375
 10
883.22802734375
 20
36.3349609375
 10
878.51953125
 20
37.01220703125
 10
873.82275390625
 20
37.7666015625
 10
869.8408203125
 20
38.4931640625
 10
865.8701171875
 20
39.27978515625
 10
861.8984375
 20
40.11181640625
 10
853.57421875
 20
41.96435546875
 10
852.19140625
 20
42.22314453125
 10
850.7998046875
 20
42.40576171875
 10
849.39892578125
 20
42.4677734375
 10
848.51513671875
 20
42.423828125
 10
847.64306640625
 20
42.30078125
 10
846.79541015625
 20
42.08740234375
 10
845.984375
 20
41.771484375
 10
845.22265625
 20
41.341796875
 10
844.45849609375
 20
40.73095703125
 10
843.80712890625
 20
40.005859375
 10
843.27294921875
 20
39.18701171875
 10
842.861328125
 20
38.29443359375
 10
842.56689453125
 20
37.30517578125
 10
842.40673828125
 20
36.2919921875
 10
842.361328125
 20
35.2626953125
 10
842.41064453125
 20
34.224609375
 10
842.53515625
 20
33.18408203125
 10
842.71484375
 20
32.1494140625
 10
843.21875
 20
29.92333984375
 10
844.23486328125
 20
25.84423828125
 10
844.61572265625
 20
23.96337890625
 10
844.90234375
 20
22.06591796875
 10
845.04931640625
 20
20.5224609375
 10
845.10546875
 20
18.97509765625
 10
845.0556640625
 20
17.42724609375
 10
844.92822265625
 20
16.18896484375
 10
844.712890625
 20
14.9658203125
 10
844.3984375
 20
13.76611328125
 10
843.97509765625
 20
12.59912109375
 10
843.4296875
 20
11.46533203125
 10
842.77294921875
 20
10.39892578125
 10
842.01025390625
 20
9.4072265625
 10
841.14697265625
 20
8.50048828125
 10
840.18896484375
 20
7.6865234375
 10
839.08251953125
 20
6.9375
 10
837.9033203125
 20
6.314453125
 10
836.6650390625
 20
5.81640625
 10
835.3798828125
 20
5.44091796875
 10
833.7861328125
 20
5.1455078125
 10
832.1728515625
 20
5.005859375
 10
830.54931640625
 20
5.0
 10
828.92578125
 20
5.10595703125
 10
826.67822265625
 20
5.396484375
 10
819.2734375
 20
6.705078125
 10
814.35986328125
 20
7.46240234375
 10
812.384765625
 20
7.69677734375
 10
810.18701171875
 20
7.81494140625
 10
809.1298828125
 20
7.80517578125
 10
808.724609375
 20
7.0078125
 10
808.330078125
 20
7.81005859375
 10
807.2724609375
 20
7.83349609375
 10
805.0732421875
 20
7.7431640625
 10
803.09521484375
 20
7.53369140625
 10
798.17236328125
 20
6.8388671875
 10
790.751953125
 20
5.62451171875
 10
788.50048828125
 20
5.3623046875
 10
786.8759765625
 20
5.27685546875
 10
785.25244140625
 20
5.30322265625
 10
783.64111328125
 20
5.46337890625
 10
782.05126953125
 20
5.779296875
 10
780.771484375
 20
6.1708984375
 10
779.5390625
 20
6.6845703125
 10
778.3681640625
 20
7.322265625
 10
777.27099609375
 20
8.0849609375
 10
776.3232421875
 20
8.9111328125
 10
775.4716796875
 20
9.8291015625
 10
774.7216796875
 20
10.830078125
 10
774.07861328125
 20
11.9052734375
 10
773.54736328125
 20
13.04541015625
 10
773.13916015625
 20
14.2177734375
 10
772.83984375
 20
15.42138671875
 10
772.64013671875
 20
16.64697265625
 10
772.5283203125
 20
17.88671875
 10
772.498046875
 20
19.43505859375
 10
772.57421875
 20
20.98193359375
 10
772.740234375
 20
22.5234375
 10
773.05078125
 20
24.4169921875
 10
773.45556640625
 20
26.29296875
 10
774.5234375
 20
30.35888671875
 10
775.05517578125
 20
32.578125
 10
775.24853515625
 20
33.61083984375
 10
775.38623046875
 20
34.6494140625
 10
775.44873046875
 20
35.68701171875
 10
775.416015625
 20
36.716796875
 10
775.2685546875
 20
37.7314453125
 10
774.98681640625
 20
38.724609375
 10
774.5869140625
 20
39.62255859375
 10
774.06298828125
 20
40.44775390625
 10
773.4208984375
 20
41.18115234375
 10
772.66455078125
 20
41.8017578125
 10
771.908203125
 20
42.2412109375
 10
771.1015625
 20
42.56689453125
 10
770.25634765625
 20
42.79150390625
 10
769.38623046875
 20
42.92529296875
 10
768.5029296875
 20
42.98046875
 10
767.1015625
 20
42.9365234375
 10
765.70751953125
 20
42.771484375
 10
764.32177734375
 20
42.5302734375
 10
755.974609375
 20
40.783203125
 10
751.9921875
 20
40.001953125
 10
748.01220703125
 20
39.265625
 10
744.021484375
 20
38.58935546875
 10
739.3154296875
 20
37.89453125
 10
734.5986328125
 20
37.27734375
 10
725.0458984375
 20
36.177734375
 10
725.63525390625
 20
41.60595703125
 10
726.05517578125
 20
44.93310546875
 10
726.7041015625
 20
49.53173828125
 10
727.455078125
 20
54.1142578125
 10
728.3212890625
 20
58.6328125
 10
729.30908203125
 20
63.1259765625
 10
729.90576171875
 20
65.541015625
 10
740.41845703125
 20
66.212890625
 10
750.12939453125
 20
66.7275390625
 10
763.77783203125
 20
67.384765625
 10
775.1689453125
 20
67.84375
 10
779.9365234375
 20
67.99169921875
 10
781.67431640625
 20
68.0986328125
 10
783.39990234375
 20
68.31591796875
 10
784.6220703125
 20
68.60400390625
 10
785.19384765625
 20
68.84130859375
 10
785.7158203125
 20
69.1728515625
 10
786.19921875
 20
69.650390625
 10
786.5703125
 20
70.21875
 10
786.82763671875
 20
70.85205078125
 10
786.9951171875
 20
71.8310546875
 10
786.9326171875
 20
72.8251953125
 10
786.802734375
 20
73.3818359375
 10
786.59228515625
 20
73.9072265625
 10
786.283203125
 20
74.38037109375
 10
785.703125
 20
74.89501953125
 10
785.0068359375
 20
75.251953125
 10
784.13037109375
 20
75.505859375
 10
783.224609375
 20
75.6396484375
 10
781.62890625
 20
75.736328125
 10
774.564453125
 20
75.81201171875
 10
771.416015625
 20
75.78955078125
 10
764.6337890625
 20
75.650390625
 10
752.60498046875
 20
75.2744140625
 10
748.400390625
 20
75.17431640625
 10
744.19482421875
 20
75.12744140625
 10
740.83984375
 20
75.14013671875
 10
734.10986328125
 20
75.29736328125
 10
735.29833984375
 20
79.53076171875
 10
736.72509765625
 20
83.998046875
 10
738.30908203125
 20
88.4130859375
 10
740.0771484375
 20
92.83740234375
 10
742.0029296875
 20
97.1943359375
 10
744.083984375
 20
101.47998046875
 10
744.63818359375
 20
102.52392578125
 10
749.3876953125
 20
102.05859375
 10
758.689453125
 20
101.021484375
 10
763.08154296875
 20
100.44580078125
 10
780.05908203125
 20
97.8203125
 10
782.0400390625
 20
97.626953125
 10
782.8935546875
 20
97.61083984375
 10
783.7412109375
 20
97.669921875
 10
784.572265625
 20
97.83837890625
 10
785.259765625
 20
98.09228515625
 10
785.89599609375
 20
98.4443359375
 10
786.46875
 20
98.8916015625
 10
786.96337890625
 20
99.42919921875
 10
787.4248046875
 20
100.162109375
 10
787.744140625
 20
100.9658203125
 10
787.92626953125
 20
101.81640625
 10
787.9794921875
 20
102.68896484375
 10
787.9208984375
 20
103.55859375
 10
787.7763671875
 20
104.42431640625
 10
787.32861328125
 20
106.13671875
 10
785.71728515625
 20
111.1318359375
 10
784.890625
 20
113.84912109375
 10
784.14501953125
 20
116.58984375
 10
783.19384765625
 20
120.65380859375
 10
782.43408203125
 20
124.7568359375
 10
781.9892578125
 20
128.0205078125
 10
781.67724609375
 20
131.2998046875
 10
781.47705078125
 20
135.03759765625
 10
781.44287109375
 20
138.78076171875
 10
781.49267578125
 20
140.19677734375
 10
784.494140625
 20
141.005859375
 10
788.107421875
 20
141.7783203125
 10
790.77294921875
 20
142.21044921875
 10
793.45263671875
 20
142.54443359375
 10
796.1416015625
 20
142.802734375
 10
798.8359375
 20
143.0068359375
 10
802.39794921875
 20
143.21826171875
 10
805.96240234375
 20
143.35498046875
 10
807.5869140625
 20
143.37548828125
 10
809.57373046875
 20
141.36328125
 10
811.5859375
 20
143.35009765625
 10
813.21484375
 20
143.30859375
 10
816.77734375
 20
143.126953125
 10
820.33642578125
 20
142.87060546875
 10
823.02783203125
 20
142.63232421875
 10
825.71337890625
 20
142.33984375
 10
828.38818359375
 20
141.9716796875
 10
831.04833984375
 20
141.50634765625
 10
834.6513671875
 20
140.68798828125
 10
837.64306640625
 20
139.8408203125
 10
837.6748046875
 20
138.42431640625
 10
837.5927734375
 20
134.68212890625
 10
837.34521484375
 20
130.947265625
 10
836.99169921875
 20
127.671875
 10
836.50537109375
 20
124.4140625
 10
835.69384765625
 20
120.32080078125
 10
834.69091796875
 20
116.26953125
 10
833.91064453125
 20
113.53857421875
 10
833.0498046875
 20
110.83154296875
 10
831.37548828125
 20
105.857421875
 10
830.90576171875
 20
104.15087890625
 10
830.75048828125
 20
103.287109375
 10
830.6806640625
 20
102.41845703125
 10
830.72314453125
 20
101.54541015625
 10
830.89453125
 20
100.6923828125
 10
831.203125
 20
99.884765625
 10
831.65576171875
 20
99.14599609375
 10
832.1435546875
 20
98.60205078125
 10
832.7099609375
 20
98.14794921875
 10
833.34228515625
 20
97.78759765625
 10
834.0263671875
 20
97.52490234375
 10
834.85546875
 20
97.345703125
 10
835.7021484375
 20
97.27587890625
 10
836.5556640625
 20
97.28125
 10
838.5390625
 20
97.44970703125
 10
855.54833984375
 20
99.85986328125
 10
859.947265625
 20
100.37939453125
 10
869.26171875
 20
101.298828125
 10
874.01611328125
 20
101.7041015625
 10
874.55712890625
 20
100.65283203125
 10
876.583984375
 20
96.34130859375
 10
877.5009765625
 20
94.193359375
 10
875.6904296875
 20
92.06396484375
 10
878.47998046875
 20
91.89306640625
 10
878.65966796875
 20
91.4267578125
 10
876.77587890625
 20
89.36181640625
 10
879.55810546875
 20
89.09375
 10
879.73779296875
 20
88.626953125
 10
877.8154296875
 20
86.59765625
 10
880.59228515625
 20
86.27783203125
 10
880.7548828125
 20
85.80517578125
 10
878.79833984375
 20
83.80908203125
 10
881.5693359375
 20
83.44140625
 10
883.06396484375
 20
78.59423828125
 10
884.19873046875
 20
74.345703125
 10
877.46728515625
 20
74.27392578125
 10
874.1123046875
 20
74.30419921875
 10
869.90771484375
 20
74.40380859375
 10
853.681640625
 20
75.0859375
 10
846.90185546875
 20
75.31103515625
 10
843.75439453125
 20
75.37353515625
 10
836.689453125
 20
75.38720703125
 10
835.09228515625
 20
75.310546875
 10
834.18505859375
 20
75.1884765625
 10
833.30517578125
 20
74.94580078125
 10
832.60498046875
 20
74.59814453125
 10
832.01806640625
 20
74.09033203125
 10
831.703125
 20
73.62109375
 10
831.48583984375
 20
73.09814453125
 10
831.34912109375
 20
72.54345703125
 10
831.27392578125
 20
71.55029296875
 10
831.4287109375
 20
70.5693359375
 10
831.67822265625
 20
69.9326171875
 10
832.0419921875
 20
69.35986328125
 10
832.51904296875
 20
68.8759765625
 10
833.037109375
 20
68.5380859375
 10
833.60595703125
 20
68.29345703125
 10
834.82421875
 20
67.98974609375
 10
836.546875
 20
67.7509765625
 10
838.283203125
 20
67.6220703125
 10
843.04833984375
 20
67.41357421875
 10
854.4326171875
 20
66.81005859375
 10
868.072265625
 20
65.97998046875
 10
877.77587890625
 20
65.34228515625
 10
888.279296875
 20
64.537109375
 10
888.84521484375
 20
62.11474609375
 10
889.77587890625
 20
57.609375
 10
890.5849609375
 20
53.080078125
 10
891.27734375
 20
48.48828125
 10
891.86767578125
 20
43.88232421875
 10
892.24560546875
 20
40.5498046875
 10
892.76611328125
 20
35.11474609375
  0
TEXT
  5
97
330
17
100
AcDbEntity
  8
ANNOTATION
100
AcDbText
 10
811.3458382893599
 20
65.87414677497837
 30
0.0
 40
12.5
  1
P05 0deg
100
AcDbText
  0
LWPOLYLINE
  5
98
330
17
100
AcDbEntity
  8
PIECES
100
AcDbPolyline
 90
266
 70
1
 10
976.94580078125
 20
139.81005859375
 10
978.91064453125
 20
141.8438720703125
 10
980.94384765625
 20
139.8795776367187
 10
987.71533203125
 20
139.6798095703125
 10
990.88134765625
 20
139.5110473632813
 10
994.04052734375
 20
139.2633056640625
 10
997.18701171875
 20
138.909912109375
 10
1000.31689453125
 20
138.423583984375
 10
1003.93310546875
 20
137.6682739257813
 10
1006.85791015625
 20
136.9066162109375
 10
1006.90380859375
 20
132.6654663085937
 10
1006.75927734375
 20
128.9249877929687
 10
1006.49560546875
 20
125.641357421875
 10
1006.09912109375
 20
122.3712158203125
 10
1005.39990234375
 20
118.2574462890625
 10
1004.50927734375
 20
114.1802978515625
 10
1003.80517578125
 20
111.42840576171875
 10
1003.01806640625
 20
108.69915771484375
 10
1001.46728515625
 20
103.6844482421875
 10
1001.04248046875
 20
101.9697265625
 10
1000.90576171875
 20
101.10345458984375
 10
1000.85009765625
 20
100.2332763671875
 10
1000.89794921875
 20
99.36065673828125
 10
1001.06884765625
 20
98.50091552734375
 10
1001.37451171875
 20
97.68572998046875
 10
1001.82763671875
 20
96.94061279296875
 10
1002.32666015625
 20
96.38848876953125
 10
1002.90966796875
 20
95.93109130859375
 10
1003.55908203125
 20
95.571044921875
 10
1004.26025390625
 20
95.3095703125
 10
1005.10791015625
 20
95.1302490234375
 10
1005.97314453125
 20
95.0604248046875
 10
1006.84423828125
 20
95.0689697265625
 10
1008.79150390625
 20
95.25341796875
 10
1017.01904296875
 20
96.60296630859375
 10
1025.74853515625
 20
98.1756591796875
 10
1030.12548828125
 20
98.8748779296875
 10
1034.51416015625
 20
99.5025634765625
 10
1039.41748046875
 20
100.143798828125
 10
1043.79345703125
 20
100.6549072265625
 10
1045.99072265625
 20
96.4468994140625
 10
1048.04150390625
 20
92.14776611328125
 10
1049.93798828125
 20
87.7764892578125
 10
1051.64892578125
 20
83.40966796875
 10
1053.20556640625
 20
78.9854736328125
 10
1054.59912109375
 20
74.52130126953125
 10
1048.52685546875
 20
74.2362060546875
 10
1045.18603515625
 20
74.1380615234375
 10
1040.71240234375
 20
74.071533203125
 10
1032.18212890625
 20
74.0740966796875
 10
1014.61669921875
 20
74.1746826171875
 10
1007.46533203125
 20
74.0928955078125
 10
1005.89404296875
 20
74.012451171875
 10
1004.92529296875
 20
73.8797607421875
 10
1003.99658203125
 20
73.59478759765625
 10
1003.30224609375
 20
73.194091796875
 10
1002.72802734375
 20
72.6390380859375
 10
1002.31103515625
 20
71.939697265625
 10
1002.06982421875
 20
71.158447265625
 10
1001.99755859375
 20
70.31854248046875
 10
1002.12646484375
 20
69.48846435546875
 10
1002.49560546875
 20
68.6920166015625
 10
1003.07861328125
 20
68.0367431640625
 10
1003.64599609375
 20
67.6607666015625
 10
1004.27490234375
 20
67.3978271484375
 10
1005.16650390625
 20
67.18707275390625
 10
1006.07861328125
 20
67.07568359375
 10
1012.71337890625
 20
66.634521484375
 10
1015.60693359375
 20
66.495849609375
 10
1025.59521484375
 20
66.1619873046875
 10
1035.27783203125
 20
65.64947509765625
 10
1048.69677734375
 20
65.082763671875
 10
1053.28759765625
 20
64.7733154296875
 10
1059.12060546875
 20
64.2384033203125
 10
1060.31982421875
 20
59.03857421875
 10
1061.02001953125
 20
55.5113525390625
 10
1058.78466796875
 20
53.834228515625
 10
1061.46728515625
 20
53.0518798828125
 10
1061.55126953125
 20
52.55902099609375
 10
1059.29736328125
 20
50.9061279296875
 10
1061.97216796875
 20
50.094482421875
 10
1062.04833984375
 20
49.6005859375
 10
1059.75830078125
 20
47.998046875
 10
1062.41455078125
 20
47.1273193359375
 10
1063.11865234375
 20
42.0302734375
 10
1063.79541015625
 20
36.129638671875
 10
1058.87158203125
 20
36.6405029296875
 10
1054.30517578125
 20
37.24847412109375
 10
1051.00634765625
 20
37.7757568359375
 10
1044.43115234375
 20
38.96160888671875
 10
1037.80908203125
 20
40.21588134765625
 10
1028.96240234375
 20
42.098388671875
 10
1023.42529296875
 20
42.950927734375
 10
1022.37158203125
 20
43.07763671875
 10
1021.32080078125
 20
43.1197509765625
 10
1020.27294921875
 20
43.0269775390625
 10
1019.31298828125
 20
42.782470703125
 10
1018.40673828125
 20
42.392822265625
 10
1017.56298828125
 20
41.8741455078125
 10
1016.79541015625
 20
41.2418212890625
 10
1016.05419921875
 20
40.4342041015625
 10
1015.44873046875
 20
39.52587890625
 10
1015.00341796875
 20
38.5274658203125
 10
1014.77099609375
 20
37.6678466796875
 10
1014.64794921875
 20
36.78851318359375
 10
1014.61474609375
 20
35.89666748046875
 10
1014.65380859375
 20
34.99957275390625
 10
1014.74755859375
 20
34.1036376953125
 10
1015.12548828125
 20
31.906982421875
 10
1016.10205078125
 20
27.6058349609375
 10
1016.53857421875
 20
25.4716796875
 10
1016.88916015625
 20
23.3223876953125
 10
1017.06396484375
 20
21.801025390625
 10
1017.15771484375
 20
20.2744140625
 10
1017.14892578125
 20
18.7451171875
 10
1017.00244140625
 20
17.12310791015625
 10
1016.69580078125
 20
15.52783203125
 10
1016.21240234375
 20
13.97601318359375
 10
1015.71337890625
 20
12.833251953125
 10
1015.10791015625
 20
11.7486572265625
 10
1014.39990234375
 20
10.7303466796875
 10
1013.59521484375
 20
9.785400390625
 10
1012.69580078125
 20
8.9229736328125
 10
1011.66259765625
 20
8.11859130859375
 10
1010.55419921875
 20
7.428466796875
 10
1009.37939453125
 20
6.858154296875
 10
1008.14892578125
 20
6.4124755859375
 10
1006.79833984375
 20
6.0787353515625
 10
1005.42431640625
 20
5.8782958984375
 10
1004.03466796875
 20
5.79400634765625
 10
1002.63818359375
 20
5.80877685546875
 10
1001.24169921875
 20
5.905029296875
 10
999.02587890625
 20
6.1839599609375
 10
994.62255859375
 20
6.956298828125
 10
991.66064453125
 20
7.4320068359375
 10
988.68408203125
 20
7.801025390625
 10
983.94677734375
 20
8.113037109375
 10
978.54443359375
 20
8.0185546875
 10
973.82080078125
 20
7.5416259765625
 10
970.85888671875
 20
7.0689697265625
 10
967.91455078125
 20
6.489990234375
 10
963.54150390625
 20
5.564697265625
 10
961.33642578125
 20
5.20843505859375
 10
959.94482421875
 20
5.06329345703125
 10
958.54931640625
 20
5.0
 10
957.15771484375
 20
5.035888671875
 10
955.77685546875
 20
5.188232421875
 10
954.41552734375
 20
5.4744873046875
 10
953.17041015625
 20
5.8770751953125
 10
951.97607421875
 20
6.40606689453125
 10
950.84521484375
 20
7.0567626953125
 10
949.78466796875
 20
7.8245849609375
 10
948.85595703125
 20
8.6556396484375
 10
948.01806640625
 20
9.5714111328125
 10
947.27490234375
 20
10.5645751953125
 10
946.63232421875
 20
11.627685546875
 10
946.09326171875
 20
12.752197265625
 10
945.55615234375
 20
14.285888671875
 10
945.19482421875
 20
15.8697509765625
 10
944.99169921875
 20
17.4857177734375
 10
944.92919921875
 20
19.013671875
 10
944.96923828125
 20
20.5428466796875
 10
945.09130859375
 20
22.06903076171875
 10
945.36572265625
 20
24.2293701171875
 10
945.72802734375
 20
26.3773193359375
 10
946.55419921875
 20
30.7099609375
 10
946.85498046875
 20
32.9188232421875
 10
946.91748046875
 20
33.817138671875
 10
946.92529296875
 20
34.71533203125
 10
946.86083984375
 20
35.60546875
 10
946.70654296875
 20
36.4798583984375
 10
946.44482421875
 20
37.3310546875
 10
945.96533203125
 20
38.31298828125
 10
945.32861328125
 20
39.19970703125
 10
944.56005859375
 20
39.9808349609375
 10
943.76904296875
 20
40.58599853515625
 10
942.90966796875
 20
41.0750732421875
 10
941.98974609375
 20
41.43280029296875
 10
941.02099609375
 20
41.6435546875
 10
939.97119140625
 20
41.69989013671875
 10
938.92236328125
 20
41.6209716796875
 10
934.59619140625
 20
40.85174560546875
 10
932.36962890625
 20
40.4124755859375
 10
923.59423828125
 20
38.22216796875
 10
917.02001953125
 20
36.737548828125
 10
910.48974609375
 20
35.322998046875
 10
907.21240234375
 20
34.6810302734375
 10
902.66845703125
 20
33.9140625
 10
897.76611328125
 20
33.2315673828125
 10
898.23583984375
 20
39.15216064453125
 10
898.56201171875
 20
42.490234375
 10
899.08154296875
 20
47.104736328125
 10
899.70166015625
 20
51.7069091796875
 10
900.44091796875
 20
56.2479248046875
 10
901.45751953125
 20
61.4862060546875
 10
907.26806640625
 20
62.2244873046875
 10
911.84521484375
 20
62.69384765625
 10
925.23681640625
 20
63.728515625
 10
934.89501953125
 20
64.57861328125
 10
944.86572265625
 20
65.2611083984375
 10
947.75244140625
 20
65.5006103515625
 10
954.36767578125
 20
66.1732177734375
 10
955.27587890625
 20
66.316162109375
 10
956.15869140625
 20
66.55810546875
 10
956.77880859375
 20
66.8428955078125
 10
957.33251953125
 20
67.238037109375
 10
957.89306640625
 20
67.9132080078125
 10
958.23388671875
 20
68.7220458984375
 10
958.33349609375
 20
69.556396484375
 10
958.23193359375
 20
70.393310546875
 10
957.96337890625
 20
71.165771484375
 10
957.52294921875
 20
71.85009765625
 10
956.92919921875
 20
72.38458251953125
 10
956.22216796875
 20
72.7608642578125
 10
955.28271484375
 20
73.01324462890625
 10
954.31005859375
 20
73.112060546875
 10
952.73779296875
 20
73.137451171875
 10
945.58642578125
 20
72.969970703125
 10
928.03564453125
 20
72.25634765625
 10
919.51123046875
 20
71.9559326171875
 10
915.03759765625
 20
71.86669921875
 10
911.69580078125
 20
71.847900390625
 10
905.61669921875
 20
71.920654296875
 10
906.85498046875
 20
76.4312744140625
 10
908.25537109375
 20
80.90673828125
 10
909.81298828125
 20
85.33062744140625
 10
911.55517578125
 20
89.76531982421875
 10
913.45556640625
 20
94.1334228515625
 10
915.50341796875
 20
98.41552734375
 10
919.89501953125
 20
98.05731201171875
 10
924.81884765625
 20
97.58795166015625
 10
929.22607421875
 20
97.1136474609375
 10
933.62451171875
 20
96.5677490234375
 10
942.40380859375
 20
95.30078125
 10
950.67333984375
 20
94.239013671875
 10
952.62548828125
 20
94.122802734375
 10
953.49658203125
 20
94.1444091796875
 10
954.35888671875
 20
94.2442626953125
 10
955.19970703125
 20
94.453125
 10
955.89111328125
 20
94.739013671875
 10
956.52880859375
 20
95.12152099609375
 10
957.09423828125
 20
95.598876953125
 10
957.57470703125
 20
96.168212890625
 10
958.00048828125
 20
96.928466796875
 10
958.27783203125
 20
97.75396728515625
 10
958.41845703125
 20
98.6190185546875
 10
958.43603515625
 20
99.4930419921875
 10
958.35009765625
 20
100.3607177734375
 10
958.18310546875
 20
101.22186279296875
 10
957.69873046875
 20
102.920654296875
 10
955.97412109375
 20
107.87799072265625
 10
955.09130859375
 20
110.577880859375
 10
954.29248046875
 20
113.3037109375
 10
953.26025390625
 20
117.34759521484375
 10
952.41748046875
 20
121.434326171875
 10
951.90673828125
 20
124.6885986328125
 10
951.52978515625
 20
127.961181640625
 10
951.25439453125
 20
131.6940307617187
 10
951.15185546875
 20
135.934326171875
 10
954.04833984375
 20
136.7977294921875
 10
957.63623046875
 20
137.6786499023437
 10
960.74755859375
 20
138.27392578125
 10
963.87939453125
 20
138.7369995117187
 10
967.02783203125
 20
139.0948486328125
 10
970.18701171875
 20
139.3740844726563
 10
976.94580078125
 20
139.81005859375
  0
TEXT
  5
99
330
17
100
AcDbEntity
  8
ANNOTATION
100
AcDbText
 10
982.0616005345395
 20
63.44810818550282
 30
0.0
 40
12.5
  1
P06 0deg
100
AcDbText
  0
LWPOLYLINE
  5
9A
330
17
100
AcDbEntity
  8
PIECES
100
AcDbPolyline
 90
276
 70
1
 10
1232.07421875
 20
33.3271484375
 10
1227.611328125
 20
33.65625
 10
1222.6787109375
 20
34.24658203125
 10
1217.8759765625
 20
35.04736328125
 10
1213.103515625
 20
36.01708984375
 10
1203.1416015625
 20
38.2587890625
 10
1192.08984375
 20
40.671875
 10
1191.048828125
 20
40.82958984375
 10
1190.00390625
 20
40.91552734375
 10
1188.955078125
 20
40.9033203125
 10
1188.044921875
 20
40.79345703125
 10
1187.158203125
 20
40.583984375
 10
1186.30859375
 20
40.2685546875
 10
1185.51171875
 20
39.8427734375
 10
1184.7822265625
 20
39.30078125
 10
1184.193359375
 20
38.70947265625
 10
1183.693359375
 20
38.044921875
 10
1183.2861328125
 20
37.31884765625
 10
1182.9716796875
 20
36.54345703125
 10
1182.740234375
 20
35.6630859375
 10
1182.6162109375
 20
34.7646484375
 10
1182.5859375
 20
33.85498046875
 10
1182.6337890625
 20
32.94140625
 10
1182.748046875
 20
32.0302734375
 10
1183.169921875
 20
30.02587890625
 10
1184.361328125
 20
25.58251953125
 10
1184.8916015625
 20
23.091796875
 10
1185.1943359375
 20
20.845703125
 10
1185.294921875
 20
18.5830078125
 10
1185.2470703125
 20
17.28466796875
 10
1185.109375
 20
15.99560546875
 10
1184.8681640625
 20
14.72412109375
 10
1184.5107421875
 20
13.478515625
 10
1184.044921875
 20
12.3095703125
 10
1183.466796875
 20
11.197265625
 10
1182.779296875
 20
10.15283203125
 10
1181.9853515625
 20
9.18505859375
 10
1181.0888671875
 20
8.30419921875
 10
1180.14453125
 20
7.5556640625
 10
1179.1328125
 20
6.9091796875
 10
1178.0625
 20
6.36669921875
 10
1176.9423828125
 20
5.927734375
 10
1175.7822265625
 20
5.59423828125
 10
1174.361328125
 20
5.3330078125
 10
1172.9248046875
 20
5.208984375
 10
1171.478515625
 20
5.20068359375
 10
1170.0302734375
 20
5.287109375
 10
1168.58447265625
 20
5.447265625
 10
1165.55517578125
 20
5.93994140625
 10
1162.537109375
 20
6.50439453125
 10
1159.2685546875
 20
7.02880859375
 10
1155.9794921875
 20
7.388671875
 10
1153.23193359375
 20
7.52978515625
 10
1147.87548828125
 20
7.5048828125
 10
1145.12939453125
 20
7.33837890625
 10
1141.84326171875
 20
6.94775390625
 10
1138.580078125
 20
6.392578125
 10
1135.5673828125
 20
5.7998046875
 10
1132.54248046875
 20
5.27880859375
 10
1131.09912109375
 20
5.10546875
 10
1129.6513671875
 20
5.00537109375
 10
1128.205078125
 20
5.0
 10
1126.767578125
 20
5.11083984375
 10
1125.34375
 20
5.3583984375
 10
1124.1806640625
 20
5.681640625
 10
1123.05712890625
 20
6.10986328125
 10
1121.9814453125
 20
6.642578125
 10
1120.96337890625
 20
7.279296875
 10
1120.01220703125
 20
8.01904296875
 10
1119.107421875
 20
8.89111328125
 10
1118.3046875
 20
9.8515625
 10
1117.60693359375
 20
10.89013671875
 10
1117.0185546875
 20
11.99658203125
 10
1116.54248046875
 20
13.1611328125
 10
1116.17333984375
 20
14.4033203125
 10
1115.92041015625
 20
15.67236328125
 10
1115.77001953125
 20
16.96044921875
 10
1115.71044921875
 20
18.25830078125
 10
1115.7900390625
 20
20.521484375
 10
1116.07177734375
 20
22.7705078125
 10
1116.5791015625
 20
25.26611328125
 10
1117.728515625
 20
29.72021484375
 10
1118.1318359375
 20
31.728515625
 10
1118.23681640625
 20
32.640625
 10
1118.27685546875
 20
33.5546875
 10
1118.23779296875
 20
34.4638671875
 10
1118.10498046875
 20
35.361328125
 10
1117.865234375
 20
36.2392578125
 10
1117.54443359375
 20
37.01171875
 10
1117.1298828125
 20
37.73388671875
 10
1116.6240234375
 20
38.3935546875
 10
1116.02978515625
 20
38.9794921875
 10
1115.294921875
 20
39.51513671875
 10
1114.494140625
 20
39.93359375
 10
1113.64208984375
 20
40.24072265625
 10
1112.7529296875
 20
40.44189453125
 10
1111.84130859375
 20
40.54345703125
 10
1110.79296875
 20
40.5458984375
 10
1109.74853515625
 20
40.44970703125
 10
1108.70947265625
 20
40.2822265625
 10
1097.6806640625
 20
37.76611328125
 10
1087.74072265625
 20
35.431640625
 10
1082.9775390625
 20
34.41748046875
 10
1078.18212890625
 20
33.57177734375
 10
1073.25537109375
 20
32.935546875
 10
1068.79541015625
 20
32.564453125
 10
1069.353515625
 20
37.85986328125
 10
1069.7626953125
 20
41.1884765625
 10
1070.396484375
 20
45.78857421875
 10
1071.13232421875
 20
50.37353515625
 10
1071.98388671875
 20
54.89501953125
 10
1073.08642578125
 20
59.9248046875
 10
1082.71044921875
 20
60.986328125
 10
1092.43408203125
 20
61.87548828125
 10
1099.7197265625
 20
62.43408203125
 10
1115.9404296875
 20
63.48193359375
 10
1121.9052734375
 20
63.96337890625
 10
1123.6357421875
 20
64.0703125
 10
1125.359375
 20
64.23876953125
 10
1126.15283203125
 20
64.37451171875
 10
1126.92236328125
 20
64.58984375
 10
1127.6435546875
 20
64.9267578125
 10
1128.1728515625
 20
65.31201171875
 10
1128.6162109375
 20
65.7880859375
 10
1128.953125
 20
66.3466796875
 10
1129.15966796875
 20
66.95556640625
 10
1129.2421875
 20
67.591796875
 10
1129.21484375
 20
68.23876953125
 10
1129.0986328125
 20
68.82861328125
 10
1128.88720703125
 20
69.38525390625
 10
1128.56591796875
 20
69.88623046875
 10
1128.16650390625
 20
70.27880859375
 10
1127.6982421875
 20
70.58447265625
 10
1127.1806640625
 20
70.80810546875
 10
1126.2578125
 20
71.0166015625
 10
1125.30859375
 20
71.09228515625
 10
1122.2216796875
 20
71.111328125
 10
1119.5126953125
 20
71.02392578125
 10
1094.93408203125
 20
69.96435546875
 10
1090.6796875
 20
69.830078125
 10
1086.42431640625
 20
69.76171875
 10
1082.89501953125
 20
69.76416015625
 10
1077.36865234375
 20
69.88330078125
 10
1078.5419921875
 20
74.14501953125
 10
1079.93896484375
 20
78.61962890625
 10
1081.48828125
 20
83.0439453125
 10
1083.21630859375
 20
87.48388671875
 10
1085.09716796875
 20
91.8603515625
 10
1087.091796875
 20
96.091796875
 10
1090.8447265625
 20
95.72900390625
 10
1095.76025390625
 20
95.18212890625
 10
1100.15966796875
 20
94.63720703125
 10
1104.548828125
 20
94.01611328125
 10
1113.30615234375
 20
92.6083984375
 10
1116.4619140625
 20
92.1513671875
 10
1121.486328125
 20
91.52099609375
 10
1123.35498046875
 20
91.38427734375
 10
1124.2744140625
 20
91.37255859375
 10
1125.18701171875
 20
91.43994140625
 10
1126.07861328125
 20
91.6318359375
 10
1126.76513671875
 20
91.90185546875
 10
1127.39794921875
 20
92.271484375
 10
1127.96337890625
 20
92.7353515625
 10
1128.44921875
 20
93.28857421875
 10
1128.89697265625
 20
94.03173828125
 10
1129.20263671875
 20
94.841796875
 10
1129.3720703125
 20
95.6962890625
 10
1129.412109375
 20
96.5693359375
 10
1129.341796875
 20
97.43798828125
 10
1129.18603515625
 20
98.3017578125
 10
1128.71875
 20
100.00830078125
 10
1127.0703125
 20
104.99169921875
 10
1126.23046875
 20
107.705078125
 10
1125.47265625
 20
110.4423828125
 10
1124.50244140625
 20
114.50146484375
 10
1123.72314453125
 20
118.60107421875
 10
1123.2626953125
 20
121.86279296875
 10
1122.935546875
 20
125.140625
 10
1122.7177734375
 20
128.87744140625
 10
1122.67724609375
 20
131.79931640625
 10
1125.25830078125
 20
132.52587890625
 10
1128.859375
 20
133.3515625
 10
1131.97900390625
 20
133.8984375
 10
1135.1181640625
 20
134.3134765625
 10
1138.271484375
 20
134.623046875
 10
1141.43408203125
 20
134.853515625
 10
1144.60107421875
 20
135.03173828125
 10
1147.9580078125
 20
135.177734375
 10
1149.966796875
 20
133.1875
 10
1151.95654296875
 20
135.1962890625
 10
1158.4833984375
 20
134.93310546875
 10
1161.64794921875
 20
134.73193359375
 10
1164.80419921875
 20
134.4521484375
 10
1167.94677734375
 20
134.06640625
 10
1171.0712890625
 20
133.54833984375
 10
1174.6806640625
 20
132.75634765625
 10
1177.267578125
 20
132.05419921875
 10
1177.2548828125
 20
129.13232421875
 10
1177.0712890625
 20
125.3935546875
 10
1176.775390625
 20
122.11279296875
 10
1176.345703125
 20
118.8466796875
 10
1175.6044921875
 20
114.740234375
 10
1174.671875
 20
110.67236328125
 10
1173.9404296875
 20
107.927734375
 10
1173.1259765625
 20
105.20703125
 10
1171.5234375
 20
100.2080078125
 10
1171.072265625
 20
98.49755859375
 10
1170.9248046875
 20
97.63232421875
 10
1170.8623046875
 20
96.7626953125
 10
1170.91015625
 20
95.89013671875
 10
1171.087890625
 20
95.03759765625
 10
1171.4013671875
 20
94.22998046875
 10
1171.85546875
 20
93.4912109375
 10
1172.3466796875
 20
92.94287109375
 10
1172.9169921875
 20
92.48388671875
 10
1173.552734375
 20
92.1201171875
 10
1174.2421875
 20
91.85693359375
 10
1175.134765625
 20
91.6728515625
 10
1176.0478515625
 20
91.6142578125
 10
1176.9677734375
 20
91.634765625
 10
1178.8349609375
 20
91.78857421875
 10
1183.853515625
 20
92.4658203125
 10
1187.0048828125
 20
92.95263671875
 10
1195.7490234375
 20
94.4423828125
 10
1200.1318359375
 20
95.10400390625
 10
1204.525390625
 20
95.6904296875
 10
1209.435546875
 20
96.28271484375
 10
1213.185546875
 20
96.6806640625
 10
1215.2197265625
 20
92.46826171875
 10
1217.140625
 20
88.109375
 10
1217.5615234375
 20
87.05908203125
 10
1215.7041015625
 20
84.9697265625
 10
1218.4892578125
 20
84.73779296875
 10
1218.67578125
 20
84.27392578125
 10
1216.765625
 20
82.23291015625
 10
1219.5439453125
 20
81.9296875
 10
1220.5009765625
 20
79.27587890625
 10
1221.939453125
 20
74.81494140625
 10
1223.15234375
 20
70.56396484375
 10
1217.6279296875
 20
70.3935546875
 10
1214.0986328125
 20
70.35791015625
 10
1209.8427734375
 20
70.38671875
 10
1205.587890625
 20
70.48095703125
 10
1181.0
 20
71.31103515625
 10
1178.2900390625
 20
71.37353515625
 10
1175.203125
 20
71.3251953125
 10
1174.2548828125
 20
71.24072265625
 10
1173.3349609375
 20
71.02392578125
 10
1172.8193359375
 20
70.79541015625
 10
1172.353515625
 20
70.48486328125
 10
1171.9580078125
 20
70.08837890625
 10
1171.6416015625
 20
69.58447265625
 10
1171.4345703125
 20
69.0263671875
 10
1171.32421875
 20
68.435546875
 10
1171.302734375
 20
67.78857421875
 10
1171.3916015625
 20
67.15283203125
 10
1171.603515625
 20
66.5458984375
 10
1171.9453125
 20
65.99072265625
 10
1172.3935546875
 20
65.5185546875
 10
1172.9267578125
 20
65.13818359375
 10
1173.650390625
 20
64.80810546875
 10
1174.421875
 20
64.60009765625
 10
1175.216796875
 20
64.4716796875
 10
1176.9423828125
 20
64.3193359375
 10
1178.673828125
 20
64.228515625
 10
1184.642578125
 20
63.802734375
 10
1200.8720703125
 20
62.90625
 10
1208.1630859375
 20
62.41552734375
 10
1217.89453125
 20
61.6171875
 10
1227.5283203125
 20
60.64599609375
 10
1228.677734375
 20
55.626953125
 10
1229.5712890625
 20
51.11376953125
 10
1230.349609375
 20
46.53564453125
 10
1231.0263671875
 20
41.94140625
 10
1231.466796875
 20
38.61669921875
 10
1232.07421875
 20
33.3271484375
  0
TEXT
  5
9B
330
17
100
AcDbEntity
  8
ANNOTATION
100
AcDbText
 10
1151.7963601817255
 20
61.92979364809783
 30
0.0
 40
12.5
  1
P07 0deg
100
AcDbText
  0
LWPOLYLINE
  5
9C
330
17
100
AcDbEntity
  8
PIECES
100
AcDbPolyline
 90
265
 70
1
 10
1398.3544921875
 20
31.21826171875
 10
1394.353515625
 20
31.64794921875
 10
1391.6904296875
 20
31.99462890625
 10
1388.5859375
 20
32.45556640625
 10
1385.4921875
 20
32.98095703125
 10
1382.37890625
 20
33.58056640625
 10
1379.2783203125
 20
34.24560546875
 10
1365.0029296875
 20
37.625
 10
1360.4443359375
 20
38.6142578125
 10
1359.076171875
 20
38.8544921875
 10
1357.7001953125
 20
39.01416015625
 10
1356.3173828125
 20
39.03955078125
 10
1355.4521484375
 20
38.96337890625
 10
1354.6025390625
 20
38.8037109375
 10
1353.783203125
 20
38.5498046875
 10
1353.0087890625
 20
38.19140625
 10
1352.2939453125
 20
37.71728515625
 10
1351.62109375
 20
37.08740234375
 10
1351.0654296875
 20
36.35791015625
 10
1350.6279296875
 20
35.54833984375
 10
1350.3095703125
 20
34.67822265625
 10
1350.1103515625
 20
33.7734375
 10
1350.01953125
 20
32.85400390625
 10
1350.0166015625
 20
31.92529296875
 10
1350.1962890625
 20
30.06494140625
 10
1350.56640625
 20
27.9697265625
 10
1351.4384765625
 20
23.80224609375
 10
1351.7490234375
 20
21.896484375
 10
1351.9501953125
 20
19.978515625
 10
1352.0126953125
 20
18.05078125
 10
1351.9423828125
 20
16.50537109375
 10
1351.7392578125
 20
14.9755859375
 10
1351.3740234375
 20
13.47607421875
 10
1350.9091796875
 20
12.2177734375
 10
1350.30859375
 20
11.02392578125
 10
1349.5751953125
 20
9.908203125
 10
1348.7109375
 20
8.88525390625
 10
1347.7919921875
 20
8.0283203125
 10
1346.7890625
 20
7.28271484375
 10
1345.7138671875
 20
6.6474609375
 10
1344.578125
 20
6.119140625
 10
1343.392578125
 20
5.6962890625
 10
1342.169921875
 20
5.376953125
 10
1340.515625
 20
5.10888671875
 10
1338.845703125
 20
5.0
 10
1337.1669921875
 20
5.025390625
 10
1335.4912109375
 20
5.16015625
 10
1333.4169921875
 20
5.4423828125
 10
1327.0166015625
 20
6.64013671875
 10
1324.7275390625
 20
7.015625
 10
1322.423828125
 20
7.28515625
 10
1319.86328125
 20
7.4189453125
 10
1317.5146484375
 20
7.39794921875
 10
1315.1689453125
 20
7.45703125
 10
1312.6064453125
 20
7.365234375
 10
1310.298828125
 20
7.1328125
 10
1308.0029296875
 20
6.794921875
 10
1301.5849609375
 20
5.701171875
 10
1299.505859375
 20
5.453125
 10
1297.8271484375
 20
5.345703125
 10
1296.1494140625
 20
5.34765625
 10
1294.48046875
 20
5.4833984375
 10
1292.8310546875
 20
5.7783203125
 10
1291.6142578125
 20
6.11767578125
 10
1290.4365234375
 20
6.5595703125
 10
1289.30859375
 20
7.10595703125
 10
1288.244140625
 20
7.75927734375
 10
1287.2529296875
 20
8.5205078125
 10
1286.34765625
 20
9.392578125
 10
1285.5009765625
 20
10.4296875
 10
1284.78515625
 20
11.55712890625
 10
1284.205078125
 20
12.7607421875
 10
1283.7607421875
 20
14.0263671875
 10
1283.419921875
 20
15.53125
 10
1283.2412109375
 20
17.064453125
 10
1283.1962890625
 20
18.61083984375
 10
1283.2900390625
 20
20.537109375
 10
1283.5224609375
 20
22.45166015625
 10
1283.8642578125
 20
24.35205078125
 10
1284.8037109375
 20
28.5048828125
 10
1285.2080078125
 20
30.59375
 10
1285.41796875
 20
32.451171875
 10
1285.4296875
 20
33.37939453125
 10
1285.353515625
 20
34.30029296875
 10
1285.169921875
 20
35.20849609375
 10
1284.865234375
 20
36.08349609375
 10
1284.44140625
 20
36.89990234375
 10
1283.8974609375
 20
37.63818359375
 10
1283.2353515625
 20
38.279296875
 10
1282.52734375
 20
38.7646484375
 10
1281.7587890625
 20
39.1357421875
 10
1280.9443359375
 20
39.4033203125
 10
1280.09765625
 20
39.57666015625
 10
1279.2333984375
 20
39.66650390625
 10
1277.8505859375
 20
39.6640625
 10
1276.47265625
 20
39.5263671875
 10
1275.1005859375
 20
39.30859375
 10
1270.525390625
 20
38.3935546875
 10
1256.197265625
 20
35.2470703125
 10
1253.0869140625
 20
34.63232421875
 10
1249.9638671875
 20
34.083984375
 10
1246.8623046875
 20
33.6083984375
 10
1243.7509765625
 20
33.1982421875
 10
1241.08203125
 20
32.8955078125
 10
1237.07421875
 20
32.53076171875
 10
1237.3173828125
 20
34.9873046875
 10
1237.7158203125
 20
38.31787109375
 10
1238.1875
 20
41.638671875
 10
1238.96484375
 20
46.2392578125
 10
1239.8486328125
 20
50.82080078125
 10
1240.779296875
 20
55.27685546875
 10
1241.6396484375
 20
59.1015625
 10
1246.400390625
 20
59.5380859375
 10
1251.0400390625
 20
59.90673828125
 10
1260.5283203125
 20
60.5341796875
 10
1267.9013671875
 20
61.11962890625
 10
1270.99609375
 20
61.2841796875
 10
1281.1181640625
 20
61.67822265625
 10
1290.16015625
 20
62.1494140625
 10
1294.326171875
 20
62.529296875
 10
1295.0654296875
 20
62.65625
 10
1295.7734375
 20
62.8916015625
 10
1296.626953125
 20
63.4794921875
 10
1297.0
 20
63.9814453125
 10
1297.251953125
 20
64.55615234375
 10
1297.400390625
 20
65.22119140625
 10
1297.427734375
 20
65.900390625
 10
1297.3447265625
 20
66.57958984375
 10
1297.1943359375
 20
67.13720703125
 10
1296.9609375
 20
67.66015625
 10
1296.6298828125
 20
68.12646484375
 10
1296.1455078125
 20
68.54931640625
 10
1295.5751953125
 20
68.849609375
 10
1294.9267578125
 20
69.03564453125
 10
1294.25390625
 20
69.12255859375
 10
1290.640625
 20
69.21240234375
 10
1285.1416015625
 20
69.1337890625
 10
1267.4736328125
 20
68.55859375
 10
1259.4609375
 20
68.38134765625
 10
1251.560546875
 20
68.37060546875
 10
1245.8515625
 20
68.48388671875
 10
1247.3720703125
 20
73.388671875
 10
1248.9248046875
 20
77.8115234375
 10
1250.626953125
 20
82.17919921875
 10
1252.509765625
 20
86.5556640625
 10
1254.5419921875
 20
90.86376953125
 10
1255.861328125
 20
93.4267578125
 10
1268.19140625
 20
91.89794921875
 10
1272.7001953125
 20
91.29931640625
 10
1284.408203125
 20
89.607421875
 10
1287.4521484375
 20
89.23095703125
 10
1289.43359375
 20
89.0498046875
 10
1291.419921875
 20
88.9560546875
 10
1292.384765625
 20
88.95849609375
 10
1293.345703125
 20
89.025390625
 10
1294.291015625
 20
89.19189453125
 10
1294.974609375
 20
89.39990234375
 10
1295.6220703125
 20
89.68896484375
 10
1296.216796875
 20
90.06640625
 10
1296.7421875
 20
90.5400390625
 10
1297.205078125
 20
91.1533203125
 10
1297.54296875
 20
91.83935546875
 10
1297.7587890625
 20
92.5771484375
 10
1297.8564453125
 20
93.34619140625
 10
1297.830078125
 20
94.24462890625
 10
1297.6826171875
 20
95.1298828125
 10
1297.447265625
 20
96.00439453125
 10
1296.0556640625
 20
100.2314453125
 10
1294.5986328125
 20
105.49609375
 10
1293.9306640625
 20
108.2568359375
 10
1293.103515625
 20
112.34716796875
 10
1292.474609375
 20
116.47265625
 10
1292.130859375
 20
119.7490234375
 10
1291.921875
 20
123.03662109375
 10
1291.837890625
 20
126.77880859375
 10
1291.8828125
 20
128.82421875
 10
1293.5615234375
 20
129.2734375
 10
1297.1689453125
 20
130.07421875
 10
1300.8525390625
 20
130.7265625
 10
1304.5615234375
 20
131.21875
 10
1308.6884765625
 20
131.580078125
 10
1312.8271484375
 20
131.76513671875
 10
1316.52734375
 20
131.78759765625
 10
1318.5107421875
 20
129.771484375
 10
1320.52734375
 20
131.75537109375
 10
1324.2265625
 20
131.6728515625
 10
1328.3623046875
 20
131.419921875
 10
1332.4833984375
 20
130.99169921875
 10
1336.1826171875
 20
130.43896484375
 10
1339.85546875
 20
129.7265625
 10
1343.44921875
 20
128.86767578125
 10
1345.12109375
 20
128.39111328125
 10
1345.1318359375
 20
126.34521484375
 10
1344.9873046875
 20
122.6044921875
 10
1344.724609375
 20
119.32080078125
 10
1344.328125
 20
116.05078125
 10
1343.6318359375
 20
111.93603515625
 10
1342.73828125
 20
107.859375
 10
1342.0263671875
 20
105.1103515625
 10
1340.4833984375
 20
99.86962890625
 10
1339.0224609375
 20
95.666015625
 10
1338.7734375
 20
94.79541015625
 10
1338.611328125
 20
93.9130859375
 10
1338.5703125
 20
93.0146484375
 10
1338.65625
 20
92.244140625
 10
1338.859375
 20
91.5029296875
 10
1339.185546875
 20
90.81201171875
 10
1339.6396484375
 20
90.19091796875
 10
1340.15625
 20
89.708984375
 10
1340.7451171875
 20
89.32177734375
 10
1341.3876953125
 20
89.0224609375
 10
1342.0673828125
 20
88.80322265625
 10
1343.0107421875
 20
88.62109375
 10
1343.9697265625
 20
88.53857421875
 10
1344.9345703125
 20
88.5205078125
 10
1346.9228515625
 20
88.58203125
 10
1348.90625
 20
88.73095703125
 10
1351.95703125
 20
89.05810546875
 10
1363.689453125
 20
90.55859375
 10
1368.2080078125
 20
91.083984375
 10
1380.560546875
 20
92.412109375
 10
1381.8388671875
 20
89.828125
 10
1383.80078125
 20
85.4873046875
 10
1385.611328125
 20
81.0810546875
 10
1386.1708984375
 20
79.57421875
 10
1384.2626953125
 20
77.5322265625
 10
1387.041015625
 20
77.23046875
 10
1388.7236328125
 20
72.23828125
 10
1390.1630859375
 20
67.3095703125
 10
1384.4541015625
 20
67.2890625
 10
1380.880859375
 20
67.3291015625
 10
1372.2314453125
 20
67.57763671875
 10
1350.8896484375
 20
68.59912109375
 10
1345.392578125
 20
68.7666015625
 10
1341.7783203125
 20
68.73583984375
 10
1341.1044921875
 20
68.65966796875
 10
1340.453125
 20
68.48486328125
 10
1339.8779296875
 20
68.193359375
 10
1339.3857421875
 20
67.7783203125
 10
1339.0478515625
 20
67.3173828125
 10
1338.8056640625
 20
66.798828125
 10
1338.646484375
 20
66.2431640625
 10
1338.552734375
 20
65.5654296875
 10
1338.568359375
 20
64.88623046875
 10
1338.7060546875
 20
64.21923828125
 10
1338.94921875
 20
63.64013671875
 10
1339.3134765625
 20
63.13232421875
 10
1340.158203125
 20
62.53076171875
 10
1340.8623046875
 20
62.28369140625
 10
1341.599609375
 20
62.14453125
 10
1345.7587890625
 20
61.69677734375
 10
1354.791015625
 20
61.0791015625
 10
1364.9052734375
 20
60.52001953125
 10
1367.9970703125
 20
60.30517578125
 10
1375.359375
 20
59.599609375
 10
1384.8369140625
 20
58.818359375
 10
1389.46875
 20
58.3740234375
 10
1394.22265625
 20
57.8603515625
 10
1395.0205078125
 20
54.021484375
 10
1395.87890625
 20
49.55126953125
 10
1396.6875
 20
44.95556640625
 10
1397.3896484375
 20
40.34326171875
 10
1397.8076171875
 20
37.01513671875
 10
1398.1513671875
 20
33.6787109375
 10
1398.3544921875
 20
31.21826171875
  0
TEXT
  5
9D
330
17
100
AcDbEntity
  8
ANNOTATION
100
AcDbText
 10
1318.7768867924528
 20
59.14536409198113
 30
0.0
 40
12.5
  1
P08 0deg
100
AcDbText
  0
LWPOLYLINE
  5
9E
330
17
100
AcDbEntity
  8
PIECES
100
AcDbPolyline
 90
254
 70
1
 10
1562.5029296875
 20
31.54541015625
 10
1557.72265625
 20
32.2236328125
 10
1553.724609375
 20
32.84423828125
 10
1549.212890625
 20
33.6025390625
 10
1540.1376953125
 20
35.24365234375
 10
1535.5751953125
 20
36.11474609375
 10
1526.369140625
 20
37.9619140625
 10
1524.2275390625
 20
38.318359375
 10
1522.92578125
 20
38.46484375
 10
1521.62109375
 20
38.5146484375
 10
1520.3203125
 20
38.4208984375
 10
1519.3583984375
 20
38.23095703125
 10
1518.4326171875
 20
37.9248046875
 10
1517.5654296875
 20
37.49169921875
 10
1516.7783203125
 20
36.92041015625
 10
1516.0947265625
 20
36.20654296875
 10
1515.5439453125
 20
35.38818359375
 10
1515.125
 20
34.4892578125
 10
1514.8447265625
 20
33.5634765625
 10
1514.68359375
 20
32.611328125
 10
1514.626953125
 20
31.64404296875
 10
1514.662109375
 20
30.671875
 10
1514.845703125
 20
29.26708984375
 10
1515.4609375
 20
26.49462890625
 10
1516.396484375
 20
21.9658203125
 10
1516.6259765625
 20
20.43896484375
 10
1516.7734375
 20
18.904296875
 10
1516.802734375
 20
17.36376953125
 10
1516.712890625
 20
16.0859375
 10
1516.5107421875
 20
14.82470703125
 10
1516.1904296875
 20
13.58984375
 10
1515.7451171875
 20
12.3916015625
 10
1515.1669921875
 20
11.236328125
 10
1514.46875
 20
10.1552734375
 10
1513.654296875
 20
9.15869140625
 10
1512.7314453125
 20
8.25634765625
 10
1511.7275390625
 20
7.47412109375
 10
1510.6484375
 20
6.8076171875
 10
1509.50390625
 20
6.2578125
 10
1508.3046875
 20
5.82763671875
 10
1507.1103515625
 20
5.5263671875
 10
1505.896484375
 20
5.32958984375
 10
1504.66796875
 20
5.2236328125
 10
1503.4326171875
 20
5.1953125
 10
1502.1953125
 20
5.23046875
 10
1499.978515625
 20
5.41357421875
 10
1492.6728515625
 20
6.44287109375
 10
1489.767578125
 20
6.7587890625
 10
1486.2509765625
 20
6.935546875
 10
1479.83984375
 20
6.90478515625
 10
1476.32421875
 20
6.6943359375
 10
1473.4228515625
 20
6.3505859375
 10
1466.1279296875
 20
5.25146484375
 10
1463.912109375
 20
5.046875
 10
1462.6748046875
 20
5.0
 10
1461.439453125
 20
5.0166015625
 10
1460.2109375
 20
5.11083984375
 10
1458.994140625
 20
5.29541015625
 10
1457.796875
 20
5.58544921875
 10
1456.5947265625
 20
6.00439453125
 10
1455.4443359375
 20
6.54296875
 10
1454.3583984375
 20
7.19921875
 10
1453.34765625
 20
7.9716796875
 10
1452.416015625
 20
8.865234375
 10
1451.591796875
 20
9.85400390625
 10
1450.8828125
 20
10.92822265625
 10
1450.294921875
 20
12.07763671875
 10
1449.837890625
 20
13.271484375
 10
1449.5048828125
 20
14.50341796875
 10
1449.291015625
 20
15.7626953125
 10
1449.189453125
 20
17.03955078125
 10
1449.2041015625
 20
18.580078125
 10
1449.3369140625
 20
20.1162109375
 10
1449.55078125
 20
21.6455078125
 10
1450.443359375
 20
26.1826171875
 10
1451.0322265625
 20
28.96142578125
 10
1451.2021484375
 20
30.3681640625
 10
1451.2275390625
 20
31.34033203125
 10
1451.162109375
 20
32.30712890625
 10
1450.9912109375
 20
33.25732421875
 10
1450.7021484375
 20
34.1806640625
 10
1450.275390625
 20
35.0751953125
 10
1449.716796875
 20
35.888671875
 10
1449.0263671875
 20
36.595703125
 10
1448.2333984375
 20
37.15966796875
 10
1447.3623046875
 20
37.58447265625
 10
1446.43359375
 20
37.88134765625
 10
1445.4697265625
 20
38.06201171875
 10
1444.16796875
 20
38.14306640625
 10
1442.8642578125
 20
38.0810546875
 10
1441.5634765625
 20
37.92236328125
 10
1439.42578125
 20
37.54541015625
 10
1430.23828125
 20
35.6103515625
 10
1425.68359375
 20
34.6953125
 10
1416.625
 20
32.96728515625
 10
1412.1201171875
 20
32.16552734375
 10
1408.12890625
 20
31.50634765625
 10
1403.3544921875
 20
30.78271484375
 10
1403.6591796875
 20
33.8173828125
 10
1404.0478515625
 20
37.1484375
 10
1404.498046875
 20
40.47216796875
 10
1405.240234375
 20
45.16357421875
 10
1406.05859375
 20
49.84326171875
 10
1407.3515625
 20
56.86865234375
 10
1420.0263671875
 20
57.9658203125
 10
1424.91796875
 20
58.326171875
 10
1432.4443359375
 20
58.76171875
 10
1445.6533203125
 20
59.6171875
 10
1454.53125
 20
60.28662109375
 10
1458.0390625
 20
60.65283203125
 10
1458.7646484375
 20
60.76318359375
 10
1459.4765625
 20
60.923828125
 10
1460.16015625
 20
61.17431640625
 10
1460.7392578125
 20
61.50537109375
 10
1461.2353515625
 20
61.93994140625
 10
1461.607421875
 20
62.48193359375
 10
1461.81640625
 20
63.10546875
 10
1461.87109375
 20
63.76318359375
 10
1461.8095703125
 20
64.4306640625
 10
1461.6826171875
 20
65.00244140625
 10
1461.470703125
 20
65.5400390625
 10
1461.1484375
 20
66.017578125
 10
1460.7197265625
 20
66.392578125
 10
1460.2158203125
 20
66.66259765625
 10
1459.66796875
 20
66.841796875
 10
1458.8193359375
 20
66.97021484375
 10
1457.958984375
 20
66.99853515625
 10
1446.1455078125
 20
66.77099609375
 10
1431.7666015625
 20
66.38623046875
 10
1419.427734375
 20
65.98876953125
 10
1411.5966796875
 20
65.845703125
 10
1412.8583984375
 20
69.9111328125
 10
1414.3994140625
 20
74.337890625
 10
1416.0908203125
 20
78.71044921875
 10
1417.9619140625
 20
83.091796875
 10
1419.9833984375
 20
87.4052734375
 10
1421.2802734375
 20
89.93994140625
 10
1423.5791015625
 20
89.77978515625
 10
1428.1416015625
 20
89.3828125
 10
1431.599609375
 20
89.02880859375
 10
1438.0458984375
 20
88.25390625
 10
1446.4306640625
 20
87.1220703125
 10
1451.6484375
 20
86.552734375
 10
1456.3623046875
 20
86.11865234375
 10
1457.326171875
 20
86.07666015625
 10
1458.2880859375
 20
86.09326171875
 10
1459.2412109375
 20
86.20849609375
 10
1459.94140625
 20
86.38232421875
 10
1460.6064453125
 20
86.64453125
 10
1461.2177734375
 20
87.00439453125
 10
1461.7548828125
 20
87.47216796875
 10
1462.154296875
 20
87.986328125
 10
1462.4541015625
 20
88.55810546875
 10
1462.658203125
 20
89.1728515625
 10
1462.771484375
 20
89.81640625
 10
1462.7978515625
 20
90.4755859375
 10
1462.7099609375
 20
91.34228515625
 10
1462.51171875
 20
92.18994140625
 10
1462.2373046875
 20
93.02392578125
 10
1461.5986328125
 20
94.67431640625
 10
1460.7431640625
 20
97.21728515625
 10
1459.2431640625
 20
102.60791015625
 10
1458.55078125
 20
105.43359375
 10
1457.7900390625
 20
109.34521484375
 10
1457.2099609375
 20
113.2880859375
 10
1456.8857421875
 20
116.0673828125
 10
1456.6328125
 20
118.85400390625
 10
1456.46875
 20
121.40869140625
 10
1456.3623046875
 20
124.5517578125
 10
1459.9306640625
 20
125.38671875
 10
1463.48828125
 20
126.0537109375
 10
1467.4814453125
 20
126.60595703125
 10
1471.494140625
 20
127.00439453125
 10
1475.44921875
 20
127.29736328125
 10
1480.4677734375
 20
127.5498046875
 10
1482.4765625
 20
125.56005859375
 10
1484.4658203125
 20
127.56884765625
 10
1489.4873046875
 20
127.36474609375
 10
1493.4443359375
 20
127.109375
 10
1497.4609375
 20
126.74951171875
 10
1501.4599609375
 20
126.23583984375
 10
1505.0234375
 20
125.6025390625
 10
1508.599609375
 20
124.80224609375
 10
1508.5224609375
 20
121.658203125
 10
1508.3837890625
 20
119.10205078125
 10
1508.158203125
 20
116.31298828125
 10
1507.859375
 20
113.53076171875
 10
1507.3173828125
 20
109.58251953125
 10
1506.5947265625
 20
105.6640625
 10
1505.9287109375
 20
102.83154296875
 10
1504.48046875
 20
97.4267578125
 10
1503.6494140625
 20
94.8759765625
 10
1503.02734375
 20
93.21923828125
 10
1502.7607421875
 20
92.3828125
 10
1502.5703125
 20
91.53369140625
 10
1502.4912109375
 20
90.66552734375
 10
1502.5234375
 20
90.00732421875
 10
1502.642578125
 20
89.3642578125
 10
1502.8525390625
 20
88.75146484375
 10
1503.158203125
 20
88.1826171875
 10
1503.5625
 20
87.67236328125
 10
1504.103515625
 20
87.2099609375
 10
1504.71875
 20
86.85595703125
 10
1505.38671875
 20
86.60009765625
 10
1506.0888671875
 20
86.43310546875
 10
1507.04296875
 20
86.32666015625
 10
1508.00390625
 20
86.31982421875
 10
1508.9677734375
 20
86.37109375
 10
1513.6767578125
 20
86.85009765625
 10
1518.8896484375
 20
87.46923828125
 10
1527.2626953125
 20
88.68115234375
 10
1533.701171875
 20
89.51806640625
 10
1537.15625
 20
89.9052734375
 10
1541.7138671875
 20
90.34619140625
 10
1544.01171875
 20
90.5283203125
 10
1545.3330078125
 20
88.005859375
 10
1547.3955078125
 20
83.7119140625
 10
1549.30859375
 20
79.3486328125
 10
1551.0419921875
 20
74.99267578125
 10
1552.625
 20
70.5810546875
 10
1553.92578125
 20
66.52783203125
 10
1546.09375
 20
66.595703125
 10
1533.751953125
 20
66.875
 10
1519.369140625
 20
67.12158203125
 10
1507.5546875
 20
67.236328125
 10
1506.6943359375
 20
67.19970703125
 10
1505.84765625
 20
67.06298828125
 10
1505.30078125
 20
66.87841796875
 10
1504.7998046875
 20
66.603515625
 10
1504.375
 20
66.224609375
 10
1504.056640625
 20
65.744140625
 10
1503.8505859375
 20
65.2041015625
 10
1503.728515625
 20
64.63134765625
 10
1503.673828125
 20
63.96337890625
 10
1503.734375
 20
63.30615234375
 10
1503.94921875
 20
62.68505859375
 10
1504.3271484375
 20
62.146484375
 10
1504.8271484375
 20
61.716796875
 10
1505.4091796875
 20
61.39111328125
 10
1506.0947265625
 20
61.1474609375
 10
1506.80859375
 20
60.9931640625
 10
1507.53515625
 20
60.89013671875
 10
1511.046875
 20
60.5576171875
 10
1519.9306640625
 20
59.97314453125
 10
1533.1474609375
 20
59.244140625
 10
1540.6767578125
 20
58.880859375
 10
1545.5712890625
 20
58.5673828125
 10
1558.2568359375
 20
57.591796875
 10
1559.6171875
 20
50.5791015625
 10
1560.4794921875
 20
45.90771484375
 10
1561.2666015625
 20
41.22314453125
 10
1561.7490234375
 20
37.904296875
 10
1562.169921875
 20
34.57666015625
 10
1562.5029296875
 20
31.54541015625
  0
TEXT
  5
9F
330
17
100
AcDbEntity
  8
ANNOTATION
100
AcDbText
 10
1483.1110589936025
 20
58.55198272945374
 30
0.0
 40
12.5
  1
P09 0deg
100
AcDbText
  0
LWPOLYLINE
  5
A0
330
17
100
AcDbEntity
  8
PIECES
100
AcDbPolyline
 90
278
 70
1
 10
1567.5029296875
 20
123.7581787109375
 10
1574.755859375
 20
122.45538330078125
 10
1579.64794921875
 20
121.50982666015625
 10
1600.93115234375
 20
117.05194091796875
 10
1607.37939453125
 20
115.769775390625
 10
1609.67724609375
 20
115.439697265625
 10
1611.0830078125
 20
115.3372802734375
 10
1612.48779296875
 20
115.35595703125
 10
1613.87939453125
 20
115.5369873046875
 10
1614.75048828125
 20
115.75433349609375
 10
1615.59130859375
 20
116.05523681640625
 10
1616.38916015625
 20
116.4417724609375
 10
1617.1318359375
 20
116.91717529296875
 10
1617.8056640625
 20
117.48419189453125
 10
1618.39892578125
 20
118.14459228515625
 10
1618.89990234375
 20
118.9010009765625
 10
1619.2880859375
 20
119.71405029296875
 10
1619.5732421875
 20
120.57122802734375
 10
1619.767578125
 20
121.46099853515625
 10
1619.88037109375
 20
122.37225341796875
 10
1619.92236328125
 20
123.29254150390625
 10
1619.8544921875
 20
124.9166259765625
 10
1619.6474609375
 20
126.52996826171875
 10
1619.35205078125
 20
128.13348388671875
 10
1618.6552734375
 20
131.31805419921875
 10
1617.26171875
 20
137.422607421875
 10
1616.75244140625
 20
140.37847900390625
 10
1616.5673828125
 20
142.10797119140625
 10
1616.49755859375
 20
143.84283447265625
 10
1616.57373046875
 20
145.57733154296875
 10
1616.74609375
 20
146.87353515625
 10
1617.02197265625
 20
148.1485595703125
 10
1617.4052734375
 20
149.39471435546875
 10
1617.8984375
 20
150.60418701171875
 10
1618.484375
 20
151.73419189453125
 10
1619.1708984375
 20
152.800537109375
 10
1619.95458984375
 20
153.79437255859375
 10
1620.8330078125
 20
154.705810546875
 10
1621.8037109375
 20
155.52606201171875
 10
1622.89404296875
 20
156.26690673828125
 10
1624.052734375
 20
156.89080810546875
 10
1625.26806640625
 20
157.40032958984375
 10
1626.52734375
 20
157.79736328125
 10
1628.181640625
 20
158.1470947265625
 10
1629.8603515625
 20
158.34051513671875
 10
1631.55322265625
 20
158.40472412109375
 10
1633.2509765625
 20
158.367919921875
 10
1635.46923828125
 20
158.2113037109375
 10
1637.68017578125
 20
157.97198486328125
 10
1645.7724609375
 20
156.96807861328125
 10
1648.5625
 20
156.6988525390625
 10
1651.359375
 20
156.51910400390625
 10
1654.34130859375
 20
156.4598388671875
 10
1655.70263671875
 20
156.49188232421875
 10
1656.09228515625
 20
157.29718017578125
 10
1656.50244140625
 20
156.50244140625
 10
1657.865234375
 20
156.50518798828125
 10
1660.8447265625
 20
156.6417236328125
 10
1663.63623046875
 20
156.89361572265625
 10
1666.41845703125
 20
157.23468017578125
 10
1674.48193359375
 20
158.4473876953125
 10
1676.6865234375
 20
158.74371337890625
 10
1678.8994140625
 20
158.95770263671875
 10
1680.595703125
 20
159.03802490234375
 10
1682.2900390625
 20
159.017822265625
 10
1683.97314453125
 20
158.86798095703125
 10
1685.6357421875
 20
158.56097412109375
 10
1686.9052734375
 20
158.19683837890625
 10
1688.1328125
 20
157.71868896484375
 10
1689.30712890625
 20
157.12481689453125
 10
1690.41650390625
 20
156.41265869140625
 10
1691.40771484375
 20
155.61785888671875
 10
1692.3095703125
 20
154.72918701171875
 10
1693.11865234375
 20
153.75579833984375
 10
1693.83251953125
 20
152.70758056640625
 10
1694.44775390625
 20
151.5931396484375
 10
1694.9716796875
 20
150.39703369140625
 10
1695.38720703125
 20
149.16094970703125
 10
1695.6962890625
 20
147.89312744140625
 10
1695.9013671875
 20
146.60211181640625
 10
1696.02294921875
 20
144.87054443359375
 10
1695.99755859375
 20
143.134033203125
 10
1695.857421875
 20
141.40032958984375
 10
1695.42431640625
 20
138.432373046875
 10
1694.18896484375
 20
132.29412841796875
 10
1693.57470703125
 20
129.092529296875
 10
1693.32080078125
 20
127.48187255859375
 10
1693.15576171875
 20
125.863525390625
 10
1693.1298828125
 20
124.23883056640625
 10
1693.19580078125
 20
123.31939697265625
 10
1693.33203125
 20
122.4114990234375
 10
1693.548828125
 20
121.5269775390625
 10
1693.8564453125
 20
120.67718505859375
 10
1694.265625
 20
119.87469482421875
 10
1694.7861328125
 20
119.13165283203125
 10
1695.39599609375
 20
118.48651123046875
 10
1696.08447265625
 20
117.9373779296875
 10
1696.8388671875
 20
117.48126220703125
 10
1697.646484375
 20
117.11541748046875
 10
1698.4951171875
 20
116.83624267578125
 10
1699.37158203125
 20
116.64154052734375
 10
1700.76708984375
 20
116.49639892578125
 10
1702.171875
 20
116.51409912109375
 10
1703.57470703125
 20
116.65289306640625
 10
1705.86328125
 20
117.04193115234375
 10
1712.2763671875
 20
118.49053955078125
 10
1733.43701171875
 20
123.49688720703125
 10
1738.30322265625
 20
124.56829833984375
 10
1745.51953125
 20
126.05816650390625
 10
1745.4521484375
 20
124.00152587890625
 10
1745.14013671875
 20
119.10614013671875
 10
1744.6767578125
 20
114.22283935546875
 10
1744.09326171875
 20
109.60211181640625
 10
1743.40283203125
 20
104.99560546875
 10
1742.6494140625
 20
100.45782470703125
 10
1741.82568359375
 20
95.9320068359375
 10
1741.37255859375
 20
93.66497802734375
 10
1730.8330078125
 20
92.87347412109375
 10
1726.8408203125
 20
92.51617431640625
 10
1713.818359375
 20
91.2403564453125
 10
1703.60693359375
 20
90.37255859375
 10
1697.173828125
 20
89.72747802734375
 10
1686.72216796875
 20
88.56146240234375
 10
1685.48388671875
 20
88.33673095703125
 10
1684.27001953125
 20
88.00982666015625
 10
1683.4990234375
 20
87.718505859375
 10
1682.76904296875
 20
87.3443603515625
 10
1682.1025390625
 20
86.8682861328125
 10
1681.62255859375
 20
86.392578125
 10
1681.2255859375
 20
85.84893798828125
 10
1680.92626953125
 20
85.2449951171875
 10
1680.7373046875
 20
84.5970458984375
 10
1680.65673828125
 20
83.92755126953125
 10
1680.6728515625
 20
83.25
 10
1680.82177734375
 20
82.41021728515625
 10
1681.12646484375
 20
81.6156005859375
 10
1681.60498046875
 20
80.89385986328125
 10
1682.232421875
 20
80.29632568359375
 10
1682.9052734375
 20
79.8812255859375
 10
1683.63916015625
 20
79.58245849609375
 10
1684.40966796875
 20
79.37664794921875
 10
1685.59228515625
 20
79.19512939453125
 10
1686.78857421875
 20
79.12274169921875
 10
1687.990234375
 20
79.1153564453125
 10
1699.486328125
 20
79.4229736328125
 10
1715.05419921875
 20
80.05218505859375
 10
1735.7353515625
 20
80.80194091796875
 10
1734.6376953125
 20
76.66839599609375
 10
1733.31494140625
 20
72.12945556640625
 10
1732.2158203125
 20
68.6297607421875
 10
1731.0419921875
 20
65.1551513671875
 10
1725.9169921875
 20
51.14508056640625
 10
1719.8974609375
 20
51.6768798828125
 10
1705.12744140625
 20
53.3177490234375
 10
1696.36328125
 20
54.43304443359375
 10
1693.33935546875
 20
54.77142333984375
 10
1688.31494140625
 20
55.231201171875
 10
1686.31640625
 20
55.25634765625
 10
1685.087890625
 20
55.14117431640625
 10
1683.8935546875
 20
54.85028076171875
 10
1683.2099609375
 20
54.5618896484375
 10
1682.5771484375
 20
54.1845703125
 10
1682.01123046875
 20
53.7176513671875
 10
1681.52978515625
 20
53.1597900390625
 10
1681.10009765625
 20
52.4119873046875
 10
1680.8193359375
 20
51.59979248046875
 10
1680.66748046875
 20
50.7454833984375
 10
1680.62548828125
 20
49.87158203125
 10
1680.69580078125
 20
48.81939697265625
 10
1680.8681640625
 20
47.77783203125
 10
1681.11083984375
 20
46.74774169921875
 10
1681.86474609375
 20
44.242431640625
 10
1683.57080078125
 20
39.08441162109375
 10
1684.38134765625
 20
36.388671875
 10
1685.4931640625
 20
32.344482421875
 10
1686.44384765625
 20
28.26080322265625
 10
1687.1025390625
 20
24.70928955078125
 10
1687.6396484375
 20
21.1370849609375
 10
1688.18798828125
 20
16.61224365234375
 10
1688.5849609375
 20
12.07208251953125
 10
1688.6923828125
 20
10.07659912109375
 10
1686.015625
 20
9.07904052734375
 10
1682.79052734375
 20
8.0645751953125
 10
1679.51220703125
 20
7.23284912109375
 10
1676.69580078125
 20
6.67578125
 10
1673.85888671875
 20
6.232177734375
 10
1671.0087890625
 20
5.871826171875
 10
1667.45654296875
 20
5.50750732421875
 10
1663.89599609375
 20
5.23345947265625
 10
1660.0615234375
 20
5.0517578125
 10
1658.0361328125
 20
7.02545166015625
 10
1656.0625
 20
5.0
 10
1652.22119140625
 20
5.0823974609375
 10
1648.65478515625
 20
5.26434326171875
 10
1645.09375
 20
5.53717041015625
 10
1642.23583984375
 20
5.82330322265625
 10
1639.38818359375
 20
6.19354248046875
 10
1636.55810546875
 20
6.67791748046875
 10
1633.259765625
 20
7.4246826171875
 10
1630.00927734375
 20
8.35540771484375
 10
1627.30810546875
 20
9.28350830078125
 10
1627.36376953125
 20
11.2808837890625
 10
1627.64306640625
 20
15.83038330078125
 10
1628.07470703125
 20
20.367919921875
 10
1628.51904296875
 20
23.952392578125
 10
1629.0859375
 20
27.51947021484375
 10
1629.9306640625
 20
31.6265869140625
 10
1630.9375
 20
35.69854736328125
 10
1631.67822265625
 20
38.41400146484375
 10
1633.25048828125
 20
43.6146240234375
 10
1633.939453125
 20
46.13824462890625
 10
1634.1552734375
 20
47.17437744140625
 10
1634.30078125
 20
48.22003173828125
 10
1634.34375
 20
49.273681640625
 10
1634.27978515625
 20
50.146240234375
 10
1634.10546875
 20
50.99639892578125
 10
1633.8037109375
 20
51.80078125
 10
1633.35498046875
 20
52.5372314453125
 10
1632.85888671875
 20
53.08233642578125
 10
1632.28173828125
 20
53.53472900390625
 10
1631.63916015625
 20
53.8956298828125
 10
1630.9482421875
 20
54.1658935546875
 10
1629.74658203125
 20
54.42620849609375
 10
1628.51611328125
 20
54.50921630859375
 10
1626.5185546875
 20
54.432373046875
 10
1621.5078125
 20
53.84332275390625
 10
1618.4931640625
 20
53.4268798828125
 10
1609.76123046875
 20
52.0858154296875
 10
1595.0380859375
 20
50.06341552734375
 10
1589.03466796875
 20
49.37652587890625
 10
1584.11279296875
 20
61.81256103515625
 10
1586.00146484375
 20
63.8731689453125
 10
1583.2197265625
 20
64.14788818359375
 10
1583.0478515625
 20
64.61712646484375
 10
1584.96923828125
 20
66.6466064453125
 10
1582.19287109375
 20
66.96630859375
 10
1581.09716796875
 20
70.16302490234375
 10
1579.6572265625
 20
74.66644287109375
 10
1578.453125
 20
78.77008056640625
 10
1599.14697265625
 20
78.55450439453125
 10
1614.72607421875
 20
78.32781982421875
 10
1626.22607421875
 20
78.317626953125
 10
1627.42724609375
 20
78.35614013671875
 10
1628.62109375
 20
78.45904541015625
 10
1629.798828125
 20
78.6710205078125
 10
1630.5634765625
 20
78.89678955078125
 10
1631.28955078125
 20
79.2142333984375
 10
1631.95166015625
 20
79.646728515625
 10
1632.5634765625
 20
80.26007080078125
 10
1633.02294921875
 20
80.9942626953125
 10
1633.30712890625
 20
81.79620361328125
 10
1633.43408203125
 20
82.63983154296875
 10
1633.43310546875
 20
83.31768798828125
 10
1633.3349609375
 20
83.9844970703125
 10
1633.12939453125
 20
84.62750244140625
 10
1632.814453125
 20
85.22369384765625
 10
1632.4033203125
 20
85.75665283203125
 10
1631.91162109375
 20
86.21978759765625
 10
1631.23291015625
 20
86.6787109375
 10
1630.49365234375
 20
87.0335693359375
 10
1629.71533203125
 20
87.30517578125
 10
1628.49365234375
 20
87.60076904296875
 10
1627.25
 20
87.79296875
 10
1625.9951171875
 20
87.9244384765625
 10
1616.771484375
 20
88.6888427734375
 10
1610.32373046875
 20
89.167236328125
 10
1600.09326171875
 20
89.77099609375
 10
1587.04248046875
 20
90.7098388671875
 10
1583.0419921875
 20
90.96429443359375
 10
1572.48583984375
 20
91.4827880859375
 10
1571.97412109375
 20
93.73785400390625
 10
1571.03369140625
 20
98.240234375
 10
1570.16357421875
 20
102.7574462890625
 10
1569.3544921875
 20
107.3446044921875
 10
1568.6513671875
 20
111.94830322265625
 10
1568.0625
 20
116.81817626953125
 10
1567.6240234375
 20
121.70428466796875
 10
1567.5029296875
 20
123.7581787109375
  0
TEXT
  5
A1
330
17
100
AcDbEntity
  8
ANNOTATION
100
AcDbText
 10
1655.4563374690872
 20
92.00782172113871
 30
0.0
 40
12.5
  1
P01 180deg
100
AcDbText
  0
LWPOLYLINE
  5
A2
330
17
100
AcDbEntity
  8
PIECES
100
AcDbPolyline
 90
263
 70
1
 10
1750.51953125
 20
122.21826171875
 10
1758.44384765625
 20
120.62939453125
 10
1767.263671875
 20
119.0263671875
 10
1772.12939453125
 20
118.10205078125
 10
1776.13427734375
 20
117.208984375
 10
1783.93603515625
 20
115.32080078125
 10
1787.7578125
 20
114.4384765625
 10
1792.18994140625
 20
113.57177734375
 10
1794.22509765625
 20
113.291015625
 10
1795.24462890625
 20
113.2509765625
 10
1796.2626953125
 20
113.3232421875
 10
1797.31689453125
 20
113.54931640625
 10
1798.3212890625
 20
113.9267578125
 10
1799.26171875
 20
114.4453125
 10
1800.123046875
 20
115.09619140625
 10
1800.92431640625
 20
115.90966796875
 10
1801.59423828125
 20
116.8310546875
 10
1802.12060546875
 20
117.84423828125
 10
1802.46630859375
 20
118.8212890625
 10
1802.69189453125
 20
119.82861328125
 10
1802.8125
 20
120.857421875
 10
1802.84130859375
 20
121.8984375
 10
1802.79296875
 20
122.9423828125
 10
1802.51416015625
 20
125.03857421875
 10
1800.51171875
 20
134.28369140625
 10
1800.08056640625
 20
137.12451171875
 10
1799.94482421875
 20
138.75537109375
 10
1799.91357421875
 20
140.3896484375
 10
1800.0068359375
 20
142.021484375
 10
1800.18798828125
 20
143.3330078125
 10
1800.47021484375
 20
144.6240234375
 10
1800.8583984375
 20
145.88623046875
 10
1801.35693359375
 20
147.111328125
 10
1801.92626953125
 20
148.2138671875
 10
1802.59033203125
 20
149.25634765625
 10
1803.34765625
 20
150.22998046875
 10
1804.19580078125
 20
151.1259765625
 10
1805.1328125
 20
151.93505859375
 10
1806.1943359375
 20
152.6728515625
 10
1807.3232421875
 20
153.29541015625
 10
1808.509765625
 20
153.80517578125
 10
1809.7412109375
 20
154.20263671875
 10
1811.30859375
 20
154.5439453125
 10
1812.900390625
 20
154.7353515625
 10
1814.50634765625
 20
154.80029296875
 10
1816.1162109375
 20
154.76123046875
 10
1818.4619140625
 20
154.56640625
 10
1820.79638671875
 20
154.25634765625
 10
1825.99267578125
 20
153.40576171875
 10
1828.87158203125
 20
152.9892578125
 10
1831.37841796875
 20
152.7236328125
 10
1833.89404296875
 20
152.55029296875
 10
1836.6494140625
 20
152.45654296875
 10
1838.185546875
 20
152.4609375
 10
1838.5888671875
 20
153.259765625
 10
1838.98583984375
 20
152.4580078125
 10
1840.52392578125
 20
152.44140625
 10
1843.27978515625
 20
152.51318359375
 10
1845.79638671875
 20
152.66650390625
 10
1848.3056640625
 20
152.91259765625
 10
1851.1875
 20
153.306640625
 10
1856.39013671875
 20
154.1162109375
 10
1858.72705078125
 20
154.40771484375
 10
1861.07421875
 20
154.58447265625
 10
1862.6845703125
 20
154.6103515625
 10
1864.2900390625
 20
154.533203125
 10
1865.8798828125
 20
154.3291015625
 10
1867.44482421875
 20
153.97509765625
 10
1868.67333984375
 20
153.56787109375
 10
1869.85546875
 20
153.04931640625
 10
1870.9794921875
 20
152.41748046875
 10
1872.03466796875
 20
151.67138671875
 10
1872.9658203125
 20
150.85546875
 10
1873.806640625
 20
149.95263671875
 10
1874.556640625
 20
148.97265625
 10
1875.21240234375
 20
147.9248046875
 10
1875.7724609375
 20
146.81787109375
 10
1876.26171875
 20
145.58935546875
 10
1876.6396484375
 20
144.32421875
 10
1876.912109375
 20
143.03076171875
 10
1877.0830078125
 20
141.7177734375
 10
1877.1630859375
 20
140.0849609375
 10
1877.119140625
 20
138.451171875
 10
1876.970703125
 20
136.8212890625
 10
1876.5166015625
 20
133.984375
 10
1874.44140625
 20
124.75537109375
 10
1874.146484375
 20
122.6611328125
 10
1874.08984375
 20
121.61767578125
 10
1874.1103515625
 20
120.57666015625
 10
1874.22265625
 20
119.546875
 10
1874.44091796875
 20
118.53759765625
 10
1874.7783203125
 20
117.55810546875
 10
1875.296875
 20
116.54052734375
 10
1875.95947265625
 20
115.61376953125
 10
1876.7548828125
 20
114.7939453125
 10
1877.61083984375
 20
114.13671875
 10
1878.546875
 20
113.6103515625
 10
1879.54833984375
 20
113.22509765625
 10
1880.60107421875
 20
112.99072265625
 10
1881.6181640625
 20
112.91064453125
 10
1882.63818359375
 20
112.94287109375
 10
1884.67529296875
 20
113.20751953125
 10
1889.1142578125
 20
114.0390625
 10
1892.94287109375
 20
114.8916015625
 10
1900.7587890625
 20
116.7177734375
 10
1904.77099609375
 20
117.5791015625
 10
1909.6435546875
 20
118.46533203125
 10
1918.47607421875
 20
119.9990234375
 10
1926.412109375
 20
121.52490234375
 10
1926.046875
 20
116.98974609375
 10
1925.50244140625
 20
112.11474609375
 10
1924.84130859375
 20
107.5048828125
 10
1924.07421875
 20
102.91064453125
 10
1923.2451171875
 20
98.3857421875
 10
1922.345703125
 20
93.87451171875
 10
1921.35400390625
 20
89.318359375
 10
1911.8564453125
 20
88.6708984375
 10
1884.72900390625
 20
87.12939453125
 10
1872.359375
 20
86.5771484375
 10
1866.54833984375
 20
86.20947265625
 10
1865.1484375
 20
85.99951171875
 10
1864.4990234375
 20
85.826171875
 10
1863.87548828125
 20
85.5869140625
 10
1863.29443359375
 20
85.2685546875
 10
1862.77490234375
 20
84.85693359375
 10
1862.2158203125
 20
84.16748046875
 10
1861.83349609375
 20
83.3642578125
 10
1861.6259765625
 20
82.41015625
 10
1861.63818359375
 20
81.4326171875
 10
1861.81689453125
 20
80.62548828125
 10
1862.1796875
 20
79.88818359375
 10
1862.7373046875
 20
79.2802734375
 10
1863.43115234375
 20
78.8251953125
 10
1864.38916015625
 20
78.455078125
 10
1865.3984375
 20
78.23681640625
 10
1867.0439453125
 20
78.04248046875
 10
1871.37451171875
 20
77.8349609375
 10
1874.05078125
 20
77.76708984375
 10
1877.13623046875
 20
77.7490234375
 10
1896.0
 20
77.9169921875
 10
1905.58056640625
 20
78.12353515625
 10
1908.91748046875
 20
78.12841796875
 10
1915.98095703125
 20
77.9814453125
 10
1914.75439453125
 20
73.626953125
 10
1913.36376953125
 20
69.1083984375
 10
1912.21240234375
 20
65.6259765625
 10
1910.986328125
 20
62.16845703125
 10
1906.15576171875
 20
49.56982421875
 10
1903.72607421875
 20
49.7060546875
 10
1900.8388671875
 20
49.9521484375
 10
1897.736328125
 20
50.3193359375
 10
1890.30517578125
 20
51.310546875
 10
1885.9658203125
 20
51.84814453125
 10
1869.06689453125
 20
53.7119140625
 10
1867.0400390625
 20
53.81103515625
 10
1865.76171875
 20
53.76171875
 10
1864.5048828125
 20
53.54736328125
 10
1863.7861328125
 20
53.3134765625
 10
1863.1103515625
 20
52.98828125
 10
1862.498046875
 20
52.5654296875
 10
1861.96923828125
 20
52.03759765625
 10
1861.55517578125
 20
51.42236328125
 10
1861.26171875
 20
50.74755859375
 10
1861.078125
 20
50.02978515625
 10
1860.99169921875
 20
49.28515625
 10
1860.99169921875
 20
48.52978515625
 10
1861.1201171875
 20
47.4384765625
 10
1861.35400390625
 20
46.36279296875
 10
1864.62939453125
 20
34.6923828125
 10
1865.62939453125
 20
30.70703125
 10
1866.447265625
 20
26.681640625
 10
1866.9521484375
 20
23.39306640625
 10
1867.35546875
 20
20.08984375
 10
1867.85693359375
 20
15.154296875
 10
1868.22607421875
 20
10.20751953125
 10
1868.28857421875
 20
8.8896484375
 10
1865.287109375
 20
7.99853515625
 10
1862.48779296875
 20
7.29638671875
 10
1859.65966796875
 20
6.720703125
 10
1856.78857421875
 20
6.2744140625
 10
1853.9033203125
 20
5.9296875
 10
1847.44482421875
 20
5.32763671875
 10
1843.87353515625
 20
5.09619140625
 10
1840.005859375
 20
5.0
 10
1838.013671875
 20
7.0078125
 10
1836.00634765625
 20
5.01611328125
 10
1832.13818359375
 20
5.142578125
 10
1828.5693359375
 20
5.40185546875
 10
1822.11572265625
 20
6.0546875
 10
1819.23291015625
 20
6.4228515625
 10
1816.36572265625
 20
6.8916015625
 10
1813.54248046875
 20
7.4892578125
 10
1810.74853515625
 20
8.21337890625
 10
1807.75390625
 20
9.12841796875
 10
1807.8271484375
 20
10.4453125
 10
1808.23486328125
 20
15.38916015625
 10
1808.775390625
 20
20.3203125
 10
1809.205078125
 20
23.62060546875
 10
1809.7353515625
 20
26.9052734375
 10
1810.5849609375
 20
30.923828125
 10
1811.6162109375
 20
34.90087890625
 10
1814.98388671875
 20
46.5458984375
 10
1815.22607421875
 20
47.61962890625
 10
1815.36279296875
 20
48.70947265625
 10
1815.369140625
 20
49.46484375
 10
1815.28857421875
 20
50.21044921875
 10
1815.1103515625
 20
50.9296875
 10
1814.82275390625
 20
51.6064453125
 10
1814.41357421875
 20
52.22509765625
 10
1813.888671875
 20
52.7568359375
 10
1813.279296875
 20
53.1845703125
 10
1812.6064453125
 20
53.51513671875
 10
1811.8896484375
 20
53.7548828125
 10
1810.63427734375
 20
53.97900390625
 10
1809.35693359375
 20
54.03857421875
 10
1807.3291015625
 20
53.95556640625
 10
1790.416015625
 20
52.224609375
 10
1786.072265625
 20
51.72119140625
 10
1778.63330078125
 20
50.78857421875
 10
1775.52880859375
 20
50.44580078125
 10
1772.63916015625
 20
50.22216796875
 10
1770.20849609375
 20
50.10546875
 10
1766.705078125
 20
59.4296875
 10
1764.99609375
 20
64.1337890625
 10
1766.95556640625
 20
66.126953125
 10
1764.185546875
 20
66.4990234375
 10
1763.15478515625
 20
69.7001953125
 10
1761.7998046875
 20
74.22998046875
 10
1760.607421875
 20
78.59375
 10
1767.671875
 20
78.6845703125
 10
1771.0087890625
 20
78.65380859375
 10
1780.587890625
 20
78.37158203125
 10
1799.44970703125
 20
78.05517578125
 10
1802.53466796875
 20
78.048828125
 10
1805.21142578125
 20
78.095703125
 10
1809.5439453125
 20
78.26904296875
 10
1811.1904296875
 20
78.45068359375
 10
1812.20166015625
 20
78.66064453125
 10
1813.16259765625
 20
79.0234375
 10
1813.85986328125
 20
79.47314453125
 10
1814.42236328125
 20
80.07666015625
 10
1814.79052734375
 20
80.810546875
 10
1814.97607421875
 20
81.6162109375
 10
1814.99560546875
 20
82.59423828125
 10
1814.79541015625
 20
83.5498046875
 10
1814.419921875
 20
84.35595703125
 10
1813.8662109375
 20
85.0498046875
 10
1813.349609375
 20
85.46533203125
 10
1812.771484375
 20
85.78857421875
 10
1812.1494140625
 20
86.0322265625
 10
1811.50146484375
 20
86.2109375
 10
1810.103515625
 20
86.43212890625
 10
1804.29541015625
 20
86.84521484375
 10
1791.9306640625
 20
87.4951171875
 10
1764.81591796875
 20
89.25048828125
 10
1755.32373046875
 20
89.97216796875
 10
1754.3681640625
 20
94.5361328125
 10
1753.50439453125
 20
99.05419921875
 10
1752.71142578125
 20
103.58544921875
 10
1751.98046875
 20
108.185546875
 10
1751.35546875
 20
112.80078125
 10
1750.849609375
 20
117.68017578125
 10
1750.51953125
 20
122.21826171875
  0
TEXT
  5
A3
330
17
100
AcDbEntity
  8
ANNOTATION
100
AcDbText
 10
1837.4657330531131
 20
91.24243999524715
 30
0.0
 40
12.5
  1
P02 180deg
100
AcDbText
  0
LWPOLYLINE
  5
A4
330
17
100
AcDbEntity
  8
PIECES
100
AcDbPolyline
 90
264
 70
1
 10
5.0
 20
277.91986083984375
 10
12.91552734375
 20
276.51312255859375
 10
21.10546875
 20
274.91937255859375
 10
25.83642578125
 20
273.91058349609375
 10
38.45263671875
 20
270.94232177734375
 10
43.61767578125
 20
269.83050537109375
 10
45.94921875
 20
269.42913818359375
 10
47.01416015625
 20
269.29095458984375
 10
48.08251953125
 20
269.20550537109375
 10
49.14990234375
 20
269.19866943359375
 10
50.21337890625
 20
269.29583740234375
 10
51.25439453125
 20
269.51800537109375
 10
52.25244140625
 20
269.87054443359375
 10
53.1904296875
 20
270.35540771484375
 10
54.0517578125
 20
270.97406005859375
 10
54.90576171875
 20
271.82611083984375
 10
55.6015625
 20
272.80804443359375
 10
56.12890625
 20
273.89447021484375
 10
56.44677734375
 20
274.91058349609375
 10
56.6337890625
 20
275.95306396484375
 10
56.7080078125
 20
277.01361083984375
 10
56.6865234375
 20
278.08538818359375
 10
56.58740234375
 20
279.15911865234375
 10
56.427734375
 20
280.22796630859375
 10
55.96875
 20
282.42523193359375
 10
54.84716796875
 20
286.77679443359375
 10
54.40869140625
 20
288.7040405273438
 10
54.06494140625
 20
290.6488647460938
 10
53.8369140625
 20
292.6102905273438
 10
53.751953125
 20
294.2308959960938
 10
53.77734375
 20
295.8515014648438
 10
53.93212890625
 20
297.4647827148438
 10
54.2431640625
 20
299.1185913085938
 10
54.7158203125
 20
300.7304077148438
 10
55.3564453125
 20
302.2850952148438
 10
55.94580078125
 20
303.3939819335938
 10
56.62744140625
 20
304.4437866210938
 10
57.39892578125
 20
305.4266967773438
 10
58.25927734375
 20
306.3329467773438
 10
59.2060546875
 20
307.1547241210938
 10
60.28662109375
 20
307.9144897460938
 10
61.43603515625
 20
308.5599975585938
 10
62.6435546875
 20
309.0917358398438
 10
63.89892578125
 20
309.5092163085938
 10
65.521484375
 20
309.8759155273438
 10
67.1708984375
 20
310.0809936523438
 10
68.8359375
 20
310.1483764648438
 10
70.50537109375
 20
310.0990600585938
 10
72.83935546875
 20
309.8793334960938
 10
75.15869140625
 20
309.5346069335938
 10
83.23779296875
 20
308.0858764648438
 10
85.8779296875
 20
307.7152709960938
 10
88.53271484375
 20
307.4784545898438
 10
90.81103515625
 20
307.4174194335938
 10
91.58642578125
 20
307.4393920898438
 10
91.9873046875
 20
308.2387084960938
 10
92.38623046875
 20
307.4384155273438
 10
93.16162109375
 20
307.4144897460938
 10
95.43994140625
 20
307.4696655273438
 10
98.09521484375
 20
307.6996459960938
 10
100.736328125
 20
308.0634155273438
 10
108.81884765625
 20
309.4921264648438
 10
111.1396484375
 20
309.8305053710938
 10
113.4736328125
 20
310.0448608398438
 10
115.14306640625
 20
310.0892944335938
 10
116.80810546875
 20
310.0180053710938
 10
118.45703125
 20
309.8085327148438
 10
120.0791015625
 20
309.4379272460938
 10
121.3330078125
 20
309.0170288085938
 10
122.5390625
 20
308.4828491210938
 10
123.68701171875
 20
307.8339233398438
 10
124.765625
 20
307.0712280273438
 10
125.71044921875
 20
306.2474975585938
 10
126.568359375
 20
305.3388061523438
 10
127.33740234375
 20
304.3544311523438
 10
128.01611328125
 20
303.3026733398438
 10
128.60302734375
 20
302.1918334960938
 10
129.2392578125
 20
300.6361694335938
 10
129.7080078125
 20
299.0228881835938
 10
130.01513671875
 20
297.3685913085938
 10
130.16552734375
 20
295.7543334960938
 10
130.18701171875
 20
294.1337280273438
 10
130.09814453125
 20
292.5136108398438
 10
129.86474609375
 20
290.5526733398438
 10
129.51611328125
 20
288.6088256835938
 10
129.07275390625
 20
286.68255615234375
 10
127.9404296875
 20
282.33392333984375
 10
127.4755859375
 20
280.13763427734375
 10
127.3134765625
 20
279.06927490234375
 10
127.21142578125
 20
277.99554443359375
 10
127.18701171875
 20
276.92425537109375
 10
127.2587890625
 20
275.86370849609375
 10
127.443359375
 20
274.82073974609375
 10
127.75830078125
 20
273.80364990234375
 10
128.28271484375
 20
272.71575927734375
 10
128.9765625
 20
271.73236083984375
 10
129.828125
 20
270.87786865234375
 10
130.68798828125
 20
270.25726318359375
 10
131.625
 20
269.76995849609375
 10
132.6220703125
 20
269.41448974609375
 10
133.662109375
 20
269.18988037109375
 10
134.7255859375
 20
269.09027099609375
 10
135.79296875
 20
269.09417724609375
 10
136.861328125
 20
269.17669677734375
 10
137.9267578125
 20
269.31243896484375
 10
140.25927734375
 20
269.70794677734375
 10
142.57763671875
 20
270.18109130859375
 10
148.27099609375
 20
271.45648193359375
 10
158.05078125
 20
273.74310302734375
 10
162.7841796875
 20
274.73968505859375
 10
170.978515625
 20
276.31243896484375
 10
178.8974609375
 20
277.69915771484375
 10
178.72265625
 20
274.68255615234375
 10
178.29296875
 20
269.72503662109375
 10
177.763671875
 20
265.11126708984375
 10
177.11376953125
 20
260.51312255859375
 10
176.3525390625
 20
255.97601318359375
 10
175.474609375
 20
251.45989990234375
 10
174.458984375
 20
246.87982177734375
 10
152.2275390625
 20
245.30413818359375
 10
138.58154296875
 20
244.49114990234375
 10
131.63818359375
 20
244.03851318359375
 10
122.11572265625
 20
243.25482177734375
 10
119.060546875
 20
242.95404052734375
 10
118.23046875
 20
242.80511474609375
 10
117.42529296875
 20
242.57562255859375
 10
116.66845703125
 20
242.22406005859375
 10
116.146484375
 20
241.85589599609375
 10
115.7001953125
 20
241.40423583984375
 10
115.3505859375
 20
240.87298583984375
 10
115.08837890625
 20
240.15814208984375
 10
114.98876953125
 20
239.40179443359375
 10
115.021484375
 20
238.63079833984375
 10
115.18701171875
 20
237.78997802734375
 10
115.49853515625
 20
236.99310302734375
 10
115.9619140625
 20
236.28363037109375
 10
116.58349609375
 20
235.71527099609375
 10
117.0859375
 20
235.44281005859375
 10
117.62744140625
 20
235.25823974609375
 10
118.7705078125
 20
235.06341552734375
 10
120.44287109375
 20
234.96234130859375
 10
130.85986328125
 20
234.99017333984375
 10
134.0185546875
 20
235.02288818359375
 10
145.5341796875
 20
235.33050537109375
 10
159.2529296875
 20
235.58489990234375
 10
164.2470703125
 20
235.59417724609375
 10
169.087890625
 20
235.53948974609375
 10
165.10107421875
 20
223.59613037109375
 10
163.86474609375
 20
220.05316162109375
 10
162.65625
 20
216.91937255859375
 10
158.62158203125
 20
207.01898193359375
 10
148.11279296875
 20
208.48675537109375
 10
130.14013671875
 20
211.11224365234375
 10
122.1669921875
 20
212.21771240234375
 10
120.1396484375
 20
212.36029052734375
 10
119.28515625
 20
212.35101318359375
 10
118.43701171875
 20
212.27239990234375
 10
117.603515625
 20
212.09808349609375
 10
116.673828125
 20
211.74505615234375
 10
115.8369140625
 20
211.21331787109375
 10
115.2431640625
 20
210.62786865234375
 10
114.77001953125
 20
209.94329833984375
 10
114.41943359375
 20
209.18304443359375
 10
114.20263671875
 20
208.41107177734375
 10
114.0927734375
 20
207.61859130859375
 10
114.0751953125
 20
206.81439208984375
 10
114.134765625
 20
206.00872802734375
 10
114.3193359375
 20
204.89593505859375
 10
114.59130859375
 20
203.79974365234375
 10
114.916015625
 20
202.71624755859375
 10
116.24951171875
 20
198.69476318359375
 10
117.08642578125
 20
195.97650146484375
 10
117.83154296875
 20
193.23138427734375
 10
118.7470703125
 20
189.22454833984375
 10
119.498046875
 20
185.18304443359375
 10
120.00244140625
 20
181.92230224609375
 10
120.43603515625
 20
178.65130615234375
 10
120.8125
 20
175.33392333984375
 10
121.12744140625
 20
172.01068115234375
 10
121.44140625
 20
167.52972412109375
 10
117.5595703125
 20
166.59075927734375
 10
113.16845703125
 20
165.73675537109375
 10
108.8525390625
 20
165.10003662109375
 10
104.51513671875
 20
164.62689208984375
 10
101.03662109375
 20
164.34466552734375
 10
97.552734375
 20
164.14691162109375
 10
93.80419921875
 20
164.03802490234375
 10
91.80712890625
 20
166.04046630859375
 10
89.8046875
 20
164.04290771484375
 10
86.056640625
 20
164.16156005859375
 10
82.57275390625
 20
164.36810302734375
 10
79.09521484375
 20
164.65911865234375
 10
74.7587890625
 20
165.14349365234375
 10
70.4443359375
 20
165.79095458984375
 10
66.0556640625
 20
166.65618896484375
 10
62.17626953125
 20
167.60491943359375
 10
62.501953125
 20
172.08538818359375
 10
62.82470703125
 20
175.40765380859375
 10
63.2099609375
 20
178.72357177734375
 10
63.6513671875
 20
181.99359130859375
 10
64.16455078125
 20
185.25335693359375
 10
64.92529296875
 20
189.29290771484375
 10
65.8515625
 20
193.29730224609375
 10
66.603515625
 20
196.04046630859375
 10
67.447265625
 20
198.75677490234375
 10
68.791015625
 20
202.77484130859375
 10
69.11865234375
 20
203.85736083984375
 10
69.39306640625
 20
204.95306396484375
 10
69.58056640625
 20
206.06536865234375
 10
69.64208984375
 20
206.87103271484375
 10
69.626953125
 20
207.67474365234375
 10
69.51904296875
 20
208.46820068359375
 10
69.3037109375
 20
209.24017333984375
 10
68.95556640625
 20
210.00140380859375
 10
68.48388671875
 20
210.68695068359375
 10
67.8916015625
 20
211.27386474609375
 10
67.05615234375
 20
211.80804443359375
 10
66.126953125
 20
212.16351318359375
 10
65.29443359375
 20
212.33978271484375
 10
64.4462890625
 20
212.42034912109375
 10
63.591796875
 20
212.43206787109375
 10
61.56396484375
 20
212.29437255859375
 10
53.587890625
 20
211.20941162109375
 10
35.609375
 20
208.62933349609375
 10
25.0966796875
 20
207.18841552734375
 10
21.0869140625
 20
217.09857177734375
 10
19.88623046875
 20
220.23529052734375
 10
18.6591796875
 20
223.78167724609375
 10
14.70263671875
 20
235.73529052734375
 10
19.54345703125
 20
235.77777099609375
 10
24.53759765625
 20
235.75579833984375
 10
38.255859375
 20
235.46624755859375
 10
49.7705078125
 20
235.12933349609375
 10
52.9287109375
 20
235.08929443359375
 10
63.34619140625
 20
235.03509521484375
 10
65.0185546875
 20
235.13128662109375
 10
66.162109375
 20
235.32318115234375
 10
66.7041015625
 20
235.50677490234375
 10
67.20703125
 20
235.77825927734375
 10
67.83056640625
 20
236.34466552734375
 10
68.29541015625
 20
237.05316162109375
 10
68.60888671875
 20
237.84906005859375
 10
68.7763671875
 20
238.68988037109375
 10
68.81103515625
 20
239.46038818359375
 10
68.71337890625
 20
240.21673583984375
 10
68.453125
 20
240.93255615234375
 10
68.10498046875
 20
241.46429443359375
 10
67.65966796875
 20
241.91741943359375
 10
67.138671875
 20
242.28704833984375
 10
66.3828125
 20
242.64056396484375
 10
65.578125
 20
242.87152099609375
 10
64.74853515625
 20
243.02288818359375
 10
58.072265625
 20
243.66156005859375
 10
52.173828125
 20
244.13909912109375
 10
45.2314453125
 20
244.60980224609375
 10
31.58740234375
 20
245.45697021484375
 10
9.3603515625
 20
247.08929443359375
 10
8.3564453125
 20
251.67181396484375
 10
7.48974609375
 20
256.18988037109375
 10
6.740234375
 20
260.72943115234375
 10
6.1015625
 20
265.32904052734375
 10
5.58447265625
 20
269.94427490234375
 10
5.1669921875
 20
274.90277099609375
 10
5.0
 20
277.91986083984375
  0
TEXT
  5
A5
330
17
100
AcDbEntity
  8
ANNOTATION
100
AcDbText
 10
91.771064527107
 20
248.5290323893229
 30
0.0
 40
12.5
  1
P03 180deg
100
AcDbText
  0
LWPOLYLINE
  5
A6
330
17
100
AcDbEntity
  8
PIECES
100
AcDbPolyline
 90
277
 70
1
 10
183.8974609375
 20
274.2235717773438
 10
188.330078125
 20
273.7543334960938
 10
191.42578125
 20
273.3690795898438
 10
195.3857421875
 20
272.8099975585938
 10
203.53076171875
 20
271.5009155273438
 10
207.712890625
 20
270.7474975585938
 10
211.49609375
 20
269.9955444335938
 10
222.68408203125
 20
267.5126342773438
 10
224.53369140625
 20
267.1683959960938
 10
226.39794921875
 20
266.9179077148438
 10
227.4560546875
 20
266.8358764648438
 10
228.51416015625
 20
266.8207397460938
 10
229.56591796875
 20
266.8949584960938
 10
230.60400390625
 20
267.0814819335938
 10
231.607421875
 20
267.3988647460938
 10
232.5517578125
 20
267.8539428710938
 10
233.41650390625
 20
268.4486694335938
 10
234.06982421875
 20
269.0585327148438
 10
234.63330078125
 20
269.7484741210938
 10
235.10205078125
 20
270.5067749023438
 10
235.47021484375
 20
271.3222045898438
 10
235.76171875
 20
272.2890014648438
 10
235.9287109375
 20
273.2792358398438
 10
235.98974609375
 20
274.2860717773438
 10
235.96240234375
 20
275.3021850585938
 10
235.86376953125
 20
276.3207397460938
 10
235.7119140625
 20
277.3348999023438
 10
235.30908203125
 20
279.3270874023438
 10
233.65576171875
 20
285.8993530273438
 10
233.1455078125
 20
288.5585327148438
 10
232.9306640625
 20
290.1972045898438
 10
232.82373046875
 20
291.8436889648438
 10
232.8583984375
 20
293.4921264648438
 10
233.0048828125
 20
294.7792358398438
 10
233.26025390625
 20
296.0463256835938
 10
233.62841796875
 20
297.2846069335938
 10
234.111328125
 20
298.4848022460938
 10
234.6962890625
 20
299.6122436523438
 10
235.3857421875
 20
300.6732788085938
 10
236.17431640625
 20
301.6600952148438
 10
237.05810546875
 20
302.5643920898438
 10
238.0322265625
 20
303.3783569335938
 10
239.12353515625
 20
304.1146850585938
 10
240.2822265625
 20
304.7348022460938
 10
241.49658203125
 20
305.2382202148438
 10
242.75634765625
 20
305.6249389648438
 10
244.0849609375
 20
305.9017944335938
 10
245.4296875
 20
306.0673217773438
 10
246.78564453125
 20
306.1371459960938
 10
248.146484375
 20
306.1254272460938
 10
249.50732421875
 20
306.0473022460938
 10
251.77099609375
 20
305.8109741210938
 10
259.17578125
 20
304.6874389648438
 10
262.0869140625
 20
304.3285522460938
 10
266.37890625
 20
303.9960327148438
 10
269.904296875
 20
303.8339233398438
 10
273.42822265625
 20
304.0233764648438
 10
277.7177734375
 20
304.3890991210938
 10
280.6259765625
 20
304.7704467773438
 10
288.021484375
 20
305.9506225585938
 10
290.28369140625
 20
306.2050170898438
 10
291.64404296875
 20
306.2929077148438
 10
293.0048828125
 20
306.3153686523438
 10
294.36083984375
 20
306.2562866210938
 10
295.70703125
 20
306.1010131835938
 10
297.03759765625
 20
305.8344116210938
 10
298.30029296875
 20
305.4574584960938
 10
299.5185546875
 20
304.9633178710938
 10
300.68212890625
 20
304.3519897460938
 10
301.779296875
 20
303.6244506835938
 10
302.75927734375
 20
302.8182983398438
 10
303.64990234375
 20
301.9208374023438
 10
304.4462890625
 20
300.9398803710938
 10
305.1435546875
 20
299.8842163085938
 10
305.73779296875
 20
298.7616577148438
 10
306.22998046875
 20
297.5648803710938
 10
306.607421875
 20
296.3295288085938
 10
306.873046875
 20
295.0643920898438
 10
307.02880859375
 20
293.7787475585938
 10
307.07666015625
 20
292.1303100585938
 10
306.98193359375
 20
290.4833374023438
 10
306.7802734375
 20
288.8427124023438
 10
306.29052734375
 20
286.1796264648438
 10
304.68798828125
 20
279.5946655273438
 10
304.30029296875
 20
277.5995483398438
 10
304.15625
 20
276.5844116210938
 10
304.06591796875
 20
275.5653686523438
 10
304.0458984375
 20
274.5487670898438
 10
304.11474609375
 20
273.5424194335938
 10
304.28955078125
 20
272.5536499023438
 10
304.58837890625
 20
271.5888061523438
 10
304.962890625
 20
270.7763061523438
 10
305.4375
 20
270.0214233398438
 10
306.005859375
 20
269.3363647460938
 10
306.6640625
 20
268.7313842773438
 10
307.53369140625
 20
268.1434936523438
 10
308.4814453125
 20
267.6957397460938
 10
309.4873046875
 20
267.3861694335938
 10
310.5263671875
 20
267.2074584960938
 10
311.57861328125
 20
267.1415405273438
 10
312.63720703125
 20
267.1644897460938
 10
313.6943359375
 20
267.2548217773438
 10
315.556640625
 20
267.5194702148438
 10
317.40380859375
 20
267.8783569335938
 10
328.572265625
 20
270.4476928710938
 10
332.349609375
 20
271.2284545898438
 10
336.52587890625
 20
272.0145874023438
 10
344.66015625
 20
273.3861694335938
 10
348.61572265625
 20
273.9760131835938
 10
351.70849609375
 20
274.3847045898438
 10
356.13671875
 20
274.8886108398438
 10
355.9482421875
 20
271.8407592773438
 10
355.4990234375
 20
266.8851928710938
 10
354.9521484375
 20
262.2733764648438
 10
354.2841796875
 20
257.6781616210938
 10
353.5048828125
 20
253.1434936523438
 10
352.609375
 20
248.6312866210938
 10
351.775390625
 20
244.9301147460938
 10
344.12109375
 20
244.4594116210938
 10
339.64111328125
 20
244.1410522460938
 10
326.43896484375
 20
243.1166381835938
 10
309.50341796875
 20
241.9970092773438
 10
303.87353515625
 20
241.6640014648438
 10
298.44140625
 20
241.2704467773438
 10
296.74658203125
 20
241.0853881835938
 10
295.9384765625
 20
240.9232788085938
 10
295.16015625
 20
240.6713256835938
 10
294.43994140625
 20
240.2909545898438
 10
293.93115234375
 20
239.8778686523438
 10
293.50927734375
 20
239.3803100585938
 10
293.189453125
 20
238.8095092773438
 10
292.97705078125
 20
238.1503295898438
 10
292.8876953125
 20
237.4638061523438
 10
292.9033203125
 20
236.7665405273438
 10
293.05712890625
 20
235.8949584960938
 10
293.37744140625
 20
235.0726928710938
 10
293.87646484375
 20
234.3490600585938
 10
294.53955078125
 20
233.7743530273438
 10
295.263671875
 20
233.4130249023438
 10
296.04833984375
 20
233.1972045898438
 10
296.8623046875
 20
233.0834350585938
 10
298.50048828125
 20
233.0243530273438
 10
319.11767578125
 20
233.8305053710938
 10
327.43798828125
 20
234.2250366210938
 10
346.59375
 20
234.7289428710938
 10
345.6171875
 20
230.9140014648438
 10
344.46240234375
 20
227.0219116210938
 10
343.2607421875
 20
223.4603881835938
 10
341.95166015625
 20
219.9364624023438
 10
340.716796875
 20
216.8344116210938
 10
339.421875
 20
213.7572631835938
 10
337.90185546875
 20
210.3275756835938
 10
336.1904296875
 20
206.6801147460938
 10
326.1826171875
 20
207.7694702148438
 10
317.25634765625
 20
208.8930053710938
 10
305.32763671875
 20
210.4945678710938
 10
300.2861328125
 20
211.0414428710938
 10
298.25634765625
 20
211.1307983398438
 10
296.98046875
 20
211.0814819335938
 10
295.7255859375
 20
210.8705444335938
 10
294.998046875
 20
210.6337280273438
 10
294.31494140625
 20
210.3036499023438
 10
293.69677734375
 20
209.8734741210938
 10
293.16455078125
 20
209.3358764648438
 10
292.69580078125
 20
208.6098022460938
 10
292.38623046875
 20
207.8041381835938
 10
292.22607421875
 20
206.9491577148438
 10
292.2060546875
 20
206.0536499023438
 10
292.30908203125
 20
205.1659545898438
 10
292.50390625
 20
204.2860717773438
 10
292.75830078125
 20
203.4135131835938
 10
294.69775390625
 20
197.5673217773438
 10
295.5419921875
 20
194.8554077148438
 10
296.31787109375
 20
192.1234741210938
 10
297.3095703125
 20
188.0692749023438
 10
298.1005859375
 20
183.9716186523438
 10
298.56640625
 20
180.7113647460938
 10
298.9150390625
 20
177.4354858398438
 10
299.248046875
 20
172.9105834960938
 10
299.40283203125
 20
168.3764038085938
 10
299.39794921875
 20
167.4691772460938
 10
295.63232421875
 20
166.6542358398438
 10
291.8779296875
 20
165.9535522460938
 10
287.56689453125
 20
165.2836303710938
 10
283.236328125
 20
164.7553100585938
 10
279.76123046875
 20
164.4349975585938
 10
276.27880859375
 20
164.2035522460938
 10
272.49609375
 20
164.0556030273438
 10
270.4873046875
 20
166.0463256835938
 10
268.49658203125
 20
164.0380249023438
 10
264.60791015625
 20
164.1586303710938
 10
261.1240234375
 20
164.3632202148438
 10
257.646484375
 20
164.6561889648438
 10
253.31201171875
 20
165.1513061523438
 10
248.99560546875
 20
165.7880249023438
 10
245.236328125
 20
166.4594116210938
 10
241.46435546875
 20
167.2455444335938
 10
241.45263671875
 20
168.1527709960938
 10
241.572265625
 20
172.6879272460938
 10
241.8701171875
 20
177.2152709960938
 10
242.193359375
 20
180.4935913085938
 10
242.6337890625
 20
183.7577514648438
 10
243.3935546875
 20
187.8607788085938
 10
244.35400390625
 20
191.9227905273438
 10
245.10888671875
 20
194.6605834960938
 10
245.93212890625
 20
197.3793334960938
 10
247.826171875
 20
203.2401733398438
 10
248.07421875
 20
204.1146850585938
 10
248.26171875
 20
204.9960327148438
 10
248.35791015625
 20
205.8842163085938
 10
248.3310546875
 20
206.7797241210938
 10
248.16455078125
 20
207.6332397460938
 10
247.8486328125
 20
208.4369506835938
 10
247.37451171875
 20
209.1596069335938
 10
246.837890625
 20
209.6923217773438
 10
246.21630859375
 20
210.1181030273438
 10
245.53076171875
 20
210.4428100585938
 10
244.8017578125
 20
210.6737670898438
 10
243.544921875
 20
210.8749389648438
 10
242.2685546875
 20
210.9144897460938
 10
240.23974609375
 20
210.8099975585938
 10
235.20263671875
 20
210.2235717773438
 10
223.28662109375
 20
208.5307006835938
 10
214.369140625
 20
207.3378295898438
 10
204.3701171875
 20
206.1713256835938
 10
202.63037109375
 20
209.8056030273438
 10
201.1640625
 20
213.0463256835938
 10
202.96435546875
 20
215.1845092773438
 10
200.17333984375
 20
215.3417358398438
 10
199.97607421875
 20
215.8007202148438
 10
201.8115234375
 20
217.9086303710938
 10
199.02392578125
 20
218.1122436523438
 10
198.83544921875
 20
218.5756225585938
 10
200.7109375
 20
220.6473999023438
 10
197.927734375
 20
220.9047241210938
 10
197.75
 20
221.3720092773438
 10
199.6640625
 20
223.4091186523438
 10
196.88623046875
 20
223.7177124023438
 10
196.72265625
 20
224.1903686523438
 10
198.6796875
 20
226.1859741210938
 10
195.9091796875
 20
226.5541381835938
 10
194.7568359375
 20
230.3314819335938
 10
193.75048828125
 20
234.1390991210938
 10
212.91015625
 20
233.7831420898438
 10
221.23291015625
 20
233.4525756835938
 10
241.85546875
 20
232.8056030273438
 10
243.49365234375
 20
232.8773803710938
 10
244.30615234375
 20
232.9974975585938
 10
245.08935546875
 20
233.2191772460938
 10
245.810546875
 20
233.5863647460938
 10
246.46923828125
 20
234.1659545898438
 10
246.962890625
 20
234.8934936523438
 10
247.27685546875
 20
235.7182006835938
 10
247.423828125
 20
236.5907592773438
 10
247.43408203125
 20
237.2885131835938
 10
247.33935546875
 20
237.9745483398438
 10
247.1220703125
 20
238.6317749023438
 10
246.79736328125
 20
239.2001342773438
 10
246.3720703125
 20
239.6942749023438
 10
245.8603515625
 20
240.1034545898438
 10
245.13671875
 20
240.4784545898438
 10
244.35693359375
 20
240.7240600585938
 10
243.54736328125
 20
240.8798217773438
 10
241.85107421875
 20
241.0521850585938
 10
236.416015625
 20
241.4032592773438
 10
230.78369140625
 20
241.6932983398438
 10
213.84033203125
 20
242.6820678710938
 10
200.63037109375
 20
243.6049194335938
 10
196.1484375
 20
243.8881225585938
 10
188.49072265625
 20
244.3002319335938
 10
187.6279296875
 20
247.9940795898438
 10
186.69775390625
 20
252.4999389648438
 10
185.88330078125
 20
257.0277709960938
 10
185.1796875
 20
261.6181030273438
 10
184.59716796875
 20
266.2255249023438
 10
184.10986328125
 20
271.1776733398438
 10
183.8974609375
 20
274.2235717773438
  0
TEXT
  5
A7
330
17
100
AcDbEntity
  8
ANNOTATION
100
AcDbText
 10
267.2717910931859
 20
244.642238575629
 30
0.0
 40
12.5
  1
P04 180deg
100
AcDbText
  0
LWPOLYLINE
  5
A8
330
17
100
AcDbEntity
  8
PIECES
100
AcDbPolyline
 90
289
 70
1
 10
361.13671875
 20
272.29876708984375
 10
370.6748046875
 20
271.07855224609375
 10
375.38330078125
 20
270.40130615234375
 10
380.080078125
 20
269.64691162109375
 10
384.06201171875
 20
268.92034912109375
 10
388.03271484375
 20
268.13372802734375
 10
392.00439453125
 20
267.30169677734375
 10
400.32861328125
 20
265.44915771484375
 10
401.71142578125
 20
265.19036865234375
 10
403.10302734375
 20
265.00775146484375
 10
404.50390625
 20
264.94573974609375
 10
405.3876953125
 20
264.98968505859375
 10
406.259765625
 20
265.11273193359375
 10
407.107421875
 20
265.32611083984375
 10
407.91845703125
 20
265.64202880859375
 10
408.68017578125
 20
266.07171630859375
 10
409.4443359375
 20
266.68255615234375
 10
410.095703125
 20
267.40765380859375
 10
410.6298828125
 20
268.22650146484375
 10
411.04150390625
 20
269.11907958984375
 10
411.3359375
 20
270.10833740234375
 10
411.49609375
 20
271.12152099609375
 10
411.54150390625
 20
272.15081787109375
 10
411.4921875
 20
273.18890380859375
 10
411.36767578125
 20
274.22943115234375
 10
411.18798828125
 20
275.26409912109375
 10
410.68408203125
 20
277.49017333984375
 10
409.66796875
 20
281.56927490234375
 10
409.287109375
 20
283.45013427734375
 10
409.00048828125
 20
285.34759521484375
 10
408.853515625
 20
286.89105224609375
 10
408.79736328125
 20
288.43841552734375
 10
408.84716796875
 20
289.98626708984375
 10
408.974609375
 20
291.22454833984375
 10
409.18994140625
 20
292.44769287109375
 10
409.50439453125
 20
293.64739990234375
 10
409.927734375
 20
294.81439208984375
 10
410.47314453125
 20
295.94818115234375
 10
411.1298828125
 20
297.01458740234375
 10
411.892578125
 20
298.00628662109375
 10
412.755859375
 20
298.91302490234375
 10
413.7138671875
 20
299.72698974609375
 10
414.8203125
 20
300.47601318359375
 10
415.99951171875
 20
301.09906005859375
 10
417.23779296875
 20
301.59710693359375
 10
418.52294921875
 20
301.97259521484375
 10
420.11669921875
 20
302.26800537109375
 10
421.72998046875
 20
302.40765380859375
 10
423.353515625
 20
302.41351318359375
 10
424.97705078125
 20
302.30755615234375
 10
427.224609375
 20
302.01702880859375
 10
434.62939453125
 20
300.70843505859375
 10
439.54296875
 20
299.95111083984375
 10
441.51806640625
 20
299.71673583984375
 10
443.7158203125
 20
299.59857177734375
 10
444.77294921875
 20
299.60833740234375
 10
445.17822265625
 20
300.40570068359375
 10
445.57275390625
 20
299.60345458984375
 10
446.63037109375
 20
299.58001708984375
 10
448.82958984375
 20
299.67034912109375
 10
450.8076171875
 20
299.87982177734375
 10
455.73046875
 20
300.57464599609375
 10
463.15087890625
 20
301.78900146484375
 10
465.40234375
 20
302.05120849609375
 10
467.02685546875
 20
302.13665771484375
 10
468.650390625
 20
302.11029052734375
 10
470.26171875
 20
301.95013427734375
 10
471.8515625
 20
301.63421630859375
 10
473.13134765625
 20
301.24261474609375
 10
474.36376953125
 20
300.72894287109375
 10
475.53466796875
 20
300.09124755859375
 10
476.6318359375
 20
299.32855224609375
 10
477.57958984375
 20
298.50238037109375
 10
478.43115234375
 20
297.58441162109375
 10
479.18115234375
 20
296.58343505859375
 10
479.82421875
 20
295.50823974609375
 10
480.35546875
 20
294.36810302734375
 10
480.763671875
 20
293.19573974609375
 10
481.06298828125
 20
291.99212646484375
 10
481.2626953125
 20
290.76654052734375
 10
481.37451171875
 20
289.52679443359375
 10
481.40478515625
 20
287.97845458984375
 10
481.32861328125
 20
286.43157958984375
 10
481.16259765625
 20
284.89007568359375
 10
480.85205078125
 20
282.99652099609375
 10
480.447265625
 20
281.12054443359375
 10
479.37939453125
 20
277.05462646484375
 10
478.84765625
 20
274.83538818359375
 10
478.654296875
 20
273.80267333984375
 10
478.5166015625
 20
272.76409912109375
 10
478.4541015625
 20
271.72650146484375
 10
478.48681640625
 20
270.69671630859375
 10
478.63427734375
 20
269.68206787109375
 10
478.916015625
 20
268.68890380859375
 10
479.31591796875
 20
267.79095458984375
 10
479.83984375
 20
266.96575927734375
 10
480.48193359375
 20
266.23236083984375
 10
481.23828125
 20
265.61175537109375
 10
481.99462890625
 20
265.17230224609375
 10
482.80126953125
 20
264.84661865234375
 10
483.646484375
 20
264.62200927734375
 10
484.5166015625
 20
264.48822021484375
 10
485.39990234375
 20
264.43304443359375
 10
486.80126953125
 20
264.47698974609375
 10
488.1953125
 20
264.64202880859375
 10
489.5810546875
 20
264.88323974609375
 10
497.92822265625
 20
266.63031005859375
 10
501.91064453125
 20
267.41156005859375
 10
505.890625
 20
268.14788818359375
 10
509.88134765625
 20
268.82415771484375
 10
514.58740234375
 20
269.51898193359375
 10
519.30419921875
 20
270.13616943359375
 10
528.85693359375
 20
271.23577880859375
 10
528.267578125
 20
265.80755615234375
 10
527.84765625
 20
262.48040771484375
 10
527.19873046875
 20
257.88177490234375
 10
526.44775390625
 20
253.29925537109375
 10
525.58154296875
 20
248.78070068359375
 10
524.59375
 20
244.28753662109375
 10
523.9970703125
 20
241.87249755859375
 10
513.484375
 20
241.20062255859375
 10
503.7734375
 20
240.68597412109375
 10
490.125
 20
240.02874755859375
 10
478.73388671875
 20
239.56976318359375
 10
473.96630859375
 20
239.42181396484375
 10
472.228515625
 20
239.31488037109375
 10
470.5029296875
 20
239.09759521484375
 10
469.28076171875
 20
238.80950927734375
 10
468.708984375
 20
238.57220458984375
 10
468.18701171875
 20
238.24066162109375
 10
467.70361328125
 20
237.76312255859375
 10
467.33251953125
 20
237.19476318359375
 10
467.0751953125
 20
236.56146240234375
 10
466.90771484375
 20
235.58245849609375
 10
466.97021484375
 20
234.58831787109375
 10
467.10009765625
 20
234.03167724609375
 10
467.310546875
 20
233.50628662109375
 10
467.61962890625
 20
233.03314208984375
 10
468.19970703125
 20
232.51849365234375
 10
468.89599609375
 20
232.16156005859375
 10
469.7724609375
 20
231.90765380859375
 10
470.67822265625
 20
231.77386474609375
 10
472.27392578125
 20
231.67718505859375
 10
479.33837890625
 20
231.60150146484375
 10
482.48681640625
 20
231.62396240234375
 10
489.26904296875
 20
231.76312255859375
 10
501.2978515625
 20
232.13909912109375
 10
505.50244140625
 20
232.23919677734375
 10
509.7080078125
 20
232.28607177734375
 10
513.06298828125
 20
232.27337646484375
 10
519.79296875
 20
232.11614990234375
 10
518.6044921875
 20
227.88275146484375
 10
517.177734375
 20
223.41546630859375
 10
515.59375
 20
219.00042724609375
 10
513.82568359375
 20
214.57611083984375
 10
511.89990234375
 20
210.21917724609375
 10
509.81884765625
 20
205.93353271484375
 10
509.2646484375
 20
204.88958740234375
 10
504.51513671875
 20
205.35491943359375
 10
495.21337890625
 20
206.39202880859375
 10
490.8212890625
 20
206.96771240234375
 10
473.84375
 20
209.59320068359375
 10
471.86279296875
 20
209.78656005859375
 10
471.00927734375
 20
209.80267333984375
 10
470.16162109375
 20
209.74359130859375
 10
469.33056640625
 20
209.57513427734375
 10
468.64306640625
 20
209.32122802734375
 10
468.0068359375
 20
208.96917724609375
 10
467.43408203125
 20
208.52191162109375
 10
466.939453125
 20
207.98431396484375
 10
466.47802734375
 20
207.25140380859375
 10
466.15869140625
 20
206.44769287109375
 10
465.9765625
 20
205.59710693359375
 10
465.92333984375
 20
204.72454833984375
 10
465.98193359375
 20
203.85491943359375
 10
466.12646484375
 20
202.98919677734375
 10
466.57421875
 20
201.27679443359375
 10
468.185546875
 20
196.28167724609375
 10
469.01220703125
 20
193.56439208984375
 10
469.7578125
 20
190.82366943359375
 10
470.708984375
 20
186.75970458984375
 10
471.46875
 20
182.65667724609375
 10
471.91357421875
 20
179.39300537109375
 10
472.2255859375
 20
176.11370849609375
 10
472.42578125
 20
172.37591552734375
 10
472.4599609375
 20
168.63275146484375
 10
472.41015625
 20
167.21673583984375
 10
469.40869140625
 20
166.40765380859375
 10
465.79541015625
 20
165.63519287109375
 10
463.1298828125
 20
165.20306396484375
 10
460.4501953125
 20
164.86907958984375
 10
457.76123046875
 20
164.61077880859375
 10
455.06689453125
 20
164.40667724609375
 10
451.5048828125
 20
164.19525146484375
 10
447.9404296875
 20
164.05853271484375
 10
446.31591796875
 20
164.03802490234375
 10
444.3291015625
 20
166.05023193359375
 10
442.31689453125
 20
164.06341552734375
 10
440.68798828125
 20
164.10491943359375
 10
437.12548828125
 20
164.28656005859375
 10
433.56640625
 20
164.54290771484375
 10
430.875
 20
164.78118896484375
 10
428.189453125
 20
165.07366943359375
 10
425.5146484375
 20
165.44183349609375
 10
422.8544921875
 20
165.90716552734375
 10
419.25146484375
 20
166.72552490234375
 10
416.259765625
 20
167.57269287109375
 10
416.22802734375
 20
168.98919677734375
 10
416.31005859375
 20
172.73138427734375
 10
416.5576171875
 20
176.46624755859375
 10
416.9111328125
 20
179.74163818359375
 10
417.3974609375
 20
182.99945068359375
 10
418.208984375
 20
187.09271240234375
 10
419.2119140625
 20
191.14398193359375
 10
419.9921875
 20
193.87493896484375
 10
420.85302734375
 20
196.58197021484375
 10
422.52734375
 20
201.55609130859375
 10
422.9970703125
 20
203.26263427734375
 10
423.15234375
 20
204.12640380859375
 10
423.22216796875
 20
204.99505615234375
 10
423.1796875
 20
205.86810302734375
 10
423.00830078125
 20
206.72113037109375
 10
422.69970703125
 20
207.52874755859375
 10
422.2470703125
 20
208.26751708984375
 10
421.75927734375
 20
208.81146240234375
 10
421.19287109375
 20
209.26556396484375
 10
420.560546875
 20
209.62591552734375
 10
419.87646484375
 20
209.88861083984375
 10
419.04736328125
 20
210.06781005859375
 10
418.20068359375
 20
210.13763427734375
 10
417.34716796875
 20
210.13226318359375
 10
415.36376953125
 20
209.96380615234375
 10
398.3544921875
 20
207.55364990234375
 10
393.95556640625
 20
207.03411865234375
 10
384.64111328125
 20
206.11468505859375
 10
379.88671875
 20
205.70941162109375
 10
379.345703125
 20
206.76068115234375
 10
377.31884765625
 20
211.07220458984375
 10
376.40185546875
 20
213.22015380859375
 10
378.21240234375
 20
215.34954833984375
 10
375.4228515625
 20
215.52044677734375
 10
375.2431640625
 20
215.98675537109375
 10
377.126953125
 20
218.05169677734375
 10
374.3447265625
 20
218.31976318359375
 10
374.1650390625
 20
218.78656005859375
 10
376.08740234375
 20
220.81585693359375
 10
373.310546875
 20
221.13568115234375
 10
373.14794921875
 20
221.60833740234375
 10
375.1044921875
 20
223.60443115234375
 10
372.33349609375
 20
223.97210693359375
 10
370.8388671875
 20
228.81927490234375
 10
369.7041015625
 20
233.06781005859375
 10
376.435546875
 20
233.13958740234375
 10
379.79052734375
 20
233.10931396484375
 10
383.9951171875
 20
233.00970458984375
 10
400.22119140625
 20
232.32757568359375
 10
407.0009765625
 20
232.10247802734375
 10
410.1484375
 20
232.03997802734375
 10
417.21337890625
 20
232.02630615234375
 10
418.810546875
 20
232.10296630859375
 10
419.7177734375
 20
232.22503662109375
 10
420.59765625
 20
232.46771240234375
 10
421.2978515625
 20
232.81536865234375
 10
421.884765625
 20
233.32318115234375
 10
422.19970703125
 20
233.79241943359375
 10
422.4169921875
 20
234.31536865234375
 10
422.5537109375
 20
234.87005615234375
 10
422.62890625
 20
235.86322021484375
 10
422.47412109375
 20
236.84417724609375
 10
422.224609375
 20
237.48089599609375
 10
421.86083984375
 20
238.05364990234375
 10
421.3837890625
 20
238.53753662109375
 10
420.86572265625
 20
238.87542724609375
 10
420.296875
 20
239.12005615234375
 10
419.07861328125
 20
239.42376708984375
 10
417.35595703125
 20
239.66253662109375
 10
415.61962890625
 20
239.79144287109375
 10
410.8544921875
 20
239.99993896484375
 10
399.47021484375
 20
240.60345458984375
 10
385.83056640625
 20
241.43353271484375
 10
376.126953125
 20
242.07122802734375
 10
365.62353515625
 20
242.87640380859375
 10
365.0576171875
 20
245.29876708984375
 10
364.126953125
 20
249.80413818359375
 10
363.31787109375
 20
254.33343505859375
 10
362.62548828125
 20
258.92523193359375
 10
362.03515625
 20
263.53118896484375
 10
361.6572265625
 20
266.86370849609375
 10
361.13671875
 20
272.29876708984375
  0
TEXT
  5
A9
330
17
100
AcDbEntity
  8
ANNOTATION
100
AcDbText
 10
442.55699374189015
 20
241.53936640861536
 30
0.0
 40
12.5
  1
P05 180deg
100
AcDbText
  0
LWPOLYLINE
  5
AA
330
17
100
AcDbEntity
  8
PIECES
100
AcDbPolyline
 90
266
 70
1
 10
620.70654296875
 20
166.07183837890625
 10
618.74169921875
 20
164.03802490234375
 10
616.70849609375
 20
166.00231933593756
 10
609.93701171875
 20
166.20208740234375
 10
606.77099609375
 20
166.37084960937494
 10
603.61181640625
 20
166.61859130859375
 10
600.46533203125
 20
166.97198486328125
 10
597.33544921875
 20
167.45831298828125
 10
593.71923828125
 20
168.21362304687494
 10
590.79443359375
 20
168.97528076171875
 10
590.74853515625
 20
173.21643066406256
 10
590.89306640625
 20
176.95690917968756
 10
591.15673828125
 20
180.24053955078125
 10
591.55322265625
 20
183.51068115234375
 10
592.25244140625
 20
187.62445068359375
 10
593.14306640625
 20
191.70159912109375
 10
593.84716796875
 20
194.4534912109375
 10
594.63427734375
 20
197.1827392578125
 10
596.18505859375
 20
202.19744873046875
 10
596.60986328125
 20
203.91217041015625
 10
596.74658203125
 20
204.7784423828125
 10
596.80224609375
 20
205.64862060546875
 10
596.75439453125
 20
206.521240234375
 10
596.58349609375
 20
207.3809814453125
 10
596.27783203125
 20
208.1961669921875
 10
595.82470703125
 20
208.9412841796875
 10
595.32568359375
 20
209.493408203125
 10
594.74267578125
 20
209.9508056640625
 10
594.09326171875
 20
210.31085205078125
 10
593.39208984375
 20
210.57232666015625
 10
592.54443359375
 20
210.75164794921875
 10
591.67919921875
 20
210.82147216796875
 10
590.80810546875
 20
210.81292724609375
 10
588.86083984375
 20
210.62847900390625
 10
580.63330078125
 20
209.2789306640625
 10
571.90380859375
 20
207.70623779296875
 10
567.52685546875
 20
207.00701904296875
 10
563.13818359375
 20
206.37933349609375
 10
558.23486328125
 20
205.73809814453125
 10
553.85888671875
 20
205.22698974609375
 10
551.66162109375
 20
209.43499755859375
 10
549.61083984375
 20
213.734130859375
 10
547.71435546875
 20
218.10540771484375
 10
546.00341796875
 20
222.47222900390625
 10
544.44677734375
 20
226.89642333984375
 10
543.05322265625
 20
231.360595703125
 10
549.12548828125
 20
231.64569091796875
 10
552.46630859375
 20
231.74383544921875
 10
556.93994140625
 20
231.81036376953125
 10
565.47021484375
 20
231.80780029296875
 10
583.03564453125
 20
231.70721435546875
 10
590.18701171875
 20
231.78900146484375
 10
591.75830078125
 20
231.86944580078125
 10
592.72705078125
 20
232.00213623046875
 10
593.65576171875
 20
232.287109375
 10
594.35009765625
 20
232.68780517578125
 10
594.92431640625
 20
233.24285888671875
 10
595.34130859375
 20
233.94219970703125
 10
595.58251953125
 20
234.72344970703125
 10
595.65478515625
 20
235.5633544921875
 10
595.52587890625
 20
236.3934326171875
 10
595.15673828125
 20
237.18988037109375
 10
594.57373046875
 20
237.84515380859375
 10
594.00634765625
 20
238.22113037109375
 10
593.37744140625
 20
238.48406982421875
 10
592.48583984375
 20
238.69482421875
 10
591.57373046875
 20
238.80621337890625
 10
584.93896484375
 20
239.24737548828125
 10
582.04541015625
 20
239.38604736328125
 10
572.05712890625
 20
239.71990966796875
 10
562.37451171875
 20
240.232421875
 10
548.95556640625
 20
240.79913330078125
 10
544.36474609375
 20
241.10858154296875
 10
538.53173828125
 20
241.64349365234375
 10
537.33251953125
 20
246.84332275390625
 10
536.63232421875
 20
250.37054443359375
 10
538.86767578125
 20
252.04766845703125
 10
536.18505859375
 20
252.83001708984375
 10
536.10107421875
 20
253.3228759765625
 10
538.35498046875
 20
254.97576904296875
 10
535.68017578125
 20
255.78741455078125
 10
535.60400390625
 20
256.28131103515625
 10
537.89404296875
 20
257.88385009765625
 10
535.23779296875
 20
258.75457763671875
 10
534.53369140625
 20
263.85162353515625
 10
533.85693359375
 20
269.75225830078125
 10
538.78076171875
 20
269.24139404296875
 10
543.34716796875
 20
268.6334228515625
 10
546.64599609375
 20
268.10614013671875
 10
553.22119140625
 20
266.9202880859375
 10
559.84326171875
 20
265.666015625
 10
568.68994140625
 20
263.78350830078125
 10
574.22705078125
 20
262.93096923828125
 10
575.28076171875
 20
262.80426025390625
 10
576.33154296875
 20
262.76214599609375
 10
577.37939453125
 20
262.85491943359375
 10
578.33935546875
 20
263.09942626953125
 10
579.24560546875
 20
263.48907470703125
 10
580.08935546875
 20
264.00775146484375
 10
580.85693359375
 20
264.64007568359375
 10
581.59814453125
 20
265.44769287109375
 10
582.20361328125
 20
266.35601806640625
 10
582.64892578125
 20
267.35443115234375
 10
582.88134765625
 20
268.21405029296875
 10
583.00439453125
 20
269.0933837890625
 10
583.03759765625
 20
269.9852294921875
 10
582.99853515625
 20
270.88232421875
 10
582.90478515625
 20
271.77825927734375
 10
582.52685546875
 20
273.97491455078125
 10
581.55029296875
 20
278.27606201171875
 10
581.11376953125
 20
280.41021728515625
 10
580.76318359375
 20
282.55950927734375
 10
580.58837890625
 20
284.08087158203125
 10
580.49462890625
 20
285.60748291015625
 10
580.50341796875
 20
287.13677978515625
 10
580.64990234375
 20
288.7587890625
 10
580.95654296875
 20
290.35406494140625
 10
581.43994140625
 20
291.9058837890625
 10
581.93896484375
 20
293.04864501953125
 10
582.54443359375
 20
294.13323974609375
 10
583.25244140625
 20
295.15155029296875
 10
584.05712890625
 20
296.09649658203125
 10
584.95654296875
 20
296.95892333984375
 10
585.98974609375
 20
297.7633056640625
 10
587.09814453125
 20
298.45343017578125
 10
588.27294921875
 20
299.02374267578125
 10
589.50341796875
 20
299.46942138671875
 10
590.85400390625
 20
299.80316162109375
 10
592.22802734375
 20
300.00360107421875
 10
593.61767578125
 20
300.087890625
 10
595.01416015625
 20
300.0731201171875
 10
596.41064453125
 20
299.97686767578125
 10
598.62646484375
 20
299.69793701171875
 10
603.02978515625
 20
298.92559814453125
 10
605.99169921875
 20
298.44989013671875
 10
608.96826171875
 20
298.08087158203125
 10
613.70556640625
 20
297.76885986328125
 10
619.10791015625
 20
297.86334228515625
 10
623.83154296875
 20
298.34027099609375
 10
626.79345703125
 20
298.81292724609375
 10
629.73779296875
 20
299.39190673828125
 10
634.11083984375
 20
300.31719970703125
 10
636.31591796875
 20
300.6734619140625
 10
637.70751953125
 20
300.818603515625
 10
639.10302734375
 20
300.88189697265625
 10
640.49462890625
 20
300.84600830078125
 10
641.87548828125
 20
300.69366455078125
 10
643.23681640625
 20
300.40740966796875
 10
644.48193359375
 20
300.00482177734375
 10
645.67626953125
 20
299.475830078125
 10
646.80712890625
 20
298.82513427734375
 10
647.86767578125
 20
298.05731201171875
 10
648.79638671875
 20
297.22625732421875
 10
649.63427734375
 20
296.31048583984375
 10
650.37744140625
 20
295.31732177734375
 10
651.02001953125
 20
294.25421142578125
 10
651.55908203125
 20
293.12969970703125
 10
652.09619140625
 20
291.59600830078125
 10
652.45751953125
 20
290.01214599609375
 10
652.66064453125
 20
288.39617919921875
 10
652.72314453125
 20
286.86822509765625
 10
652.68310546875
 20
285.33905029296875
 10
652.56103515625
 20
283.8128662109375
 10
652.28662109375
 20
281.65252685546875
 10
651.92431640625
 20
279.50457763671875
 10
651.09814453125
 20
275.17193603515625
 10
650.79736328125
 20
272.96307373046875
 10
650.73486328125
 20
272.06475830078125
 10
650.72705078125
 20
271.16656494140625
 10
650.79150390625
 20
270.27642822265625
 10
650.94580078125
 20
269.40203857421875
 10
651.20751953125
 20
268.55084228515625
 10
651.68701171875
 20
267.56890869140625
 10
652.32373046875
 20
266.68218994140625
 10
653.09228515625
 20
265.90106201171875
 10
653.88330078125
 20
265.2958984375
 10
654.74267578125
 20
264.80682373046875
 10
655.66259765625
 20
264.4490966796875
 10
656.63134765625
 20
264.23834228515625
 10
657.68115234375
 20
264.1820068359375
 10
658.72998046875
 20
264.26092529296875
 10
663.05615234375
 20
265.0301513671875
 10
665.28271484375
 20
265.46942138671875
 10
674.05810546875
 20
267.65972900390625
 10
680.63232421875
 20
269.14434814453125
 10
687.16259765625
 20
270.55889892578125
 10
690.43994140625
 20
271.20086669921875
 10
694.98388671875
 20
271.96783447265625
 10
699.88623046875
 20
272.65032958984375
 10
699.41650390625
 20
266.729736328125
 10
699.09033203125
 20
263.39166259765625
 10
698.57080078125
 20
258.77716064453125
 10
697.95068359375
 20
254.17498779296875
 10
697.21142578125
 20
249.63397216796875
 10
696.19482421875
 20
244.39569091796875
 10
690.38427734375
 20
243.65740966796875
 10
685.80712890625
 20
243.18804931640625
 10
672.41552734375
 20
242.15338134765625
 10
662.75732421875
 20
241.30328369140625
 10
652.78662109375
 20
240.62078857421875
 10
649.89990234375
 20
240.38128662109375
 10
643.28466796875
 20
239.70867919921875
 10
642.37646484375
 20
239.56573486328125
 10
641.49365234375
 20
239.32379150390625
 10
640.87353515625
 20
239.03900146484375
 10
640.31982421875
 20
238.64385986328125
 10
639.75927734375
 20
237.96868896484375
 10
639.41845703125
 20
237.15985107421875
 10
639.31884765625
 20
236.32550048828125
 10
639.42041015625
 20
235.48858642578125
 10
639.68896484375
 20
234.71612548828125
 10
640.12939453125
 20
234.03179931640625
 10
640.72314453125
 20
233.497314453125
 10
641.43017578125
 20
233.12103271484375
 10
642.36962890625
 20
232.86865234375
 10
643.34228515625
 20
232.76983642578125
 10
644.91455078125
 20
232.74444580078125
 10
652.06591796875
 20
232.91192626953125
 10
669.61669921875
 20
233.62554931640625
 10
678.14111328125
 20
233.92596435546875
 10
682.61474609375
 20
234.01519775390625
 10
685.95654296875
 20
234.03399658203125
 10
692.03564453125
 20
233.96124267578125
 10
690.79736328125
 20
229.45062255859375
 10
689.39697265625
 20
224.97515869140625
 10
687.83935546875
 20
220.55126953125
 10
686.09716796875
 20
216.1165771484375
 10
684.19677734375
 20
211.74847412109375
 10
682.14892578125
 20
207.46636962890625
 10
677.75732421875
 20
207.8245849609375
 10
672.83349609375
 20
208.2939453125
 10
668.42626953125
 20
208.76824951171875
 10
664.02783203125
 20
209.31414794921875
 10
655.24853515625
 20
210.58111572265625
 10
646.97900390625
 20
211.64288330078125
 10
645.02685546875
 20
211.75909423828125
 10
644.15576171875
 20
211.73748779296875
 10
643.29345703125
 20
211.63763427734375
 10
642.45263671875
 20
211.42877197265625
 10
641.76123046875
 20
211.14288330078125
 10
641.12353515625
 20
210.7603759765625
 10
640.55810546875
 20
210.28302001953125
 10
640.07763671875
 20
209.71368408203125
 10
639.65185546875
 20
208.95343017578125
 10
639.37451171875
 20
208.1279296875
 10
639.23388671875
 20
207.26287841796875
 10
639.21630859375
 20
206.38885498046875
 10
639.30224609375
 20
205.52117919921875
 10
639.46923828125
 20
204.6600341796875
 10
639.95361328125
 20
202.96124267578125
 10
641.67822265625
 20
198.00390625
 10
642.56103515625
 20
195.30401611328125
 10
643.35986328125
 20
192.57818603515625
 10
644.39208984375
 20
188.5343017578125
 10
645.23486328125
 20
184.44757080078125
 10
645.74560546875
 20
181.19329833984375
 10
646.12255859375
 20
177.92071533203125
 10
646.39794921875
 20
174.18786621093756
 10
646.50048828125
 20
169.94757080078125
 10
643.60400390625
 20
169.08416748046875
 10
640.01611328125
 20
168.20324707031256
 10
636.90478515625
 20
167.60797119140625
 10
633.77294921875
 20
167.14489746093756
 10
630.62451171875
 20
166.78704833984375
 10
627.46533203125
 20
166.50781249999994
 10
620.70654296875
 20
166.07183837890625
  0
TEXT
  5
AB
330
17
100
AcDbEntity
  8
ANNOTATION
100
AcDbText
 10
615.5907432154605
 20
242.43378878715342
 30
0.0
 40
12.5
  1
P06 180deg
100
AcDbText
  0
LWPOLYLINE
  5
AC
330
17
100
AcDbEntity
  8
PIECES
100
AcDbPolyline
 90
276
 70
1
 10
704.88623046875
 20
265.90716552734375
 10
709.34912109375
 20
265.57806396484375
 10
714.28173828125
 20
264.98773193359375
 10
719.08447265625
 20
264.18695068359375
 10
723.85693359375
 20
263.21722412109375
 10
733.81884765625
 20
260.97552490234375
 10
744.87060546875
 20
258.56243896484375
 10
745.91162109375
 20
258.40472412109375
 10
746.95654296875
 20
258.31878662109375
 10
748.00537109375
 20
258.33099365234375
 10
748.91552734375
 20
258.44085693359375
 10
749.80224609375
 20
258.65032958984375
 10
750.65185546875
 20
258.96575927734375
 10
751.44873046875
 20
259.39154052734375
 10
752.17822265625
 20
259.93353271484375
 10
752.76708984375
 20
260.52484130859375
 10
753.26708984375
 20
261.18939208984375
 10
753.67431640625
 20
261.91546630859375
 10
753.98876953125
 20
262.69085693359375
 10
754.22021484375
 20
263.57122802734375
 10
754.34423828125
 20
264.46966552734375
 10
754.37451171875
 20
265.37933349609375
 10
754.32666015625
 20
266.29290771484375
 10
754.21240234375
 20
267.20404052734375
 10
753.79052734375
 20
269.20843505859375
 10
752.59912109375
 20
273.65179443359375
 10
752.06884765625
 20
276.14251708984375
 10
751.76611328125
 20
278.38861083984375
 10
751.66552734375
 20
280.65130615234375
 10
751.71337890625
 20
281.94964599609375
 10
751.85107421875
 20
283.23870849609375
 10
752.09228515625
 20
284.51019287109375
 10
752.44970703125
 20
285.75579833984375
 10
752.91552734375
 20
286.92474365234375
 10
753.49365234375
 20
288.03704833984375
 10
754.18115234375
 20
289.08148193359375
 10
754.97509765625
 20
290.04925537109375
 10
755.87158203125
 20
290.93011474609375
 10
756.81591796875
 20
291.67864990234375
 10
757.82763671875
 20
292.32513427734375
 10
758.89794921875
 20
292.86761474609375
 10
760.01806640625
 20
293.30657958984375
 10
761.17822265625
 20
293.64007568359375
 10
762.59912109375
 20
293.90130615234375
 10
764.03564453125
 20
294.02532958984375
 10
765.48193359375
 20
294.03363037109375
 10
766.93017578125
 20
293.94720458984375
 10
768.3759765625
 20
293.78704833984375
 10
771.4052734375
 20
293.29437255859375
 10
774.42333984375
 20
292.72991943359375
 10
777.69189453125
 20
292.20550537109375
 10
780.98095703125
 20
291.84564208984375
 10
783.728515625
 20
291.70452880859375
 10
789.0849609375
 20
291.72943115234375
 10
791.8310546875
 20
291.89593505859375
 10
795.1171875
 20
292.28656005859375
 10
798.38037109375
 20
292.84173583984375
 10
801.39306640625
 20
293.43450927734375
 10
804.41796875
 20
293.95550537109375
 10
805.861328125
 20
294.12884521484375
 10
807.30908203125
 20
294.22894287109375
 10
808.75537109375
 20
294.23431396484375
 10
810.19287109375
 20
294.12347412109375
 10
811.61669921875
 20
293.87591552734375
 10
812.77978515625
 20
293.55267333984375
 10
813.9033203125
 20
293.12445068359375
 10
814.97900390625
 20
292.59173583984375
 10
815.9970703125
 20
291.95501708984375
 10
816.9482421875
 20
291.21527099609375
 10
817.85302734375
 20
290.34320068359375
 10
818.65576171875
 20
289.38275146484375
 10
819.353515625
 20
288.34417724609375
 10
819.94189453125
 20
287.23773193359375
 10
820.41796875
 20
286.07318115234375
 10
820.787109375
 20
284.83099365234375
 10
821.0400390625
 20
283.56195068359375
 10
821.1904296875
 20
282.27386474609375
 10
821.25
 20
280.97601318359375
 10
821.17041015625
 20
278.71282958984375
 10
820.888671875
 20
276.46380615234375
 10
820.38134765625
 20
273.96820068359375
 10
819.23193359375
 20
269.51409912109375
 10
818.82861328125
 20
267.50579833984375
 10
818.7236328125
 20
266.59368896484375
 10
818.68359375
 20
265.67962646484375
 10
818.72265625
 20
264.77044677734375
 10
818.85546875
 20
263.87298583984375
 10
819.09521484375
 20
262.99505615234375
 10
819.416015625
 20
262.22259521484375
 10
819.83056640625
 20
261.50042724609375
 10
820.33642578125
 20
260.84075927734375
 10
820.9306640625
 20
260.25482177734375
 10
821.66552734375
 20
259.71917724609375
 10
822.46630859375
 20
259.30072021484375
 10
823.318359375
 20
258.99359130859375
 10
824.20751953125
 20
258.79241943359375
 10
825.119140625
 20
258.69085693359375
 10
826.16748046875
 20
258.68841552734375
 10
827.2119140625
 20
258.78460693359375
 10
828.2509765625
 20
258.95208740234375
 10
839.27978515625
 20
261.46820068359375
 10
849.2197265625
 20
263.80267333984375
 10
853.98291015625
 20
264.81683349609375
 10
858.7783203125
 20
265.66253662109375
 10
863.705078125
 20
266.29876708984375
 10
868.1650390625
 20
266.66986083984375
 10
867.60693359375
 20
261.37445068359375
 10
867.19775390625
 20
258.04583740234375
 10
866.56396484375
 20
253.44573974609375
 10
865.828125
 20
248.86077880859375
 10
864.9765625
 20
244.33929443359375
 10
863.8740234375
 20
239.30950927734375
 10
854.25
 20
238.24798583984375
 10
844.5263671875
 20
237.35882568359375
 10
837.24072265625
 20
236.80023193359375
 10
821.02001953125
 20
235.75238037109375
 10
815.05517578125
 20
235.27093505859375
 10
813.32470703125
 20
235.16400146484375
 10
811.60107421875
 20
234.99554443359375
 10
810.8076171875
 20
234.85980224609375
 10
810.0380859375
 20
234.64447021484375
 10
809.31689453125
 20
234.30755615234375
 10
808.78759765625
 20
233.92230224609375
 10
808.34423828125
 20
233.44622802734375
 10
808.00732421875
 20
232.88763427734375
 10
807.80078125
 20
232.27874755859375
 10
807.71826171875
 20
231.64251708984375
 10
807.74560546875
 20
230.99554443359375
 10
807.86181640625
 20
230.40570068359375
 10
808.0732421875
 20
229.84906005859375
 10
808.39453125
 20
229.34808349609375
 10
808.7939453125
 20
228.95550537109375
 10
809.26220703125
 20
228.64984130859375
 10
809.77978515625
 20
228.42620849609375
 10
810.70263671875
 20
228.21771240234375
 10
811.65185546875
 20
228.14202880859375
 10
814.73876953125
 20
228.12298583984375
 10
817.44775390625
 20
228.21038818359375
 10
842.0263671875
 20
229.26995849609375
 10
846.28076171875
 20
229.40423583984375
 10
850.5361328125
 20
229.47259521484375
 10
854.0654296875
 20
229.47015380859375
 10
859.591796875
 20
229.35101318359375
 10
858.41845703125
 20
225.08929443359375
 10
857.021484375
 20
220.61468505859375
 10
855.47216796875
 20
216.19036865234375
 10
853.744140625
 20
211.75042724609375
 10
851.86328125
 20
207.37396240234375
 10
849.86865234375
 20
203.14251708984375
 10
846.11572265625
 20
203.50531005859375
 10
841.2001953125
 20
204.05218505859375
 10
836.80078125
 20
204.59710693359375
 10
832.41162109375
 20
205.21820068359375
 10
823.654296875
 20
206.62591552734375
 10
820.49853515625
 20
207.08294677734375
 10
815.47412109375
 20
207.71331787109375
 10
813.60546875
 20
207.85003662109375
 10
812.68603515625
 20
207.86175537109375
 10
811.7734375
 20
207.79437255859375
 10
810.8818359375
 20
207.60247802734375
 10
810.1953125
 20
207.33245849609375
 10
809.5625
 20
206.96282958984375
 10
808.9970703125
 20
206.49896240234375
 10
808.51123046875
 20
205.94573974609375
 10
808.0634765625
 20
205.20257568359375
 10
807.7578125
 20
204.39251708984375
 10
807.58837890625
 20
203.53802490234375
 10
807.54833984375
 20
202.66497802734375
 10
807.61865234375
 20
201.79632568359375
 10
807.7744140625
 20
200.93255615234375
 10
808.24169921875
 20
199.22601318359375
 10
809.89013671875
 20
194.24261474609375
 10
810.72998046875
 20
191.52923583984375
 10
811.48779296875
 20
188.79193115234375
 10
812.4580078125
 20
184.73284912109375
 10
813.2373046875
 20
180.63323974609375
 10
813.69775390625
 20
177.37152099609375
 10
814.02490234375
 20
174.09368896484375
 10
814.24267578125
 20
170.35687255859375
 10
814.283203125
 20
167.43499755859375
 10
811.7021484375
 20
166.70843505859375
 10
808.10107421875
 20
165.88275146484375
 10
804.9814453125
 20
165.33587646484375
 10
801.84228515625
 20
164.92083740234375
 10
798.68896484375
 20
164.61126708984375
 10
795.5263671875
 20
164.38079833984375
 10
792.359375
 20
164.20257568359375
 10
789.00244140625
 20
164.05657958984375
 10
786.99365234375
 20
166.04681396484375
 10
785.00390625
 20
164.03802490234375
 10
778.47705078125
 20
164.30120849609375
 10
775.3125
 20
164.50238037109375
 10
772.15625
 20
164.78216552734375
 10
769.013671875
 20
165.16790771484375
 10
765.88916015625
 20
165.68597412109375
 10
762.27978515625
 20
166.47796630859375
 10
759.69287109375
 20
167.18011474609375
 10
759.70556640625
 20
170.10198974609375
 10
759.88916015625
 20
173.84075927734375
 10
760.18505859375
 20
177.12152099609375
 10
760.61474609375
 20
180.38763427734375
 10
761.35595703125
 20
184.49407958984375
 10
762.28857421875
 20
188.56195068359375
 10
763.02001953125
 20
191.30657958984375
 10
763.83447265625
 20
194.02728271484375
 10
765.43701171875
 20
199.02630615234375
 10
765.88818359375
 20
200.73675537109375
 10
766.03564453125
 20
201.60198974609375
 10
766.09814453125
 20
202.47161865234375
 10
766.05029296875
 20
203.34417724609375
 10
765.87255859375
 20
204.19671630859375
 10
765.55908203125
 20
205.00433349609375
 10
765.10498046875
 20
205.74310302734375
 10
764.61376953125
 20
206.29144287109375
 10
764.04345703125
 20
206.75042724609375
 10
763.40771484375
 20
207.11419677734375
 10
762.71826171875
 20
207.37738037109375
 10
761.82568359375
 20
207.56146240234375
 10
760.91259765625
 20
207.62005615234375
 10
759.99267578125
 20
207.59954833984375
 10
758.12548828125
 20
207.44573974609375
 10
753.10693359375
 20
206.76849365234375
 10
749.95556640625
 20
206.28167724609375
 10
741.21142578125
 20
204.79193115234375
 10
736.82861328125
 20
204.13031005859375
 10
732.43505859375
 20
203.54388427734375
 10
727.52490234375
 20
202.95159912109375
 10
723.77490234375
 20
202.55364990234375
 10
721.74072265625
 20
206.76605224609375
 10
719.81982421875
 20
211.12493896484375
 10
719.39892578125
 20
212.17523193359375
 10
721.25634765625
 20
214.26458740234375
 10
718.47119140625
 20
214.49652099609375
 10
718.28466796875
 20
214.96038818359375
 10
720.19482421875
 20
217.00140380859375
 10
717.41650390625
 20
217.30462646484375
 10
716.45947265625
 20
219.95843505859375
 10
715.02099609375
 20
224.41937255859375
 10
713.80810546875
 20
228.67034912109375
 10
719.33251953125
 20
228.84075927734375
 10
722.86181640625
 20
228.87640380859375
 10
727.11767578125
 20
228.84759521484375
 10
731.37255859375
 20
228.75335693359375
 10
755.96044921875
 20
227.92327880859375
 10
758.67041015625
 20
227.86077880859375
 10
761.75732421875
 20
227.90911865234375
 10
762.70556640625
 20
227.99359130859375
 10
763.62548828125
 20
228.21038818359375
 10
764.14111328125
 20
228.43890380859375
 10
764.60693359375
 20
228.74945068359375
 10
765.00244140625
 20
229.14593505859375
 10
765.31884765625
 20
229.64984130859375
 10
765.52587890625
 20
230.20794677734375
 10
765.63623046875
 20
230.79876708984375
 10
765.65771484375
 20
231.44573974609375
 10
765.56884765625
 20
232.08148193359375
 10
765.35693359375
 20
232.68841552734375
 10
765.01513671875
 20
233.24359130859375
 10
764.56689453125
 20
233.71575927734375
 10
764.03369140625
 20
234.09613037109375
 10
763.31005859375
 20
234.42620849609375
 10
762.53857421875
 20
234.63421630859375
 10
761.74365234375
 20
234.76263427734375
 10
760.01806640625
 20
234.91497802734375
 10
758.28662109375
 20
235.00579833984375
 10
752.31787109375
 20
235.43157958984375
 10
736.08837890625
 20
236.32806396484375
 10
728.79736328125
 20
236.81878662109375
 10
719.06591796875
 20
237.61712646484375
 10
709.43212890625
 20
238.58831787109375
 10
708.28271484375
 20
243.60736083984375
 10
707.38916015625
 20
248.12054443359375
 10
706.61083984375
 20
252.69866943359375
 10
705.93408203125
 20
257.29290771484375
 10
705.49365234375
 20
260.61761474609375
 10
704.88623046875
 20
265.90716552734375
  0
TEXT
  5
AD
330
17
100
AcDbEntity
  8
ANNOTATION
100
AcDbText
 10
785.1640890370245
 20
237.30452031674594
 30
0.0
 40
12.5
  1
P07 180deg
100
AcDbText
  0
LWPOLYLINE
  5
AE
330
17
100
AcDbEntity
  8
PIECES
100
AcDbPolyline
 90
265
 70
1
 10
873.1650390625
 20
264.60736083984375
 10
877.166015625
 20
264.17767333984375
 10
879.8291015625
 20
263.83099365234375
 10
882.93359375
 20
263.37005615234375
 10
886.02734375
 20
262.84466552734375
 10
889.140625
 20
262.24505615234375
 10
892.2412109375
 20
261.58001708984375
 10
906.5166015625
 20
258.20062255859375
 10
911.0751953125
 20
257.21136474609375
 10
912.443359375
 20
256.97113037109375
 10
913.8193359375
 20
256.81146240234375
 10
915.2021484375
 20
256.78607177734375
 10
916.0673828125
 20
256.86224365234375
 10
916.9169921875
 20
257.02191162109375
 10
917.736328125
 20
257.27581787109375
 10
918.5107421875
 20
257.63421630859375
 10
919.2255859375
 20
258.10833740234375
 10
919.8984375
 20
258.73822021484375
 10
920.4541015625
 20
259.46771240234375
 10
920.8916015625
 20
260.27728271484375
 10
921.2099609375
 20
261.14739990234375
 10
921.4091796875
 20
262.05218505859375
 10
921.5
 20
262.97161865234375
 10
921.5029296875
 20
263.90032958984375
 10
921.3232421875
 20
265.76068115234375
 10
920.953125
 20
267.85589599609375
 10
920.0810546875
 20
272.02337646484375
 10
919.7705078125
 20
273.92913818359375
 10
919.5693359375
 20
275.84710693359375
 10
919.5068359375
 20
277.77484130859375
 10
919.5771484375
 20
279.32025146484375
 10
919.7802734375
 20
280.85003662109375
 10
920.1455078125
 20
282.34954833984375
 10
920.6103515625
 20
283.60784912109375
 10
921.2109375
 20
284.80169677734375
 10
921.9443359375
 20
285.91741943359375
 10
922.80859375
 20
286.94036865234375
 10
923.7275390625
 20
287.79730224609375
 10
924.73046875
 20
288.54290771484375
 10
925.8056640625
 20
289.17816162109375
 10
926.94140625
 20
289.70648193359375
 10
928.126953125
 20
290.12933349609375
 10
929.349609375
 20
290.44866943359375
 10
931.00390625
 20
290.71673583984375
 10
932.673828125
 20
290.82562255859375
 10
934.3525390625
 20
290.80023193359375
 10
936.0283203125
 20
290.66546630859375
 10
938.1025390625
 20
290.38323974609375
 10
944.5029296875
 20
289.18548583984375
 10
946.7919921875
 20
288.80999755859375
 10
949.095703125
 20
288.54046630859375
 10
951.65625
 20
288.40667724609375
 10
954.0048828125
 20
288.42767333984375
 10
956.3505859375
 20
288.36859130859375
 10
958.9130859375
 20
288.46038818359375
 10
961.220703125
 20
288.69281005859375
 10
963.5166015625
 20
289.03070068359375
 10
969.9345703125
 20
290.12445068359375
 10
972.013671875
 20
290.37249755859375
 10
973.6923828125
 20
290.47991943359375
 10
975.3701171875
 20
290.47796630859375
 10
977.0390625
 20
290.34222412109375
 10
978.6884765625
 20
290.04730224609375
 10
979.9052734375
 20
289.70794677734375
 10
981.0830078125
 20
289.26605224609375
 10
982.2109375
 20
288.71966552734375
 10
983.275390625
 20
288.06634521484375
 10
984.2666015625
 20
287.30511474609375
 10
985.171875
 20
286.43304443359375
 10
986.0185546875
 20
285.39593505859375
 10
986.734375
 20
284.26849365234375
 10
987.314453125
 20
283.06488037109375
 10
987.7587890625
 20
281.79925537109375
 10
988.099609375
 20
280.29437255859375
 10
988.2783203125
 20
278.76116943359375
 10
988.3232421875
 20
277.21478271484375
 10
988.2294921875
 20
275.28851318359375
 10
987.9970703125
 20
273.37396240234375
 10
987.6552734375
 20
271.47357177734375
 10
986.7158203125
 20
267.32073974609375
 10
986.3115234375
 20
265.23187255859375
 10
986.1015625
 20
263.37445068359375
 10
986.08984375
 20
262.44622802734375
 10
986.166015625
 20
261.52532958984375
 10
986.349609375
 20
260.61712646484375
 10
986.654296875
 20
259.74212646484375
 10
987.078125
 20
258.92572021484375
 10
987.6220703125
 20
258.18743896484375
 10
988.2841796875
 20
257.54632568359375
 10
988.9921875
 20
257.06097412109375
 10
989.7607421875
 20
256.68988037109375
 10
990.5751953125
 20
256.42230224609375
 10
991.421875
 20
256.24896240234375
 10
992.2861328125
 20
256.15911865234375
 10
993.6689453125
 20
256.16156005859375
 10
995.046875
 20
256.29925537109375
 10
996.4189453125
 20
256.51702880859375
 10
1000.994140625
 20
257.43206787109375
 10
1015.322265625
 20
260.57855224609375
 10
1018.4326171875
 20
261.19329833984375
 10
1021.5556640625
 20
261.74163818359375
 10
1024.6572265625
 20
262.21722412109375
 10
1027.7685546875
 20
262.62738037109375
 10
1030.4375
 20
262.93011474609375
 10
1034.4453125
 20
263.29486083984375
 10
1034.2021484375
 20
260.83831787109375
 10
1033.8037109375
 20
257.50775146484375
 10
1033.33203125
 20
254.18695068359375
 10
1032.5546875
 20
249.58636474609375
 10
1031.6708984375
 20
245.00482177734375
 10
1030.740234375
 20
240.54876708984375
 10
1029.8798828125
 20
236.72406005859375
 10
1025.119140625
 20
236.28753662109375
 10
1020.4794921875
 20
235.91888427734375
 10
1010.9912109375
 20
235.29144287109375
 10
1003.6181640625
 20
234.70599365234375
 10
1000.5234375
 20
234.54144287109375
 10
990.4013671875
 20
234.14739990234375
 10
981.359375
 20
233.67620849609375
 10
977.193359375
 20
233.29632568359375
 10
976.4541015625
 20
233.16937255859375
 10
975.74609375
 20
232.93402099609375
 10
974.892578125
 20
232.34613037109375
 10
974.51953125
 20
231.84417724609375
 10
974.267578125
 20
231.26947021484375
 10
974.119140625
 20
230.60443115234375
 10
974.091796875
 20
229.92523193359375
 10
974.1748046875
 20
229.24603271484375
 10
974.3251953125
 20
228.68841552734375
 10
974.55859375
 20
228.16546630859375
 10
974.8896484375
 20
227.69915771484375
 10
975.3740234375
 20
227.27630615234375
 10
975.9443359375
 20
226.97601318359375
 10
976.5927734375
 20
226.78997802734375
 10
977.265625
 20
226.70306396484375
 10
980.87890625
 20
226.61322021484375
 10
986.3779296875
 20
226.69183349609375
 10
1004.0458984375
 20
227.26702880859375
 10
1012.05859375
 20
227.44427490234375
 10
1019.958984375
 20
227.45501708984375
 10
1025.66796875
 20
227.34173583984375
 10
1024.1474609375
 20
222.43695068359375
 10
1022.5947265625
 20
218.01409912109375
 10
1020.892578125
 20
213.64642333984375
 10
1019.009765625
 20
209.26995849609375
 10
1016.9775390625
 20
204.96185302734375
 10
1015.658203125
 20
202.39886474609375
 10
1003.328125
 20
203.92767333984375
 10
998.8193359375
 20
204.52630615234375
 10
987.111328125
 20
206.21820068359375
 10
984.0673828125
 20
206.59466552734375
 10
982.0859375
 20
206.77581787109375
 10
980.099609375
 20
206.86956787109375
 10
979.134765625
 20
206.86712646484375
 10
978.173828125
 20
206.80023193359375
 10
977.228515625
 20
206.63372802734375
 10
976.544921875
 20
206.42572021484375
 10
975.8974609375
 20
206.13665771484375
 10
975.302734375
 20
205.75921630859375
 10
974.77734375
 20
205.28558349609375
 10
974.314453125
 20
204.67230224609375
 10
973.9765625
 20
203.98626708984375
 10
973.7607421875
 20
203.24847412109375
 10
973.6630859375
 20
202.47943115234375
 10
973.689453125
 20
201.58099365234375
 10
973.8369140625
 20
200.69573974609375
 10
974.072265625
 20
199.82122802734375
 10
975.4638671875
 20
195.59417724609375
 10
976.9208984375
 20
190.32952880859375
 10
977.5888671875
 20
187.56878662109375
 10
978.416015625
 20
183.47845458984375
 10
979.044921875
 20
179.35296630859375
 10
979.388671875
 20
176.07659912109375
 10
979.59765625
 20
172.78900146484375
 10
979.681640625
 20
169.04681396484375
 10
979.63671875
 20
167.00140380859375
 10
977.9580078125
 20
166.55218505859375
 10
974.3505859375
 20
165.75140380859375
 10
970.6669921875
 20
165.09906005859375
 10
966.9580078125
 20
164.60687255859375
 10
962.8310546875
 20
164.24554443359375
 10
958.6923828125
 20
164.06048583984375
 10
954.9921875
 20
164.03802490234375
 10
953.0087890625
 20
166.05413818359375
 10
950.9921875
 20
164.07025146484375
 10
947.29296875
 20
164.15277099609375
 10
943.1572265625
 20
164.40570068359375
 10
939.0361328125
 20
164.83392333984375
 10
935.3369140625
 20
165.38665771484375
 10
931.6640625
 20
166.09906005859375
 10
928.0703125
 20
166.95794677734375
 10
926.3984375
 20
167.43450927734375
 10
926.3876953125
 20
169.48040771484375
 10
926.5322265625
 20
173.22113037109375
 10
926.794921875
 20
176.50482177734375
 10
927.19140625
 20
179.77484130859375
 10
927.8876953125
 20
183.88958740234375
 10
928.78125
 20
187.96624755859375
 10
929.4931640625
 20
190.71527099609375
 10
931.0361328125
 20
195.95599365234375
 10
932.4970703125
 20
200.15960693359375
 10
932.74609375
 20
201.03021240234375
 10
932.908203125
 20
201.91253662109375
 10
932.94921875
 20
202.81097412109375
 10
932.86328125
 20
203.58148193359375
 10
932.66015625
 20
204.32269287109375
 10
932.333984375
 20
205.01361083984375
 10
931.8798828125
 20
205.63470458984375
 10
931.36328125
 20
206.11663818359375
 10
930.7744140625
 20
206.50384521484375
 10
930.1318359375
 20
206.80316162109375
 10
929.4521484375
 20
207.02239990234375
 10
928.5087890625
 20
207.20452880859375
 10
927.5498046875
 20
207.28704833984375
 10
926.5849609375
 20
207.30511474609375
 10
924.5966796875
 20
207.24359130859375
 10
922.61328125
 20
207.09466552734375
 10
919.5625
 20
206.76751708984375
 10
907.830078125
 20
205.26702880859375
 10
903.3115234375
 20
204.74163818359375
 10
890.958984375
 20
203.41351318359375
 10
889.6806640625
 20
205.99749755859375
 10
887.71875
 20
210.33831787109375
 10
885.908203125
 20
214.74456787109375
 10
885.3486328125
 20
216.25140380859375
 10
887.2568359375
 20
218.29339599609375
 10
884.478515625
 20
218.59515380859375
 10
882.7958984375
 20
223.58734130859375
 10
881.3564453125
 20
228.51605224609375
 10
887.0654296875
 20
228.53656005859375
 10
890.638671875
 20
228.49652099609375
 10
899.2880859375
 20
228.24798583984375
 10
920.6298828125
 20
227.22650146484375
 10
926.126953125
 20
227.05902099609375
 10
929.7412109375
 20
227.08978271484375
 10
930.4150390625
 20
227.16595458984375
 10
931.06640625
 20
227.34075927734375
 10
931.6416015625
 20
227.63226318359375
 10
932.1337890625
 20
228.04730224609375
 10
932.4716796875
 20
228.50823974609375
 10
932.7138671875
 20
229.02679443359375
 10
932.873046875
 20
229.58245849609375
 10
932.966796875
 20
230.26019287109375
 10
932.951171875
 20
230.93939208984375
 10
932.8134765625
 20
231.60638427734375
 10
932.5703125
 20
232.18548583984375
 10
932.2060546875
 20
232.69329833984375
 10
931.361328125
 20
233.29486083984375
 10
930.6572265625
 20
233.54193115234375
 10
929.919921875
 20
233.68109130859375
 10
925.7607421875
 20
234.12884521484375
 10
916.728515625
 20
234.74652099609375
 10
906.6142578125
 20
235.30560302734375
 10
903.5224609375
 20
235.52044677734375
 10
896.16015625
 20
236.22601318359375
 10
886.6826171875
 20
237.00726318359375
 10
882.05078125
 20
237.45159912109375
 10
877.296875
 20
237.96527099609375
 10
876.4990234375
 20
241.80413818359375
 10
875.640625
 20
246.27435302734375
 10
874.83203125
 20
250.87005615234375
 10
874.1298828125
 20
255.48236083984375
 10
873.7119140625
 20
258.81048583984375
 10
873.3681640625
 20
262.14691162109375
 10
873.1650390625
 20
264.60736083984375
  0
TEXT
  5
AF
330
17
100
AcDbEntity
  8
ANNOTATION
100
AcDbText
 10
952.7426444575472
 20
236.68025846661263
 30
0.0
 40
12.5
  1
P08 180deg
100
AcDbText
  0
LWPOLYLINE
  5
B0
330
17
100
AcDbEntity
  8
PIECES
100
AcDbPolyline
 90
254
 70
1
 10
1039.4453125
 20
260.06146240234375
 10
1044.2255859375
 20
259.38323974609375
 10
1048.2236328125
 20
258.76263427734375
 10
1052.7353515625
 20
258.00433349609375
 10
1061.810546875
 20
256.36322021484375
 10
1066.373046875
 20
255.49212646484375
 10
1075.5791015625
 20
253.64495849609375
 10
1077.720703125
 20
253.28851318359375
 10
1079.0224609375
 20
253.14202880859375
 10
1080.3271484375
 20
253.09222412109375
 10
1081.6279296875
 20
253.18597412109375
 10
1082.58984375
 20
253.37591552734375
 10
1083.515625
 20
253.68206787109375
 10
1084.3828125
 20
254.11517333984375
 10
1085.169921875
 20
254.68646240234375
 10
1085.853515625
 20
255.40032958984375
 10
1086.404296875
 20
256.21868896484375
 10
1086.8232421875
 20
257.11761474609375
 10
1087.103515625
 20
258.04339599609375
 10
1087.2646484375
 20
258.99554443359375
 10
1087.3212890625
 20
259.96282958984375
 10
1087.2861328125
 20
260.93499755859375
 10
1087.1025390625
 20
262.33978271484375
 10
1086.4873046875
 20
265.11224365234375
 10
1085.5517578125
 20
269.64105224609375
 10
1085.322265625
 20
271.16790771484375
 10
1085.1748046875
 20
272.70257568359375
 10
1085.1455078125
 20
274.24310302734375
 10
1085.2353515625
 20
275.52093505859375
 10
1085.4375
 20
276.78216552734375
 10
1085.7578125
 20
278.01702880859375
 10
1086.203125
 20
279.21527099609375
 10
1086.78125
 20
280.37054443359375
 10
1087.4794921875
 20
281.45159912109375
 10
1088.2939453125
 20
282.44818115234375
 10
1089.216796875
 20
283.35052490234375
 10
1090.220703125
 20
284.13275146484375
 10
1091.2998046875
 20
284.79925537109375
 10
1092.4443359375
 20
285.34906005859375
 10
1093.6435546875
 20
285.77923583984375
 10
1094.837890625
 20
286.08050537109375
 10
1096.0517578125
 20
286.27728271484375
 10
1097.2802734375
 20
286.38323974609375
 10
1098.515625
 20
286.41156005859375
 10
1099.7529296875
 20
286.37640380859375
 10
1101.9697265625
 20
286.19329833984375
 10
1109.275390625
 20
285.16400146484375
 10
1112.1806640625
 20
284.84808349609375
 10
1115.697265625
 20
284.67132568359375
 10
1122.1083984375
 20
284.70208740234375
 10
1125.6240234375
 20
284.91253662109375
 10
1128.525390625
 20
285.25628662109375
 10
1135.8203125
 20
286.35540771484375
 10
1138.0361328125
 20
286.55999755859375
 10
1139.2734375
 20
286.60687255859375
 10
1140.5087890625
 20
286.59027099609375
 10
1141.7373046875
 20
286.49603271484375
 10
1142.9541015625
 20
286.31146240234375
 10
1144.1513671875
 20
286.02142333984375
 10
1145.353515625
 20
285.60247802734375
 10
1146.50390625
 20
285.06390380859375
 10
1147.58984375
 20
284.40765380859375
 10
1148.6005859375
 20
283.63519287109375
 10
1149.5322265625
 20
282.74163818359375
 10
1150.3564453125
 20
281.75286865234375
 10
1151.0654296875
 20
280.67864990234375
 10
1151.6533203125
 20
279.52923583984375
 10
1152.1103515625
 20
278.33538818359375
 10
1152.443359375
 20
277.10345458984375
 10
1152.6572265625
 20
275.84417724609375
 10
1152.7587890625
 20
274.56732177734375
 10
1152.744140625
 20
273.02679443359375
 10
1152.611328125
 20
271.49066162109375
 10
1152.3974609375
 20
269.96136474609375
 10
1151.5048828125
 20
265.42425537109375
 10
1150.916015625
 20
262.64544677734375
 10
1150.74609375
 20
261.23870849609375
 10
1150.720703125
 20
260.26654052734375
 10
1150.7861328125
 20
259.29974365234375
 10
1150.95703125
 20
258.34954833984375
 10
1151.24609375
 20
257.42620849609375
 10
1151.6728515625
 20
256.53167724609375
 10
1152.2314453125
 20
255.71820068359375
 10
1152.921875
 20
255.01116943359375
 10
1153.71484375
 20
254.44720458984375
 10
1154.5859375
 20
254.02239990234375
 10
1155.5146484375
 20
253.72552490234375
 10
1156.478515625
 20
253.54486083984375
 10
1157.7802734375
 20
253.46380615234375
 10
1159.083984375
 20
253.52581787109375
 10
1160.384765625
 20
253.68450927734375
 10
1162.5224609375
 20
254.06146240234375
 10
1171.7099609375
 20
255.99652099609375
 10
1176.2646484375
 20
256.91156005859375
 10
1185.3232421875
 20
258.63958740234375
 10
1189.828125
 20
259.44134521484375
 10
1193.8193359375
 20
260.10052490234375
 10
1198.59375
 20
260.82415771484375
 10
1198.2890625
 20
257.78948974609375
 10
1197.900390625
 20
254.45843505859375
 10
1197.4501953125
 20
251.13470458984375
 10
1196.7080078125
 20
246.44329833984375
 10
1195.8896484375
 20
241.76361083984375
 10
1194.5966796875
 20
234.73822021484375
 10
1181.921875
 20
233.64105224609375
 10
1177.0302734375
 20
233.28070068359375
 10
1169.50390625
 20
232.84515380859375
 10
1156.294921875
 20
231.98968505859375
 10
1147.4169921875
 20
231.32025146484375
 10
1143.9091796875
 20
230.95404052734375
 10
1143.18359375
 20
230.84368896484375
 10
1142.4716796875
 20
230.68304443359375
 10
1141.7880859375
 20
230.43255615234375
 10
1141.208984375
 20
230.10150146484375
 10
1140.712890625
 20
229.66693115234375
 10
1140.3408203125
 20
229.12493896484375
 10
1140.1318359375
 20
228.50140380859375
 10
1140.0771484375
 20
227.84368896484375
 10
1140.138671875
 20
227.17620849609375
 10
1140.265625
 20
226.60443115234375
 10
1140.4775390625
 20
226.06683349609375
 10
1140.7998046875
 20
225.58929443359375
 10
1141.228515625
 20
225.21429443359375
 10
1141.732421875
 20
224.94427490234375
 10
1142.2802734375
 20
224.76507568359375
 10
1143.12890625
 20
224.63665771484375
 10
1143.9892578125
 20
224.60833740234375
 10
1155.802734375
 20
224.83587646484375
 10
1170.181640625
 20
225.22064208984375
 10
1182.5205078125
 20
225.61810302734375
 10
1190.3515625
 20
225.76116943359375
 10
1189.08984375
 20
221.69573974609375
 10
1187.548828125
 20
217.26898193359375
 10
1185.857421875
 20
212.89642333984375
 10
1183.986328125
 20
208.51507568359375
 10
1181.96484375
 20
204.20159912109375
 10
1180.66796875
 20
201.66693115234375
 10
1178.369140625
 20
201.82708740234375
 10
1173.806640625
 20
202.22406005859375
 10
1170.3486328125
 20
202.57806396484375
 10
1163.90234375
 20
203.35296630859375
 10
1155.517578125
 20
204.48480224609375
 10
1150.2998046875
 20
205.05413818359375
 10
1145.5859375
 20
205.48822021484375
 10
1144.6220703125
 20
205.53021240234375
 10
1143.66015625
 20
205.51361083984375
 10
1142.70703125
 20
205.39837646484375
 10
1142.0068359375
 20
205.22454833984375
 10
1141.341796875
 20
204.96234130859375
 10
1140.73046875
 20
204.60247802734375
 10
1140.193359375
 20
204.13470458984375
 10
1139.7939453125
 20
203.62054443359375
 10
1139.494140625
 20
203.04876708984375
 10
1139.2900390625
 20
202.43402099609375
 10
1139.1767578125
 20
201.79046630859375
 10
1139.150390625
 20
201.13128662109375
 10
1139.23828125
 20
200.26458740234375
 10
1139.4365234375
 20
199.41693115234375
 10
1139.7109375
 20
198.58294677734375
 10
1140.349609375
 20
196.93255615234375
 10
1141.205078125
 20
194.38958740234375
 10
1142.705078125
 20
188.99896240234375
 10
1143.3974609375
 20
186.17327880859375
 10
1144.158203125
 20
182.26165771484375
 10
1144.73828125
 20
178.31878662109375
 10
1145.0625
 20
175.53948974609375
 10
1145.3154296875
 20
172.75286865234375
 10
1145.4794921875
 20
170.19818115234375
 10
1145.5859375
 20
167.05511474609375
 10
1142.017578125
 20
166.22015380859375
 10
1138.4599609375
 20
165.55316162109375
 10
1134.466796875
 20
165.00091552734375
 10
1130.4541015625
 20
164.60247802734375
 10
1126.4990234375
 20
164.30950927734375
 10
1121.48046875
 20
164.05706787109375
 10
1119.4716796875
 20
166.04681396484375
 10
1117.482421875
 20
164.03802490234375
 10
1112.4609375
 20
164.24212646484375
 10
1108.50390625
 20
164.49749755859375
 10
1104.4873046875
 20
164.85736083984375
 10
1100.48828125
 20
165.37103271484375
 10
1096.9248046875
 20
166.00433349609375
 10
1093.3486328125
 20
166.80462646484375
 10
1093.42578125
 20
169.94866943359375
 10
1093.564453125
 20
172.50482177734375
 10
1093.7900390625
 20
175.29388427734375
 10
1094.0888671875
 20
178.07611083984375
 10
1094.630859375
 20
182.02435302734375
 10
1095.353515625
 20
185.94281005859375
 10
1096.01953125
 20
188.77532958984375
 10
1097.4677734375
 20
194.18011474609375
 10
1098.298828125
 20
196.73089599609375
 10
1098.9208984375
 20
198.38763427734375
 10
1099.1875
 20
199.22406005859375
 10
1099.3779296875
 20
200.07318115234375
 10
1099.45703125
 20
200.94134521484375
 10
1099.4248046875
 20
201.59954833984375
 10
1099.3056640625
 20
202.24261474609375
 10
1099.095703125
 20
202.85540771484375
 10
1098.7900390625
 20
203.42425537109375
 10
1098.3857421875
 20
203.93450927734375
 10
1097.8447265625
 20
204.39691162109375
 10
1097.2294921875
 20
204.75091552734375
 10
1096.5615234375
 20
205.00677490234375
 10
1095.859375
 20
205.17376708984375
 10
1094.9052734375
 20
205.28021240234375
 10
1093.9443359375
 20
205.28704833984375
 10
1092.98046875
 20
205.23577880859375
 10
1088.271484375
 20
204.75677490234375
 10
1083.05859375
 20
204.13763427734375
 10
1074.685546875
 20
202.92572021484375
 10
1068.2470703125
 20
202.08880615234375
 10
1064.7919921875
 20
201.70159912109375
 10
1060.234375
 20
201.26068115234375
 10
1057.9365234375
 20
201.07855224609375
 10
1056.615234375
 20
203.60101318359375
 10
1054.552734375
 20
207.89495849609375
 10
1052.6396484375
 20
212.25823974609375
 10
1050.90625
 20
216.61419677734375
 10
1049.3232421875
 20
221.02581787109375
 10
1048.0224609375
 20
225.07904052734375
 10
1055.8544921875
 20
225.01116943359375
 10
1068.1962890625
 20
224.73187255859375
 10
1082.5791015625
 20
224.48529052734375
 10
1094.3935546875
 20
224.37054443359375
 10
1095.25390625
 20
224.40716552734375
 10
1096.1005859375
 20
224.54388427734375
 10
1096.6474609375
 20
224.72845458984375
 10
1097.1484375
 20
225.00335693359375
 10
1097.5732421875
 20
225.38226318359375
 10
1097.8916015625
 20
225.86273193359375
 10
1098.09765625
 20
226.40277099609375
 10
1098.2197265625
 20
226.97552490234375
 10
1098.2744140625
 20
227.64349365234375
 10
1098.2138671875
 20
228.30072021484375
 10
1097.9990234375
 20
228.92181396484375
 10
1097.62109375
 20
229.46038818359375
 10
1097.12109375
 20
229.89007568359375
 10
1096.5390625
 20
230.21575927734375
 10
1095.853515625
 20
230.45941162109375
 10
1095.1396484375
 20
230.61370849609375
 10
1094.4130859375
 20
230.71673583984375
 10
1090.9013671875
 20
231.04925537109375
 10
1082.017578125
 20
231.63372802734375
 10
1068.80078125
 20
232.36273193359375
 10
1061.271484375
 20
232.72601318359375
 10
1056.376953125
 20
233.03948974609375
 10
1043.69140625
 20
234.01507568359375
 10
1042.3310546875
 20
241.02777099609375
 10
1041.46875
 20
245.69915771484375
 10
1040.681640625
 20
250.38372802734375
 10
1040.19921875
 20
253.70257568359375
 10
1039.7783203125
 20
257.03021240234375
 10
1039.4453125
 20
260.06146240234375
  0
TEXT
  5
B1
330
17
100
AcDbEntity
  8
ANNOTATION
100
AcDbText
 10
1118.8371831938975
 20
233.05488982914002
 30
0.0
 40
12.5
  1
P09 180deg
100
AcDbText
  0
LWPOLYLINE
  5
B2
330
17
100
AcDbEntity
  8
PIECES
100
AcDbPolyline
 90
278
 70
1
 10
1381.6103515625
 20
199.31787109375
 10
1374.357421875
 20
200.62066650390625
 10
1369.46533203125
 20
201.56622314453125
 10
1348.18212890625
 20
206.02410888671875
 10
1341.73388671875
 20
207.3062744140625
 10
1339.43603515625
 20
207.6363525390625
 10
1338.0302734375
 20
207.73876953125
 10
1336.62548828125
 20
207.7200927734375
 10
1335.23388671875
 20
207.5390625
 10
1334.36279296875
 20
207.32171630859375
 10
1333.52197265625
 20
207.02081298828125
 10
1332.72412109375
 20
206.63427734375
 10
1331.9814453125
 20
206.15887451171875
 10
1331.3076171875
 20
205.59185791015625
 10
1330.71435546875
 20
204.93145751953125
 10
1330.21337890625
 20
204.175048828125
 10
1329.8251953125
 20
203.36199951171875
 10
1329.5400390625
 20
202.50482177734375
 10
1329.345703125
 20
201.61505126953125
 10
1329.23291015625
 20
200.70379638671875
 10
1329.19091796875
 20
199.78350830078125
 10
1329.2587890625
 20
198.159423828125
 10
1329.4658203125
 20
196.54608154296875
 10
1329.76123046875
 20
194.94256591796875
 10
1330.4580078125
 20
191.75799560546875
 10
1331.8515625
 20
185.6534423828125
 10
1332.36083984375
 20
182.69757080078125
 10
1332.5458984375
 20
180.96807861328125
 10
1332.61572265625
 20
179.23321533203125
 10
1332.53955078125
 20
177.49871826171875
 10
1332.3671875
 20
176.2025146484375
 10
1332.09130859375
 20
174.927490234375
 10
1331.7080078125
 20
173.68133544921875
 10
1331.21484375
 20
172.47186279296875
 10
1330.62890625
 20
171.34185791015625
 10
1329.9423828125
 20
170.2755126953125
 10
1329.15869140625
 20
169.28167724609375
 10
1328.2802734375
 20
168.3702392578125
 10
1327.3095703125
 20
167.54998779296875
 10
1326.21923828125
 20
166.80914306640625
 10
1325.060546875
 20
166.18524169921875
 10
1323.84521484375
 20
165.67572021484375
 10
1322.5859375
 20
165.2786865234375
 10
1320.931640625
 20
164.928955078125
 10
1319.2529296875
 20
164.73553466796875
 10
1317.56005859375
 20
164.67132568359375
 10
1315.8623046875
 20
164.7081298828125
 10
1313.64404296875
 20
164.86474609375
 10
1311.43310546875
 20
165.10406494140625
 10
1303.3408203125
 20
166.10797119140625
 10
1300.55078125
 20
166.377197265625
 10
1297.75390625
 20
166.55694580078125
 10
1294.77197265625
 20
166.6162109375
 10
1293.41064453125
 20
166.58416748046875
 10
1293.02099609375
 20
165.77886962890625
 10
1292.61083984375
 20
166.5736083984375
 10
1291.248046875
 20
166.57086181640625
 10
1288.2685546875
 20
166.434326171875
 10
1285.47705078125
 20
166.18243408203125
 10
1282.69482421875
 20
165.84136962890625
 10
1274.63134765625
 20
164.628662109375
 10
1272.4267578125
 20
164.33233642578125
 10
1270.2138671875
 20
164.11834716796875
 10
1268.517578125
 20
164.03802490234375
 10
1266.8232421875
 20
164.0582275390625
 10
1265.14013671875
 20
164.20806884765625
 10
1263.4775390625
 20
164.51507568359375
 10
1262.2080078125
 20
164.87921142578125
 10
1260.98046875
 20
165.35736083984375
 10
1259.80615234375
 20
165.95123291015625
 10
1258.69677734375
 20
166.66339111328125
 10
1257.70556640625
 20
167.45819091796875
 10
1256.8037109375
 20
168.34686279296875
 10
1255.99462890625
 20
169.32025146484375
 10
1255.28076171875
 20
170.36846923828125
 10
1254.66552734375
 20
171.48291015625
 10
1254.1416015625
 20
172.67901611328125
 10
1253.72607421875
 20
173.91510009765625
 10
1253.4169921875
 20
175.18292236328125
 10
1253.2119140625
 20
176.47393798828125
 10
1253.09033203125
 20
178.20550537109375
 10
1253.11572265625
 20
179.9420166015625
 10
1253.255859375
 20
181.67572021484375
 10
1253.68896484375
 20
184.6436767578125
 10
1254.92431640625
 20
190.78192138671875
 10
1255.53857421875
 20
193.9835205078125
 10
1255.79248046875
 20
195.59417724609375
 10
1255.95751953125
 20
197.2125244140625
 10
1255.9833984375
 20
198.83721923828125
 10
1255.91748046875
 20
199.75665283203125
 10
1255.78125
 20
200.66455078125
 10
1255.564453125
 20
201.549072265625
 10
1255.2568359375
 20
202.39886474609375
 10
1254.84765625
 20
203.20135498046875
 10
1254.3271484375
 20
203.94439697265625
 10
1253.71728515625
 20
204.58953857421875
 10
1253.02880859375
 20
205.138671875
 10
1252.2744140625
 20
205.59478759765625
 10
1251.466796875
 20
205.96063232421875
 10
1250.6181640625
 20
206.23980712890625
 10
1249.74169921875
 20
206.43450927734375
 10
1248.34619140625
 20
206.57965087890625
 10
1246.94140625
 20
206.56195068359375
 10
1245.53857421875
 20
206.42315673828125
 10
1243.25
 20
206.03411865234375
 10
1236.8369140625
 20
204.58551025390625
 10
1215.67626953125
 20
199.57916259765625
 10
1210.81005859375
 20
198.50775146484375
 10
1203.59375
 20
197.01788330078125
 10
1203.6611328125
 20
199.07452392578125
 10
1203.97314453125
 20
203.96990966796875
 10
1204.4365234375
 20
208.85321044921875
 10
1205.02001953125
 20
213.47393798828125
 10
1205.71044921875
 20
218.0804443359375
 10
1206.4638671875
 20
222.61822509765625
 10
1207.28759765625
 20
227.14404296875
 10
1207.74072265625
 20
229.41107177734375
 10
1218.2802734375
 20
230.20257568359375
 10
1222.2724609375
 20
230.55987548828125
 10
1235.294921875
 20
231.835693359375
 10
1245.50634765625
 20
232.7034912109375
 10
1251.939453125
 20
233.34857177734375
 10
1262.39111328125
 20
234.51458740234375
 10
1263.62939453125
 20
234.73931884765625
 10
1264.84326171875
 20
235.06622314453125
 10
1265.6142578125
 20
235.3575439453125
 10
1266.34423828125
 20
235.731689453125
 10
1267.0107421875
 20
236.207763671875
 10
1267.49072265625
 20
236.6834716796875
 10
1267.8876953125
 20
237.22711181640625
 10
1268.18701171875
 20
237.8310546875
 10
1268.3759765625
 20
238.47900390625
 10
1268.45654296875
 20
239.14849853515625
 10
1268.4404296875
 20
239.8260498046875
 10
1268.29150390625
 20
240.66583251953125
 10
1267.98681640625
 20
241.46044921875
 10
1267.50830078125
 20
242.18218994140625
 10
1266.880859375
 20
242.77972412109375
 10
1266.2080078125
 20
243.19482421875
 10
1265.47412109375
 20
243.49359130859375
 10
1264.70361328125
 20
243.69940185546875
 10
1263.52099609375
 20
243.88092041015625
 10
1262.32470703125
 20
243.95330810546875
 10
1261.123046875
 20
243.960693359375
 10
1249.626953125
 20
243.653076171875
 10
1234.05908203125
 20
243.02386474609375
 10
1213.3779296875
 20
242.27410888671875
 10
1214.4755859375
 20
246.40765380859375
 10
1215.79833984375
 20
250.94659423828125
 10
1216.8974609375
 20
254.4462890625
 10
1218.0712890625
 20
257.9208984375
 10
1223.1962890625
 20
271.93096923828125
 10
1229.2158203125
 20
271.399169921875
 10
1243.98583984375
 20
269.75830078125
 10
1252.75
 20
268.64300537109375
 10
1255.77392578125
 20
268.30462646484375
 10
1260.79833984375
 20
267.8448486328125
 10
1262.796875
 20
267.8197021484375
 10
1264.025390625
 20
267.93487548828125
 10
1265.2197265625
 20
268.22576904296875
 10
1265.9033203125
 20
268.51416015625
 10
1266.5361328125
 20
268.8914794921875
 10
1267.10205078125
 20
269.3583984375
 10
1267.58349609375
 20
269.916259765625
 10
1268.01318359375
 20
270.6640625
 10
1268.2939453125
 20
271.47625732421875
 10
1268.44580078125
 20
272.33056640625
 10
1268.48779296875
 20
273.2044677734375
 10
1268.41748046875
 20
274.25665283203125
 10
1268.2451171875
 20
275.2982177734375
 10
1268.00244140625
 20
276.32830810546875
 10
1267.24853515625
 20
278.8336181640625
 10
1265.54248046875
 20
283.99163818359375
 10
1264.73193359375
 20
286.6873779296875
 10
1263.6201171875
 20
290.7315673828125
 10
1262.66943359375
 20
294.81524658203125
 10
1262.0107421875
 20
298.36676025390625
 10
1261.4736328125
 20
301.93896484375
 10
1260.92529296875
 20
306.46380615234375
 10
1260.5283203125
 20
311.00396728515625
 10
1260.4208984375
 20
312.99945068359375
 10
1263.09765625
 20
313.99700927734375
 10
1266.32275390625
 20
315.011474609375
 10
1269.60107421875
 20
315.84320068359375
 10
1272.41748046875
 20
316.4002685546875
 10
1275.25439453125
 20
316.8438720703125
 10
1278.1044921875
 20
317.2042236328125
 10
1281.65673828125
 20
317.56854248046875
 10
1285.21728515625
 20
317.84259033203125
 10
1289.0517578125
 20
318.0242919921875
 10
1291.0771484375
 20
316.05059814453125
 10
1293.05078125
 20
318.0760498046875
 10
1296.89208984375
 20
317.99365234375
 10
1300.45849609375
 20
317.81170654296875
 10
1304.01953125
 20
317.53887939453125
 10
1306.87744140625
 20
317.25274658203125
 10
1309.72509765625
 20
316.88250732421875
 10
1312.55517578125
 20
316.39813232421875
 10
1315.853515625
 20
315.6513671875
 10
1319.10400390625
 20
314.72064208984375
 10
1321.80517578125
 20
313.79254150390625
 10
1321.74951171875
 20
311.795166015625
 10
1321.47021484375
 20
307.24566650390625
 10
1321.03857421875
 20
302.7081298828125
 10
1320.59423828125
 20
299.1236572265625
 10
1320.02734375
 20
295.55657958984375
 10
1319.1826171875
 20
291.449462890625
 10
1318.17578125
 20
287.37750244140625
 10
1317.43505859375
 20
284.66204833984375
 10
1315.86279296875
 20
279.46142578125
 10
1315.173828125
 20
276.93780517578125
 10
1314.9580078125
 20
275.90167236328125
 10
1314.8125
 20
274.85601806640625
 10
1314.76953125
 20
273.8023681640625
 10
1314.83349609375
 20
272.9298095703125
 10
1315.0078125
 20
272.07965087890625
 10
1315.3095703125
 20
271.2752685546875
 10
1315.75830078125
 20
270.538818359375
 10
1316.25439453125
 20
269.99371337890625
 10
1316.83154296875
 20
269.54132080078125
 10
1317.47412109375
 20
269.180419921875
 10
1318.1650390625
 20
268.91015625
 10
1319.36669921875
 20
268.64984130859375
 10
1320.59716796875
 20
268.56683349609375
 10
1322.5947265625
 20
268.6436767578125
 10
1327.60546875
 20
269.23272705078125
 10
1330.6201171875
 20
269.649169921875
 10
1339.35205078125
 20
270.990234375
 10
1354.0751953125
 20
273.01263427734375
 10
1360.07861328125
 20
273.69952392578125
 10
1365.00048828125
 20
261.26348876953125
 10
1363.11181640625
 20
259.202880859375
 10
1365.8935546875
 20
258.92816162109375
 10
1366.0654296875
 20
258.45892333984375
 10
1364.14404296875
 20
256.429443359375
 10
1366.92041015625
 20
256.1097412109375
 10
1368.01611328125
 20
252.91302490234375
 10
1369.4560546875
 20
248.40960693359375
 10
1370.66015625
 20
244.30596923828125
 10
1349.96630859375
 20
244.52154541015625
 10
1334.38720703125
 20
244.74822998046875
 10
1322.88720703125
 20
244.7584228515625
 10
1321.68603515625
 20
244.71990966796875
 10
1320.4921875
 20
244.61700439453125
 10
1319.314453125
 20
244.405029296875
 10
1318.5498046875
 20
244.17926025390625
 10
1317.82373046875
 20
243.86181640625
 10
1317.16162109375
 20
243.4293212890625
 10
1316.5498046875
 20
242.81597900390625
 10
1316.09033203125
 20
242.081787109375
 10
1315.80615234375
 20
241.27984619140625
 10
1315.67919921875
 20
240.43621826171875
 10
1315.68017578125
 20
239.75836181640625
 10
1315.7783203125
 20
239.091552734375
 10
1315.98388671875
 20
238.44854736328125
 10
1316.298828125
 20
237.85235595703125
 10
1316.7099609375
 20
237.31939697265625
 10
1317.20166015625
 20
236.85626220703125
 10
1317.88037109375
 20
236.3973388671875
 10
1318.61962890625
 20
236.04248046875
 10
1319.39794921875
 20
235.7708740234375
 10
1320.61962890625
 20
235.47528076171875
 10
1321.86328125
 20
235.2830810546875
 10
1323.1181640625
 20
235.151611328125
 10
1332.341796875
 20
234.38720703125
 10
1338.78955078125
 20
233.9088134765625
 10
1349.02001953125
 20
233.3050537109375
 10
1362.07080078125
 20
232.3662109375
 10
1366.0712890625
 20
232.11175537109375
 10
1376.62744140625
 20
231.59326171875
 10
1377.13916015625
 20
229.33819580078125
 10
1378.07958984375
 20
224.8358154296875
 10
1378.94970703125
 20
220.318603515625
 10
1379.7587890625
 20
215.7314453125
 10
1380.4619140625
 20
211.12774658203125
 10
1381.05078125
 20
206.25787353515625
 10
1381.4892578125
 20
201.37176513671875
 10
1381.6103515625
 20
199.31787109375
  0
TEXT
  5
B3
330
17
100
AcDbEntity
  8
ANNOTATION
100
AcDbText
 10
1293.6569437809128
 20
231.06822808354877
 30
0.0
 40
12.5
  1
P01 0deg
100
AcDbText
  0
LWPOLYLINE
  5
B4
330
17
100
AcDbEntity
  8
PIECES
100
AcDbPolyline
 90
263
 70
1
 10
1562.5029296875
 20
196.62005615234375
 10
1554.57861328125
 20
198.20892333984375
 10
1545.7587890625
 20
199.81195068359375
 10
1540.89306640625
 20
200.73626708984375
 10
1536.88818359375
 20
201.62933349609375
 10
1529.08642578125
 20
203.51751708984375
 10
1525.2646484375
 20
204.39984130859375
 10
1520.83251953125
 20
205.26654052734375
 10
1518.79736328125
 20
205.54730224609375
 10
1517.77783203125
 20
205.58734130859375
 10
1516.759765625
 20
205.51507568359375
 10
1515.70556640625
 20
205.28900146484375
 10
1514.701171875
 20
204.91156005859375
 10
1513.7607421875
 20
204.39300537109375
 10
1512.8994140625
 20
203.74212646484375
 10
1512.09814453125
 20
202.92864990234375
 10
1511.42822265625
 20
202.00726318359375
 10
1510.90185546875
 20
200.99407958984375
 10
1510.55615234375
 20
200.01702880859375
 10
1510.33056640625
 20
199.00970458984375
 10
1510.2099609375
 20
197.98089599609375
 10
1510.18115234375
 20
196.93988037109375
 10
1510.2294921875
 20
195.89593505859375
 10
1510.50830078125
 20
193.79974365234375
 10
1512.5107421875
 20
184.55462646484375
 10
1512.94189453125
 20
181.71380615234375
 10
1513.07763671875
 20
180.08294677734375
 10
1513.10888671875
 20
178.44866943359375
 10
1513.015625
 20
176.81683349609375
 10
1512.83447265625
 20
175.50531005859375
 10
1512.55224609375
 20
174.21429443359375
 10
1512.1640625
 20
172.95208740234375
 10
1511.66552734375
 20
171.72698974609375
 10
1511.09619140625
 20
170.62445068359375
 10
1510.43212890625
 20
169.58197021484375
 10
1509.6748046875
 20
168.60833740234375
 10
1508.82666015625
 20
167.71234130859375
 10
1507.8896484375
 20
166.90325927734375
 10
1506.828125
 20
166.16546630859375
 10
1505.69921875
 20
165.54290771484375
 10
1504.5126953125
 20
165.03314208984375
 10
1503.28125
 20
164.63568115234375
 10
1501.7138671875
 20
164.29437255859375
 10
1500.1220703125
 20
164.10296630859375
 10
1498.51611328125
 20
164.03802490234375
 10
1496.90625
 20
164.07708740234375
 10
1494.560546875
 20
164.27191162109375
 10
1492.22607421875
 20
164.58197021484375
 10
1487.02978515625
 20
165.43255615234375
 10
1484.15087890625
 20
165.84906005859375
 10
1481.64404296875
 20
166.11468505859375
 10
1479.12841796875
 20
166.28802490234375
 10
1476.373046875
 20
166.38177490234375
 10
1474.8369140625
 20
166.37738037109375
 10
1474.43359375
 20
165.57855224609375
 10
1474.03662109375
 20
166.38031005859375
 10
1472.49853515625
 20
166.39691162109375
 10
1469.74267578125
 20
166.32513427734375
 10
1467.22607421875
 20
166.17181396484375
 10
1464.716796875
 20
165.92572021484375
 10
1461.8349609375
 20
165.53167724609375
 10
1456.63232421875
 20
164.72210693359375
 10
1454.29541015625
 20
164.43060302734375
 10
1451.9482421875
 20
164.25384521484375
 10
1450.337890625
 20
164.22796630859375
 10
1448.732421875
 20
164.30511474609375
 10
1447.142578125
 20
164.50921630859375
 10
1445.57763671875
 20
164.86322021484375
 10
1444.34912109375
 20
165.27044677734375
 10
1443.1669921875
 20
165.78900146484375
 10
1442.04296875
 20
166.42083740234375
 10
1440.98779296875
 20
167.16693115234375
 10
1440.056640625
 20
167.98284912109375
 10
1439.2158203125
 20
168.88568115234375
 10
1438.4658203125
 20
169.86566162109375
 10
1437.81005859375
 20
170.91351318359375
 10
1437.25
 20
172.02044677734375
 10
1436.7607421875
 20
173.24896240234375
 10
1436.3828125
 20
174.51409912109375
 10
1436.1103515625
 20
175.80755615234375
 10
1435.939453125
 20
177.12054443359375
 10
1435.859375
 20
178.75335693359375
 10
1435.9033203125
 20
180.38714599609375
 10
1436.0517578125
 20
182.01702880859375
 10
1436.505859375
 20
184.85394287109375
 10
1438.5810546875
 20
194.08294677734375
 10
1438.8759765625
 20
196.17718505859375
 10
1438.9326171875
 20
197.22064208984375
 10
1438.912109375
 20
198.26165771484375
 10
1438.7998046875
 20
199.29144287109375
 10
1438.58154296875
 20
200.30072021484375
 10
1438.244140625
 20
201.28021240234375
 10
1437.7255859375
 20
202.29779052734375
 10
1437.06298828125
 20
203.22454833984375
 10
1436.267578125
 20
204.04437255859375
 10
1435.41162109375
 20
204.70159912109375
 10
1434.4755859375
 20
205.22796630859375
 10
1433.47412109375
 20
205.61322021484375
 10
1432.42138671875
 20
205.84759521484375
 10
1431.404296875
 20
205.92767333984375
 10
1430.38427734375
 20
205.89544677734375
 10
1428.34716796875
 20
205.63079833984375
 10
1423.908203125
 20
204.79925537109375
 10
1420.07958984375
 20
203.94671630859375
 10
1412.263671875
 20
202.12054443359375
 10
1408.25146484375
 20
201.25921630859375
 10
1403.37890625
 20
200.37298583984375
 10
1394.54638671875
 20
198.83929443359375
 10
1386.6103515625
 20
197.31341552734375
 10
1386.9755859375
 20
201.84857177734375
 10
1387.52001953125
 20
206.72357177734375
 10
1388.18115234375
 20
211.33343505859375
 10
1388.9482421875
 20
215.92767333984375
 10
1389.77734375
 20
220.45257568359375
 10
1390.6767578125
 20
224.96380615234375
 10
1391.66845703125
 20
229.51995849609375
 10
1401.166015625
 20
230.16741943359375
 10
1428.29345703125
 20
231.70892333984375
 10
1440.6630859375
 20
232.26116943359375
 10
1446.47412109375
 20
232.62884521484375
 10
1447.8740234375
 20
232.83880615234375
 10
1448.5234375
 20
233.01214599609375
 10
1449.14697265625
 20
233.25140380859375
 10
1449.72802734375
 20
233.56976318359375
 10
1450.24755859375
 20
233.98138427734375
 10
1450.806640625
 20
234.67083740234375
 10
1451.18896484375
 20
235.47406005859375
 10
1451.396484375
 20
236.42816162109375
 10
1451.38427734375
 20
237.40570068359375
 10
1451.20556640625
 20
238.21282958984375
 10
1450.8427734375
 20
238.95013427734375
 10
1450.28515625
 20
239.55804443359375
 10
1449.59130859375
 20
240.01312255859375
 10
1448.63330078125
 20
240.38323974609375
 10
1447.6240234375
 20
240.60150146484375
 10
1445.978515625
 20
240.79583740234375
 10
1441.64794921875
 20
241.00335693359375
 10
1438.9716796875
 20
241.07122802734375
 10
1435.88623046875
 20
241.08929443359375
 10
1417.0224609375
 20
240.92132568359375
 10
1407.44189453125
 20
240.71478271484375
 10
1404.10498046875
 20
240.70989990234375
 10
1397.04150390625
 20
240.85687255859375
 10
1398.26806640625
 20
245.21136474609375
 10
1399.65869140625
 20
249.72991943359375
 10
1400.81005859375
 20
253.21234130859375
 10
1402.0361328125
 20
256.66986083984375
 10
1406.86669921875
 20
269.26849365234375
 10
1409.29638671875
 20
269.13226318359375
 10
1412.18359375
 20
268.88616943359375
 10
1415.2861328125
 20
268.51898193359375
 10
1422.71728515625
 20
267.52777099609375
 10
1427.056640625
 20
266.99017333984375
 10
1443.95556640625
 20
265.12640380859375
 10
1445.982421875
 20
265.02728271484375
 10
1447.2607421875
 20
265.07659912109375
 10
1448.517578125
 20
265.29095458984375
 10
1449.236328125
 20
265.52484130859375
 10
1449.912109375
 20
265.85003662109375
 10
1450.5244140625
 20
266.27288818359375
 10
1451.05322265625
 20
266.80072021484375
 10
1451.46728515625
 20
267.41595458984375
 10
1451.7607421875
 20
268.09075927734375
 10
1451.9443359375
 20
268.80853271484375
 10
1452.03076171875
 20
269.55316162109375
 10
1452.03076171875
 20
270.30853271484375
 10
1451.90234375
 20
271.39984130859375
 10
1451.66845703125
 20
272.47552490234375
 10
1448.39306640625
 20
284.14593505859375
 10
1447.39306640625
 20
288.13128662109375
 10
1446.5751953125
 20
292.15667724609375
 10
1446.0703125
 20
295.44525146484375
 10
1445.6669921875
 20
298.74847412109375
 10
1445.16552734375
 20
303.68402099609375
 10
1444.79638671875
 20
308.63079833984375
 10
1444.73388671875
 20
309.94866943359375
 10
1447.7353515625
 20
310.83978271484375
 10
1450.53466796875
 20
311.54193115234375
 10
1453.36279296875
 20
312.11761474609375
 10
1456.23388671875
 20
312.56390380859375
 10
1459.119140625
 20
312.90863037109375
 10
1465.57763671875
 20
313.51068115234375
 10
1469.14892578125
 20
313.74212646484375
 10
1473.0166015625
 20
313.83831787109375
 10
1475.0087890625
 20
311.83050537109375
 10
1477.01611328125
 20
313.82220458984375
 10
1480.88427734375
 20
313.69573974609375
 10
1484.453125
 20
313.43646240234375
 10
1490.90673828125
 20
312.78363037109375
 10
1493.78955078125
 20
312.41546630859375
 10
1496.65673828125
 20
311.94671630859375
 10
1499.47998046875
 20
311.34906005859375
 10
1502.27392578125
 20
310.62493896484375
 10
1505.2685546875
 20
309.70989990234375
 10
1505.1953125
 20
308.39300537109375
 10
1504.78759765625
 20
303.44915771484375
 10
1504.2470703125
 20
298.51800537109375
 10
1503.8173828125
 20
295.21771240234375
 10
1503.287109375
 20
291.93304443359375
 10
1502.4375
 20
287.91448974609375
 10
1501.40625
 20
283.93743896484375
 10
1498.03857421875
 20
272.29241943359375
 10
1497.79638671875
 20
271.21868896484375
 10
1497.65966796875
 20
270.12884521484375
 10
1497.6533203125
 20
269.37347412109375
 10
1497.73388671875
 20
268.62786865234375
 10
1497.912109375
 20
267.90863037109375
 10
1498.19970703125
 20
267.23187255859375
 10
1498.60888671875
 20
266.61322021484375
 10
1499.1337890625
 20
266.08148193359375
 10
1499.7431640625
 20
265.65374755859375
 10
1500.416015625
 20
265.32318115234375
 10
1501.1328125
 20
265.08343505859375
 10
1502.38818359375
 20
264.85931396484375
 10
1503.66552734375
 20
264.79974365234375
 10
1505.693359375
 20
264.88275146484375
 10
1522.6064453125
 20
266.61370849609375
 10
1526.9501953125
 20
267.11712646484375
 10
1534.38916015625
 20
268.04974365234375
 10
1537.49365234375
 20
268.39251708984375
 10
1540.38330078125
 20
268.61614990234375
 10
1542.81396484375
 20
268.73284912109375
 10
1546.3173828125
 20
259.40863037109375
 10
1548.0263671875
 20
254.70452880859375
 10
1546.06689453125
 20
252.71136474609375
 10
1548.8369140625
 20
252.33929443359375
 10
1549.86767578125
 20
249.13812255859375
 10
1551.22265625
 20
244.60833740234375
 10
1552.4150390625
 20
240.24456787109375
 10
1545.3505859375
 20
240.15374755859375
 10
1542.013671875
 20
240.18450927734375
 10
1532.4345703125
 20
240.46673583984375
 10
1513.57275390625
 20
240.78314208984375
 10
1510.48779296875
 20
240.78948974609375
 10
1507.81103515625
 20
240.74261474609375
 10
1503.478515625
 20
240.56927490234375
 10
1501.83203125
 20
240.38763427734375
 10
1500.82080078125
 20
240.17767333984375
 10
1499.85986328125
 20
239.81488037109375
 10
1499.16259765625
 20
239.36517333984375
 10
1498.60009765625
 20
238.76165771484375
 10
1498.23193359375
 20
238.02777099609375
 10
1498.04638671875
 20
237.22210693359375
 10
1498.02685546875
 20
236.24407958984375
 10
1498.22705078125
 20
235.28851318359375
 10
1498.6025390625
 20
234.48236083984375
 10
1499.15625
 20
233.78851318359375
 10
1499.6728515625
 20
233.37298583984375
 10
1500.2509765625
 20
233.04974365234375
 10
1500.873046875
 20
232.80609130859375
 10
1501.52099609375
 20
232.62738037109375
 10
1502.9189453125
 20
232.40618896484375
 10
1508.72705078125
 20
231.99310302734375
 10
1521.091796875
 20
231.34320068359375
 10
1548.20654296875
 20
229.58782958984375
 10
1557.69873046875
 20
228.86614990234375
 10
1558.654296875
 20
224.30218505859375
 10
1559.51806640625
 20
219.78411865234375
 10
1560.31103515625
 20
215.25286865234375
 10
1561.0419921875
 20
210.65277099609375
 10
1561.6669921875
 20
206.03753662109375
 10
1562.1728515625
 20
201.15814208984375
 10
1562.5029296875
 20
196.62005615234375
  0
TEXT
  5
B5
330
17
100
AcDbEntity
  8
ANNOTATION
100
AcDbText
 10
1475.5567278843869
 20
227.5958778758466
 30
0.0
 40
12.5
  1
P02 0deg
100
AcDbText
  0
LWPOLYLINE
  5
B6
330
17
100
AcDbEntity
  8
PIECES
100
AcDbPolyline
 90
264
 70
1
 10
1741.400390625
 20
196.2665405273438
 10
1733.48486328125
 20
197.6732788085938
 10
1725.294921875
 20
199.2670288085938
 10
1720.56396484375
 20
200.2758178710938
 10
1707.94775390625
 20
203.2440795898438
 10
1702.78271484375
 20
204.3558959960938
 10
1700.451171875
 20
204.7572631835938
 10
1699.38623046875
 20
204.8954467773438
 10
1698.31787109375
 20
204.9808959960938
 10
1697.25048828125
 20
204.9877319335938
 10
1696.18701171875
 20
204.8905639648438
 10
1695.14599609375
 20
204.6683959960938
 10
1694.14794921875
 20
204.3158569335938
 10
1693.2099609375
 20
203.8309936523438
 10
1692.3486328125
 20
203.2123413085938
 10
1691.49462890625
 20
202.3602905273438
 10
1690.798828125
 20
201.3783569335938
 10
1690.271484375
 20
200.2919311523438
 10
1689.95361328125
 20
199.2758178710938
 10
1689.7666015625
 20
198.2333374023438
 10
1689.6923828125
 20
197.1727905273438
 10
1689.7138671875
 20
196.1010131835938
 10
1689.81298828125
 20
195.0272827148438
 10
1689.97265625
 20
193.9584350585938
 10
1690.431640625
 20
191.7611694335938
 10
1691.55322265625
 20
187.4096069335938
 10
1691.99169921875
 20
185.48236083984375
 10
1692.33544921875
 20
183.53753662109375
 10
1692.5634765625
 20
181.57611083984375
 10
1692.6484375
 20
179.95550537109375
 10
1692.623046875
 20
178.33489990234375
 10
1692.46826171875
 20
176.72161865234375
 10
1692.1572265625
 20
175.06781005859375
 10
1691.6845703125
 20
173.45599365234375
 10
1691.0439453125
 20
171.90130615234375
 10
1690.45458984375
 20
170.79241943359375
 10
1689.77294921875
 20
169.74261474609375
 10
1689.00146484375
 20
168.75970458984375
 10
1688.14111328125
 20
167.85345458984375
 10
1687.1943359375
 20
167.03167724609375
 10
1686.11376953125
 20
166.27191162109375
 10
1684.96435546875
 20
165.62640380859375
 10
1683.7568359375
 20
165.09466552734375
 10
1682.50146484375
 20
164.67718505859375
 10
1680.87890625
 20
164.31048583984375
 10
1679.2294921875
 20
164.10540771484375
 10
1677.564453125
 20
164.03802490234375
 10
1675.89501953125
 20
164.08734130859375
 10
1673.56103515625
 20
164.30706787109375
 10
1671.24169921875
 20
164.65179443359375
 10
1663.16259765625
 20
166.10052490234375
 10
1660.5224609375
 20
166.47113037109375
 10
1657.86767578125
 20
166.70794677734375
 10
1655.58935546875
 20
166.76898193359375
 10
1654.81396484375
 20
166.74700927734375
 10
1654.4130859375
 20
165.94769287109375
 10
1654.01416015625
 20
166.74798583984375
 10
1653.23876953125
 20
166.77191162109375
 10
1650.96044921875
 20
166.71673583984375
 10
1648.30517578125
 20
166.48675537109375
 10
1645.6640625
 20
166.12298583984375
 10
1637.58154296875
 20
164.69427490234375
 10
1635.2607421875
 20
164.35589599609375
 10
1632.9267578125
 20
164.14154052734375
 10
1631.25732421875
 20
164.09710693359375
 10
1629.59228515625
 20
164.16839599609375
 10
1627.943359375
 20
164.37786865234375
 10
1626.3212890625
 20
164.74847412109375
 10
1625.0673828125
 20
165.16937255859375
 10
1623.861328125
 20
165.70355224609375
 10
1622.71337890625
 20
166.35247802734375
 10
1621.634765625
 20
167.11517333984375
 10
1620.68994140625
 20
167.93890380859375
 10
1619.83203125
 20
168.84759521484375
 10
1619.06298828125
 20
169.83197021484375
 10
1618.38427734375
 20
170.88372802734375
 10
1617.79736328125
 20
171.99456787109375
 10
1617.1611328125
 20
173.55023193359375
 10
1616.6923828125
 20
175.16351318359375
 10
1616.38525390625
 20
176.81781005859375
 10
1616.23486328125
 20
178.43206787109375
 10
1616.21337890625
 20
180.05267333984375
 10
1616.30224609375
 20
181.67279052734375
 10
1616.53564453125
 20
183.63372802734375
 10
1616.88427734375
 20
185.57757568359375
 10
1617.32763671875
 20
187.5038452148438
 10
1618.4599609375
 20
191.8524780273438
 10
1618.9248046875
 20
194.0487670898438
 10
1619.0869140625
 20
195.1171264648438
 10
1619.18896484375
 20
196.1908569335938
 10
1619.21337890625
 20
197.2621459960938
 10
1619.1416015625
 20
198.3226928710938
 10
1618.95703125
 20
199.3656616210938
 10
1618.64208984375
 20
200.3827514648438
 10
1618.11767578125
 20
201.4706420898438
 10
1617.423828125
 20
202.4540405273438
 10
1616.572265625
 20
203.3085327148438
 10
1615.71240234375
 20
203.9291381835938
 10
1614.775390625
 20
204.4164428710938
 10
1613.7783203125
 20
204.7719116210938
 10
1612.73828125
 20
204.9965209960938
 10
1611.6748046875
 20
205.0961303710938
 10
1610.607421875
 20
205.0922241210938
 10
1609.5390625
 20
205.0097045898438
 10
1608.4736328125
 20
204.8739624023438
 10
1606.14111328125
 20
204.4784545898438
 10
1603.82275390625
 20
204.0053100585938
 10
1598.12939453125
 20
202.7299194335938
 10
1588.349609375
 20
200.4432983398438
 10
1583.6162109375
 20
199.4467163085938
 10
1575.421875
 20
197.8739624023438
 10
1567.5029296875
 20
196.4872436523438
 10
1567.677734375
 20
199.5038452148438
 10
1568.107421875
 20
204.4613647460938
 10
1568.63671875
 20
209.0751342773438
 10
1569.28662109375
 20
213.6732788085938
 10
1570.0478515625
 20
218.2103881835938
 10
1570.92578125
 20
222.7265014648438
 10
1571.94140625
 20
227.3065795898438
 10
1594.1728515625
 20
228.8822631835938
 10
1607.81884765625
 20
229.6952514648438
 10
1614.76220703125
 20
230.1478881835938
 10
1624.28466796875
 20
230.9315795898438
 10
1627.33984375
 20
231.2323608398438
 10
1628.169921875
 20
231.3812866210938
 10
1628.97509765625
 20
231.6107788085938
 10
1629.73193359375
 20
231.9623413085938
 10
1630.25390625
 20
232.3305053710938
 10
1630.7001953125
 20
232.7821655273438
 10
1631.0498046875
 20
233.3134155273438
 10
1631.31201171875
 20
234.0282592773438
 10
1631.41162109375
 20
234.7846069335938
 10
1631.37890625
 20
235.5556030273438
 10
1631.21337890625
 20
236.3964233398438
 10
1630.90185546875
 20
237.1932983398438
 10
1630.4384765625
 20
237.9027709960938
 10
1629.81689453125
 20
238.4711303710938
 10
1629.314453125
 20
238.7435913085938
 10
1628.77294921875
 20
238.9281616210938
 10
1627.6298828125
 20
239.1229858398438
 10
1625.95751953125
 20
239.2240600585938
 10
1615.54052734375
 20
239.1962280273438
 10
1612.3818359375
 20
239.1635131835938
 10
1600.8662109375
 20
238.8558959960938
 10
1587.1474609375
 20
238.6015014648438
 10
1582.1533203125
 20
238.5922241210938
 10
1577.3125
 20
238.6469116210938
 10
1581.29931640625
 20
250.5902709960938
 10
1582.53564453125
 20
254.1332397460938
 10
1583.744140625
 20
257.2670288085938
 10
1587.77880859375
 20
267.1674194335938
 10
1598.28759765625
 20
265.6996459960938
 10
1616.26025390625
 20
263.0741577148438
 10
1624.2333984375
 20
261.9686889648438
 10
1626.2607421875
 20
261.8261108398438
 10
1627.115234375
 20
261.8353881835938
 10
1627.96337890625
 20
261.9140014648438
 10
1628.796875
 20
262.0883178710938
 10
1629.7265625
 20
262.4413452148438
 10
1630.5634765625
 20
262.9730834960938
 10
1631.1572265625
 20
263.5585327148438
 10
1631.63037109375
 20
264.2431030273438
 10
1631.98095703125
 20
265.0033569335938
 10
1632.19775390625
 20
265.7753295898438
 10
1632.3076171875
 20
266.5678100585938
 10
1632.3251953125
 20
267.3720092773438
 10
1632.265625
 20
268.1776733398438
 10
1632.0810546875
 20
269.2904663085938
 10
1631.80908203125
 20
270.3866577148438
 10
1631.484375
 20
271.4701538085938
 10
1630.15087890625
 20
275.4916381835938
 10
1629.31396484375
 20
278.2098999023438
 10
1628.56884765625
 20
280.9550170898438
 10
1627.6533203125
 20
284.9618530273438
 10
1626.90234375
 20
289.0033569335938
 10
1626.39794921875
 20
292.2640991210938
 10
1625.96435546875
 20
295.5350952148438
 10
1625.587890625
 20
298.8524780273438
 10
1625.27294921875
 20
302.1757202148438
 10
1624.958984375
 20
306.6566772460938
 10
1628.8408203125
 20
307.5956420898438
 10
1633.23193359375
 20
308.4496459960938
 10
1637.5478515625
 20
309.0863647460938
 10
1641.88525390625
 20
309.5595092773438
 10
1645.36376953125
 20
309.8417358398438
 10
1648.84765625
 20
310.0394897460938
 10
1652.59619140625
 20
310.1483764648438
 10
1654.59326171875
 20
308.1459350585938
 10
1656.595703125
 20
310.1434936523438
 10
1660.34375
 20
310.0248413085938
 10
1663.82763671875
 20
309.8182983398438
 10
1667.30517578125
 20
309.5272827148438
 10
1671.6416015625
 20
309.0429077148438
 10
1675.9560546875
 20
308.3954467773438
 10
1680.3447265625
 20
307.5302124023438
 10
1684.22412109375
 20
306.5814819335938
 10
1683.8984375
 20
302.1010131835938
 10
1683.57568359375
 20
298.7787475585938
 10
1683.1904296875
 20
295.4628295898438
 10
1682.7490234375
 20
292.1928100585938
 10
1682.23583984375
 20
288.9330444335938
 10
1681.47509765625
 20
284.8934936523438
 10
1680.548828125
 20
280.8890991210938
 10
1679.796875
 20
278.1459350585938
 10
1678.953125
 20
275.4296264648438
 10
1677.609375
 20
271.4115600585938
 10
1677.28173828125
 20
270.3290405273438
 10
1677.00732421875
 20
269.2333374023438
 10
1676.81982421875
 20
268.1210327148438
 10
1676.75830078125
 20
267.3153686523438
 10
1676.7734375
 20
266.5116577148438
 10
1676.88134765625
 20
265.7182006835938
 10
1677.0966796875
 20
264.9462280273438
 10
1677.44482421875
 20
264.1849975585938
 10
1677.91650390625
 20
263.4994506835938
 10
1678.5087890625
 20
262.9125366210938
 10
1679.34423828125
 20
262.3783569335938
 10
1680.2734375
 20
262.0228881835938
 10
1681.10595703125
 20
261.8466186523438
 10
1681.9541015625
 20
261.7660522460938
 10
1682.80859375
 20
261.7543334960938
 10
1684.83642578125
 20
261.8920288085938
 10
1692.8125
 20
262.9769897460938
 10
1710.791015625
 20
265.5570678710938
 10
1721.3037109375
 20
266.9979858398438
 10
1725.3134765625
 20
257.0878295898438
 10
1726.51416015625
 20
253.9511108398438
 10
1727.7412109375
 20
250.4047241210938
 10
1731.69775390625
 20
238.4511108398438
 10
1726.85693359375
 20
238.4086303710938
 10
1721.86279296875
 20
238.4306030273438
 10
1708.14453125
 20
238.7201538085938
 10
1696.6298828125
 20
239.0570678710938
 10
1693.4716796875
 20
239.0971069335938
 10
1683.05419921875
 20
239.1513061523438
 10
1681.3818359375
 20
239.0551147460938
 10
1680.23828125
 20
238.8632202148438
 10
1679.6962890625
 20
238.6796264648438
 10
1679.193359375
 20
238.4081420898438
 10
1678.56982421875
 20
237.8417358398438
 10
1678.10498046875
 20
237.1332397460938
 10
1677.79150390625
 20
236.3373413085938
 10
1677.6240234375
 20
235.4965209960938
 10
1677.58935546875
 20
234.7260131835938
 10
1677.68701171875
 20
233.9696655273438
 10
1677.947265625
 20
233.2538452148438
 10
1678.29541015625
 20
232.7221069335938
 10
1678.74072265625
 20
232.2689819335938
 10
1679.26171875
 20
231.8993530273438
 10
1680.017578125
 20
231.5458374023438
 10
1680.822265625
 20
231.3148803710938
 10
1681.65185546875
 20
231.1635131835938
 10
1688.328125
 20
230.5248413085938
 10
1694.2265625
 20
230.0473022460938
 10
1701.1689453125
 20
229.5765991210938
 10
1714.81298828125
 20
228.7294311523438
 10
1737.0400390625
 20
227.0971069335938
 10
1738.0439453125
 20
222.5145874023438
 10
1738.91064453125
 20
217.9965209960938
 10
1739.66015625
 20
213.4569702148438
 10
1740.298828125
 20
208.8573608398438
 10
1740.81591796875
 20
204.2421264648438
 10
1741.2333984375
 20
199.2836303710938
 10
1741.400390625
 20
196.2665405273438
  0
TEXT
  5
B7
330
17
100
AcDbEntity
  8
ANNOTATION
100
AcDbText
 10
1654.629326097893
 20
225.6573689778646
 30
0.0
 40
12.5
  1
P03 0deg
100
AcDbText
  0
LWPOLYLINE
  5
B8
330
17
100
AcDbEntity
  8
PIECES
100
AcDbPolyline
 90
277
 70
1
 10
1918.6396484375
 20
196.12982177734375
 10
1914.20703125
 20
196.59906005859375
 10
1911.111328125
 20
196.98431396484375
 10
1907.1513671875
 20
197.54339599609375
 10
1899.00634765625
 20
198.85247802734375
 10
1894.82421875
 20
199.60589599609375
 10
1891.041015625
 20
200.35784912109375
 10
1879.85302734375
 20
202.84075927734375
 10
1878.00341796875
 20
203.18499755859375
 10
1876.13916015625
 20
203.43548583984375
 10
1875.0810546875
 20
203.51751708984375
 10
1874.02294921875
 20
203.53265380859375
 10
1872.97119140625
 20
203.45843505859375
 10
1871.93310546875
 20
203.27191162109375
 10
1870.9296875
 20
202.95452880859375
 10
1869.9853515625
 20
202.49945068359375
 10
1869.12060546875
 20
201.90472412109375
 10
1868.46728515625
 20
201.29486083984375
 10
1867.90380859375
 20
200.60491943359375
 10
1867.43505859375
 20
199.84661865234375
 10
1867.06689453125
 20
199.03118896484375
 10
1866.775390625
 20
198.06439208984375
 10
1866.6083984375
 20
197.07415771484375
 10
1866.54736328125
 20
196.06732177734375
 10
1866.57470703125
 20
195.05120849609375
 10
1866.67333984375
 20
194.03265380859375
 10
1866.8251953125
 20
193.01849365234375
 10
1867.22802734375
 20
191.02630615234375
 10
1868.88134765625
 20
184.45404052734375
 10
1869.3916015625
 20
181.79486083984375
 10
1869.6064453125
 20
180.15618896484375
 10
1869.71337890625
 20
178.50970458984375
 10
1869.6787109375
 20
176.86126708984375
 10
1869.5322265625
 20
175.57415771484375
 10
1869.27685546875
 20
174.30706787109375
 10
1868.90869140625
 20
173.06878662109375
 10
1868.42578125
 20
171.86859130859375
 10
1867.8408203125
 20
170.74114990234375
 10
1867.1513671875
 20
169.68011474609375
 10
1866.36279296875
 20
168.69329833984375
 10
1865.47900390625
 20
167.78900146484375
 10
1864.5048828125
 20
166.97503662109375
 10
1863.41357421875
 20
166.23870849609375
 10
1862.2548828125
 20
165.61859130859375
 10
1861.04052734375
 20
165.11517333984375
 10
1859.78076171875
 20
164.72845458984375
 10
1858.4521484375
 20
164.45159912109375
 10
1857.107421875
 20
164.28607177734375
 10
1855.75146484375
 20
164.21624755859375
 10
1854.390625
 20
164.22796630859375
 10
1853.02978515625
 20
164.30609130859375
 10
1850.76611328125
 20
164.54241943359375
 10
1843.361328125
 20
165.66595458984375
 10
1840.4501953125
 20
166.02484130859375
 10
1836.158203125
 20
166.35736083984375
 10
1832.6328125
 20
166.51947021484375
 10
1829.10888671875
 20
166.33001708984375
 10
1824.8193359375
 20
165.96429443359375
 10
1821.9111328125
 20
165.58294677734375
 10
1814.515625
 20
164.40277099609375
 10
1812.25341796875
 20
164.14837646484375
 10
1810.89306640625
 20
164.06048583984375
 10
1809.5322265625
 20
164.03802490234375
 10
1808.17626953125
 20
164.09710693359375
 10
1806.830078125
 20
164.25238037109375
 10
1805.49951171875
 20
164.51898193359375
 10
1804.23681640625
 20
164.89593505859375
 10
1803.0185546875
 20
165.39007568359375
 10
1801.85498046875
 20
166.00140380859375
 10
1800.7578125
 20
166.72894287109375
 10
1799.77783203125
 20
167.53509521484375
 10
1798.88720703125
 20
168.43255615234375
 10
1798.0908203125
 20
169.41351318359375
 10
1797.3935546875
 20
170.46917724609375
 10
1796.79931640625
 20
171.59173583984375
 10
1796.30712890625
 20
172.78851318359375
 10
1795.9296875
 20
174.02386474609375
 10
1795.6640625
 20
175.28900146484375
 10
1795.50830078125
 20
176.57464599609375
 10
1795.46044921875
 20
178.22308349609375
 10
1795.55517578125
 20
179.87005615234375
 10
1795.7568359375
 20
181.51068115234375
 10
1796.24658203125
 20
184.17376708984375
 10
1797.84912109375
 20
190.75872802734375
 10
1798.23681640625
 20
192.75384521484375
 10
1798.380859375
 20
193.76898193359375
 10
1798.47119140625
 20
194.78802490234375
 10
1798.4912109375
 20
195.80462646484375
 10
1798.42236328125
 20
196.81097412109375
 10
1798.24755859375
 20
197.79974365234375
 10
1797.94873046875
 20
198.76458740234375
 10
1797.57421875
 20
199.57708740234375
 10
1797.099609375
 20
200.33197021484375
 10
1796.53125
 20
201.01702880859375
 10
1795.873046875
 20
201.62200927734375
 10
1795.00341796875
 20
202.20989990234375
 10
1794.0556640625
 20
202.65765380859375
 10
1793.0498046875
 20
202.96722412109375
 10
1792.0107421875
 20
203.14593505859375
 10
1790.95849609375
 20
203.21185302734375
 10
1789.89990234375
 20
203.18890380859375
 10
1788.8427734375
 20
203.09857177734375
 10
1786.98046875
 20
202.83392333984375
 10
1785.13330078125
 20
202.47503662109375
 10
1773.96484375
 20
199.90570068359375
 10
1770.1875
 20
199.12493896484375
 10
1766.01123046875
 20
198.33880615234375
 10
1757.876953125
 20
196.96722412109375
 10
1753.92138671875
 20
196.37738037109375
 10
1750.82861328125
 20
195.96868896484375
 10
1746.400390625
 20
195.46478271484375
 10
1746.5888671875
 20
198.51263427734375
 10
1747.0380859375
 20
203.46820068359375
 10
1747.5849609375
 20
208.08001708984375
 10
1748.2529296875
 20
212.67523193359375
 10
1749.0322265625
 20
217.20989990234375
 10
1749.927734375
 20
221.72210693359375
 10
1750.76171875
 20
225.42327880859375
 10
1758.416015625
 20
225.89398193359375
 10
1762.89599609375
 20
226.21234130859375
 10
1776.09814453125
 20
227.23675537109375
 10
1793.03369140625
 20
228.35638427734375
 10
1798.66357421875
 20
228.68939208984375
 10
1804.095703125
 20
229.08294677734375
 10
1805.79052734375
 20
229.26800537109375
 10
1806.5986328125
 20
229.43011474609375
 10
1807.376953125
 20
229.68206787109375
 10
1808.09716796875
 20
230.06243896484375
 10
1808.60595703125
 20
230.47552490234375
 10
1809.02783203125
 20
230.97308349609375
 10
1809.34765625
 20
231.54388427734375
 10
1809.56005859375
 20
232.20306396484375
 10
1809.6494140625
 20
232.88958740234375
 10
1809.6337890625
 20
233.58685302734375
 10
1809.47998046875
 20
234.45843505859375
 10
1809.15966796875
 20
235.28070068359375
 10
1808.66064453125
 20
236.00433349609375
 10
1807.99755859375
 20
236.57904052734375
 10
1807.2734375
 20
236.94036865234375
 10
1806.48876953125
 20
237.15618896484375
 10
1805.6748046875
 20
237.26995849609375
 10
1804.03662109375
 20
237.32904052734375
 10
1783.41943359375
 20
236.52288818359375
 10
1775.09912109375
 20
236.12835693359375
 10
1755.943359375
 20
235.62445068359375
 10
1756.919921875
 20
239.43939208984375
 10
1758.07470703125
 20
243.33148193359375
 10
1759.2763671875
 20
246.89300537109375
 10
1760.58544921875
 20
250.41693115234375
 10
1761.8203125
 20
253.51898193359375
 10
1763.115234375
 20
256.59613037109375
 10
1764.63525390625
 20
260.02581787109375
 10
1766.3466796875
 20
263.67327880859375
 10
1776.3544921875
 20
262.58392333984375
 10
1785.28076171875
 20
261.46038818359375
 10
1797.20947265625
 20
259.85882568359375
 10
1802.2509765625
 20
259.31195068359375
 10
1804.28076171875
 20
259.22259521484375
 10
1805.556640625
 20
259.27191162109375
 10
1806.8115234375
 20
259.48284912109375
 10
1807.5390625
 20
259.71966552734375
 10
1808.22216796875
 20
260.04974365234375
 10
1808.84033203125
 20
260.47991943359375
 10
1809.37255859375
 20
261.01751708984375
 10
1809.84130859375
 20
261.74359130859375
 10
1810.15087890625
 20
262.54925537109375
 10
1810.31103515625
 20
263.40423583984375
 10
1810.3310546875
 20
264.29974365234375
 10
1810.22802734375
 20
265.18743896484375
 10
1810.033203125
 20
266.06732177734375
 10
1809.77880859375
 20
266.93988037109375
 10
1807.83935546875
 20
272.78607177734375
 10
1806.9951171875
 20
275.49798583984375
 10
1806.21923828125
 20
278.22991943359375
 10
1805.2275390625
 20
282.28411865234375
 10
1804.4365234375
 20
286.38177490234375
 10
1803.970703125
 20
289.64202880859375
 10
1803.6220703125
 20
292.91790771484375
 10
1803.2890625
 20
297.44281005859375
 10
1803.13427734375
 20
301.97698974609375
 10
1803.13916015625
 20
302.88421630859375
 10
1806.90478515625
 20
303.69915771484375
 10
1810.6591796875
 20
304.39984130859375
 10
1814.97021484375
 20
305.06976318359375
 10
1819.30078125
 20
305.59808349609375
 10
1822.77587890625
 20
305.91839599609375
 10
1826.25830078125
 20
306.14984130859375
 10
1830.041015625
 20
306.29779052734375
 10
1832.0498046875
 20
304.30706787109375
 10
1834.04052734375
 20
306.31536865234375
 10
1837.92919921875
 20
306.19476318359375
 10
1841.4130859375
 20
305.99017333984375
 10
1844.890625
 20
305.69720458984375
 10
1849.22509765625
 20
305.20208740234375
 10
1853.54150390625
 20
304.56536865234375
 10
1857.30078125
 20
303.89398193359375
 10
1861.07275390625
 20
303.10784912109375
 10
1861.08447265625
 20
302.20062255859375
 10
1860.96484375
 20
297.66546630859375
 10
1860.6669921875
 20
293.13812255859375
 10
1860.34375
 20
289.85980224609375
 10
1859.9033203125
 20
286.59564208984375
 10
1859.1435546875
 20
282.49261474609375
 10
1858.18310546875
 20
278.43060302734375
 10
1857.42822265625
 20
275.69281005859375
 10
1856.60498046875
 20
272.97406005859375
 10
1854.7109375
 20
267.11322021484375
 10
1854.462890625
 20
266.23870849609375
 10
1854.275390625
 20
265.35736083984375
 10
1854.17919921875
 20
264.46917724609375
 10
1854.2060546875
 20
263.57366943359375
 10
1854.37255859375
 20
262.72015380859375
 10
1854.6884765625
 20
261.91644287109375
 10
1855.16259765625
 20
261.19378662109375
 10
1855.69921875
 20
260.66107177734375
 10
1856.32080078125
 20
260.23529052734375
 10
1857.00634765625
 20
259.91058349609375
 10
1857.7353515625
 20
259.67962646484375
 10
1858.9921875
 20
259.47845458984375
 10
1860.2685546875
 20
259.43890380859375
 10
1862.29736328125
 20
259.54339599609375
 10
1867.33447265625
 20
260.12982177734375
 10
1879.25048828125
 20
261.82269287109375
 10
1888.16796875
 20
263.01556396484375
 10
1898.1669921875
 20
264.18206787109375
 10
1899.90673828125
 20
260.54779052734375
 10
1901.373046875
 20
257.30706787109375
 10
1899.57275390625
 20
255.16888427734375
 10
1902.36376953125
 20
255.01165771484375
 10
1902.56103515625
 20
254.55267333984375
 10
1900.7255859375
 20
252.44476318359375
 10
1903.51318359375
 20
252.24114990234375
 10
1903.70166015625
 20
251.77777099609375
 10
1901.826171875
 20
249.70599365234375
 10
1904.609375
 20
249.44866943359375
 10
1904.787109375
 20
248.98138427734375
 10
1902.873046875
 20
246.94427490234375
 10
1905.65087890625
 20
246.63568115234375
 10
1905.814453125
 20
246.16302490234375
 10
1903.857421875
 20
244.16741943359375
 10
1906.6279296875
 20
243.79925537109375
 10
1907.7802734375
 20
240.02191162109375
 10
1908.78662109375
 20
236.21429443359375
 10
1889.626953125
 20
236.57025146484375
 10
1881.30419921875
 20
236.90081787109375
 10
1860.681640625
 20
237.54779052734375
 10
1859.04345703125
 20
237.47601318359375
 10
1858.23095703125
 20
237.35589599609375
 10
1857.44775390625
 20
237.13421630859375
 10
1856.7265625
 20
236.76702880859375
 10
1856.06787109375
 20
236.18743896484375
 10
1855.57421875
 20
235.45989990234375
 10
1855.26025390625
 20
234.63519287109375
 10
1855.11328125
 20
233.76263427734375
 10
1855.10302734375
 20
233.06488037109375
 10
1855.19775390625
 20
232.37884521484375
 10
1855.4150390625
 20
231.72161865234375
 10
1855.73974609375
 20
231.15325927734375
 10
1856.1650390625
 20
230.65911865234375
 10
1856.6767578125
 20
230.24993896484375
 10
1857.400390625
 20
229.87493896484375
 10
1858.18017578125
 20
229.62933349609375
 10
1858.98974609375
 20
229.47357177734375
 10
1860.68603515625
 20
229.30120849609375
 10
1866.12109375
 20
228.95013427734375
 10
1871.75341796875
 20
228.66009521484375
 10
1888.69677734375
 20
227.67132568359375
 10
1901.90673828125
 20
226.74847412109375
 10
1906.388671875
 20
226.46527099609375
 10
1914.04638671875
 20
226.05316162109375
 10
1914.9091796875
 20
222.35931396484375
 10
1915.83935546875
 20
217.85345458984375
 10
1916.65380859375
 20
213.32562255859375
 10
1917.357421875
 20
208.73529052734375
 10
1917.93994140625
 20
204.12786865234375
 10
1918.42724609375
 20
199.17572021484375
 10
1918.6396484375
 20
196.12982177734375
  0
TEXT
  5
B9
330
17
100
AcDbEntity
  8
ANNOTATION
100
AcDbText
 10
1835.2653182818142
 20
225.71115497905856
 30
0.0
 40
12.5
  1
P04 0deg
100
AcDbText
  0
LWPOLYLINE
  5
BA
330
17
100
AcDbEntity
  8
PIECES
100
AcDbPolyline
 90
289
 70
1
 10
172.72021484375
 20
353.1907958984375
 10
163.18212890625
 20
354.4110107421875
 10
158.4736328125
 20
355.0882568359375
 10
153.77685546875
 20
355.8426513671875
 10
149.794921875
 20
356.5692138671875
 10
145.82421875
 20
357.3558349609375
 10
141.8525390625
 20
358.1878662109375
 10
133.5283203125
 20
360.0404052734375
 10
132.1455078125
 20
360.2991943359375
 10
130.75390625
 20
360.4818115234375
 10
129.35302734375
 20
360.5438232421875
 10
128.46923828125
 20
360.4998779296875
 10
127.59716796875
 20
360.3768310546875
 10
126.74951171875
 20
360.1634521484375
 10
125.9384765625
 20
359.8475341796875
 10
125.1767578125
 20
359.4178466796875
 10
124.41259765625
 20
358.8070068359375
 10
123.76123046875
 20
358.0819091796875
 10
123.22705078125
 20
357.2630615234375
 10
122.8154296875
 20
356.3704833984375
 10
122.52099609375
 20
355.3812255859375
 10
122.36083984375
 20
354.3680419921875
 10
122.3154296875
 20
353.3387451171875
 10
122.36474609375
 20
352.3006591796875
 10
122.4892578125
 20
351.2601318359375
 10
122.6689453125
 20
350.2254638671875
 10
123.1728515625
 20
347.9993896484375
 10
124.18896484375
 20
343.9202880859375
 10
124.56982421875
 20
342.0394287109375
 10
124.8564453125
 20
340.1419677734375
 10
125.00341796875
 20
338.5985107421875
 10
125.0595703125
 20
337.0511474609375
 10
125.009765625
 20
335.5032958984375
 10
124.88232421875
 20
334.2650146484375
 10
124.6669921875
 20
333.0418701171875
 10
124.3525390625
 20
331.8421630859375
 10
123.92919921875
 20
330.6751708984375
 10
123.3837890625
 20
329.5413818359375
 10
122.72705078125
 20
328.4749755859375
 10
121.96435546875
 20
327.4832763671875
 10
121.10107421875
 20
326.5765380859375
 10
120.14306640625
 20
325.7625732421875
 10
119.03662109375
 20
325.0135498046875
 10
117.857421875
 20
324.3905029296875
 10
116.619140625
 20
323.8924560546875
 10
115.333984375
 20
323.5169677734375
 10
113.740234375
 20
323.2215576171875
 10
112.126953125
 20
323.0819091796875
 10
110.50341796875
 20
323.0760498046875
 10
108.8798828125
 20
323.1820068359375
 10
106.63232421875
 20
323.4725341796875
 10
99.2275390625
 20
324.7811279296875
 10
94.31396484375
 20
325.5384521484375
 10
92.3388671875
 20
325.7728271484375
 10
90.14111328125
 20
325.8909912109375
 10
89.083984375
 20
325.8812255859375
 10
88.6787109375
 20
325.0838623046875
 10
88.2841796875
 20
325.8861083984375
 10
87.2265625
 20
325.9095458984375
 10
85.02734375
 20
325.8192138671875
 10
83.04931640625
 20
325.6097412109375
 10
78.12646484375
 20
324.9149169921875
 10
70.7060546875
 20
323.7005615234375
 10
68.45458984375
 20
323.4383544921875
 10
66.830078125
 20
323.3529052734375
 10
65.20654296875
 20
323.3792724609375
 10
63.59521484375
 20
323.5394287109375
 10
62.00537109375
 20
323.8553466796875
 10
60.7255859375
 20
324.2469482421875
 10
59.4931640625
 20
324.7606201171875
 10
58.322265625
 20
325.3983154296875
 10
57.22509765625
 20
326.1610107421875
 10
56.27734375
 20
326.9871826171875
 10
55.42578125
 20
327.9051513671875
 10
54.67578125
 20
328.9061279296875
 10
54.03271484375
 20
329.9813232421875
 10
53.50146484375
 20
331.1214599609375
 10
53.09326171875
 20
332.2938232421875
 10
52.7939453125
 20
333.4974365234375
 10
52.59423828125
 20
334.7230224609375
 10
52.482421875
 20
335.9627685546875
 10
52.4521484375
 20
337.5111083984375
 10
52.5283203125
 20
339.0579833984375
 10
52.6943359375
 20
340.5994873046875
 10
53.0048828125
 20
342.4930419921875
 10
53.40966796875
 20
344.3690185546875
 10
54.4775390625
 20
348.4349365234375
 10
55.00927734375
 20
350.6541748046875
 10
55.20263671875
 20
351.6868896484375
 10
55.34033203125
 20
352.7254638671875
 10
55.40283203125
 20
353.7630615234375
 10
55.3701171875
 20
354.7928466796875
 10
55.22265625
 20
355.8074951171875
 10
54.94091796875
 20
356.8006591796875
 10
54.541015625
 20
357.6986083984375
 10
54.01708984375
 20
358.5238037109375
 10
53.375
 20
359.2572021484375
 10
52.61865234375
 20
359.8778076171875
 10
51.8623046875
 20
360.3172607421875
 10
51.0556640625
 20
360.6429443359375
 10
50.21044921875
 20
360.8675537109375
 10
49.34033203125
 20
361.0013427734375
 10
48.45703125
 20
361.0565185546875
 10
47.0556640625
 20
361.0125732421875
 10
45.66162109375
 20
360.8475341796875
 10
44.27587890625
 20
360.6063232421875
 10
35.9287109375
 20
358.8592529296875
 10
31.9462890625
 20
358.0780029296875
 10
27.96630859375
 20
357.3416748046875
 10
23.9755859375
 20
356.6654052734375
 10
19.26953125
 20
355.9705810546875
 10
14.552734375
 20
355.3533935546875
 10
5.0
 20
354.2537841796875
 10
5.58935546875
 20
359.6820068359375
 10
6.00927734375
 20
363.0091552734375
 10
6.658203125
 20
367.6077880859375
 10
7.4091796875
 20
372.1903076171875
 10
8.275390625
 20
376.7088623046875
 10
9.26318359375
 20
381.2020263671875
 10
9.85986328125
 20
383.6170654296875
 10
20.37255859375
 20
384.2889404296875
 10
30.08349609375
 20
384.8035888671875
 10
43.73193359375
 20
385.4608154296875
 10
55.123046875
 20
385.9197998046875
 10
59.890625
 20
386.0677490234375
 10
61.62841796875
 20
386.1746826171875
 10
63.35400390625
 20
386.3919677734375
 10
64.576171875
 20
386.6800537109375
 10
65.14794921875
 20
386.9173583984375
 10
65.669921875
 20
387.2489013671875
 10
66.1533203125
 20
387.7264404296875
 10
66.5244140625
 20
388.2947998046875
 10
66.78173828125
 20
388.9281005859375
 10
66.94921875
 20
389.9071044921875
 10
66.88671875
 20
390.9012451171875
 10
66.7568359375
 20
391.4578857421875
 10
66.54638671875
 20
391.9832763671875
 10
66.2373046875
 20
392.4564208984375
 10
65.6572265625
 20
392.9710693359375
 10
64.9609375
 20
393.3280029296875
 10
64.08447265625
 20
393.5819091796875
 10
63.1787109375
 20
393.7156982421875
 10
61.5830078125
 20
393.8123779296875
 10
54.5185546875
 20
393.8880615234375
 10
51.3701171875
 20
393.8656005859375
 10
44.587890625
 20
393.7264404296875
 10
32.55908203125
 20
393.3504638671875
 10
28.3544921875
 20
393.2503662109375
 10
24.14892578125
 20
393.2034912109375
 10
20.7939453125
 20
393.2161865234375
 10
14.06396484375
 20
393.3734130859375
 10
15.25244140625
 20
397.6068115234375
 10
16.67919921875
 20
402.0740966796875
 10
18.26318359375
 20
406.4891357421875
 10
20.03125
 20
410.9134521484375
 10
21.95703125
 20
415.2703857421875
 10
24.0380859375
 20
419.5560302734375
 10
24.59228515625
 20
420.5999755859375
 10
29.341796875
 20
420.1346435546875
 10
38.6435546875
 20
419.0975341796875
 10
43.03564453125
 20
418.5218505859375
 10
60.01318359375
 20
415.8963623046875
 10
61.994140625
 20
415.7030029296875
 10
62.84765625
 20
415.6868896484375
 10
63.6953125
 20
415.7459716796875
 10
64.5263671875
 20
415.9144287109375
 10
65.2138671875
 20
416.1683349609375
 10
65.85009765625
 20
416.5203857421875
 10
66.4228515625
 20
416.9676513671875
 10
66.91748046875
 20
417.5052490234375
 10
67.37890625
 20
418.2381591796875
 10
67.6982421875
 20
419.0418701171875
 10
67.88037109375
 20
419.8924560546875
 10
67.93359375
 20
420.7650146484375
 10
67.875
 20
421.6346435546875
 10
67.73046875
 20
422.5003662109375
 10
67.28271484375
 20
424.2127685546875
 10
65.67138671875
 20
429.2078857421875
 10
64.8447265625
 20
431.9251708984375
 10
64.09912109375
 20
434.6658935546875
 10
63.14794921875
 20
438.7298583984375
 10
62.38818359375
 20
442.8328857421875
 10
61.943359375
 20
446.0965576171875
 10
61.63134765625
 20
449.3758544921875
 10
61.43115234375
 20
453.1136474609375
 10
61.39697265625
 20
456.8568115234375
 10
61.44677734375
 20
458.2728271484375
 10
64.4482421875
 20
459.0819091796875
 10
68.0615234375
 20
459.8543701171875
 10
70.72705078125
 20
460.2864990234375
 10
73.40673828125
 20
460.6204833984375
 10
76.095703125
 20
460.8787841796875
 10
78.7900390625
 20
461.0828857421875
 10
82.35205078125
 20
461.2943115234375
 10
85.91650390625
 20
461.4310302734375
 10
87.541015625
 20
461.4515380859375
 10
89.52783203125
 20
459.4393310546875
 10
91.5400390625
 20
461.4261474609375
 10
93.1689453125
 20
461.3846435546875
 10
96.7314453125
 20
461.2030029296875
 10
100.29052734375
 20
460.9466552734375
 10
102.98193359375
 20
460.7083740234375
 10
105.66748046875
 20
460.4158935546875
 10
108.34228515625
 20
460.0477294921875
 10
111.00244140625
 20
459.5823974609375
 10
114.60546875
 20
458.7640380859375
 10
117.59716796875
 20
457.9168701171875
 10
117.62890625
 20
456.5003662109375
 10
117.546875
 20
452.7581787109375
 10
117.29931640625
 20
449.0233154296875
 10
116.94580078125
 20
445.7479248046875
 10
116.45947265625
 20
442.4901123046875
 10
115.64794921875
 20
438.3968505859375
 10
114.64501953125
 20
434.3455810546875
 10
113.86474609375
 20
431.6146240234375
 10
113.00390625
 20
428.9075927734375
 10
111.32958984375
 20
423.9334716796875
 10
110.85986328125
 20
422.2269287109375
 10
110.70458984375
 20
421.3631591796875
 10
110.634765625
 20
420.4945068359375
 10
110.67724609375
 20
419.6214599609375
 10
110.8486328125
 20
418.7684326171875
 10
111.1572265625
 20
417.9608154296875
 10
111.60986328125
 20
417.2220458984375
 10
112.09765625
 20
416.6781005859375
 10
112.6640625
 20
416.2239990234375
 10
113.29638671875
 20
415.8636474609375
 10
113.98046875
 20
415.6009521484375
 10
114.8095703125
 20
415.4217529296875
 10
115.65625
 20
415.3519287109375
 10
116.509765625
 20
415.3572998046875
 10
118.4931640625
 20
415.5257568359375
 10
135.50244140625
 20
417.9359130859375
 10
139.9013671875
 20
418.4554443359375
 10
149.2158203125
 20
419.3748779296875
 10
153.97021484375
 20
419.7801513671875
 10
154.51123046875
 20
418.7288818359375
 10
156.5380859375
 20
414.4173583984375
 10
157.455078125
 20
412.2694091796875
 10
155.64453125
 20
410.1400146484375
 10
158.43408203125
 20
409.9691162109375
 10
158.61376953125
 20
409.5028076171875
 10
156.72998046875
 20
407.4378662109375
 10
159.51220703125
 20
407.1697998046875
 10
159.69189453125
 20
406.7030029296875
 10
157.76953125
 20
404.6737060546875
 10
160.54638671875
 20
404.3538818359375
 10
160.708984375
 20
403.8812255859375
 10
158.75244140625
 20
401.8851318359375
 10
161.5234375
 20
401.5174560546875
 10
163.01806640625
 20
396.6702880859375
 10
164.15283203125
 20
392.4217529296875
 10
157.42138671875
 20
392.3499755859375
 10
154.06640625
 20
392.3802490234375
 10
149.86181640625
 20
392.4798583984375
 10
133.6357421875
 20
393.1619873046875
 10
126.85595703125
 20
393.3870849609375
 10
123.70849609375
 20
393.4495849609375
 10
116.6435546875
 20
393.4632568359375
 10
115.04638671875
 20
393.3865966796875
 10
114.13916015625
 20
393.2645263671875
 10
113.25927734375
 20
393.0218505859375
 10
112.55908203125
 20
392.6741943359375
 10
111.97216796875
 20
392.1663818359375
 10
111.6572265625
 20
391.6971435546875
 10
111.43994140625
 20
391.1741943359375
 10
111.30322265625
 20
390.6195068359375
 10
111.22802734375
 20
389.6263427734375
 10
111.3828125
 20
388.6453857421875
 10
111.63232421875
 20
388.0086669921875
 10
111.99609375
 20
387.4359130859375
 10
112.47314453125
 20
386.9520263671875
 10
112.9912109375
 20
386.6141357421875
 10
113.56005859375
 20
386.3695068359375
 10
114.7783203125
 20
386.0657958984375
 10
116.5009765625
 20
385.8270263671875
 10
118.2373046875
 20
385.6981201171875
 10
123.00244140625
 20
385.4896240234375
 10
134.38671875
 20
384.8861083984375
 10
148.0263671875
 20
384.0560302734375
 10
157.72998046875
 20
383.4183349609375
 10
168.2333984375
 20
382.6131591796875
 10
168.79931640625
 20
380.1907958984375
 10
169.72998046875
 20
375.6854248046875
 10
170.5390625
 20
371.1561279296875
 10
171.2314453125
 20
366.5643310546875
 10
171.82177734375
 20
361.9583740234375
 10
172.19970703125
 20
358.6258544921875
 10
172.72021484375
 20
353.1907958984375
  0
TEXT
  5
BB
330
17
100
AcDbEntity
  8
ANNOTATION
100
AcDbText
 10
91.29993985185986
 20
383.9501965796659
 30
0.0
 40
12.5
  1
P05 0deg
100
AcDbText
  0
LWPOLYLINE
  5
BC
330
17
100
AcDbEntity
  8
PIECES
100
AcDbPolyline
 90
266
 70
1
 10
256.89990234375
 20
457.8861083984375
 10
258.86474609375
 20
459.919921875
 10
260.89794921875
 20
457.9556274414062
 10
267.66943359375
 20
457.755859375
 10
270.83544921875
 20
457.5870971679688
 10
273.99462890625
 20
457.33935546875
 10
277.14111328125
 20
456.9859619140625
 10
280.27099609375
 20
456.4996337890625
 10
283.88720703125
 20
455.7443237304688
 10
286.81201171875
 20
454.982666015625
 10
286.85791015625
 20
450.7415161132812
 10
286.71337890625
 20
447.0010375976562
 10
286.44970703125
 20
443.7174072265625
 10
286.05322265625
 20
440.447265625
 10
285.35400390625
 20
436.33349609375
 10
284.46337890625
 20
432.25634765625
 10
283.75927734375
 20
429.50445556640625
 10
282.97216796875
 20
426.77520751953125
 10
281.42138671875
 20
421.760498046875
 10
280.99658203125
 20
420.0457763671875
 10
280.85986328125
 20
419.17950439453125
 10
280.80419921875
 20
418.309326171875
 10
280.85205078125
 20
417.43670654296875
 10
281.02294921875
 20
416.57696533203125
 10
281.32861328125
 20
415.76177978515625
 10
281.78173828125
 20
415.01666259765625
 10
282.28076171875
 20
414.46453857421875
 10
282.86376953125
 20
414.00714111328125
 10
283.51318359375
 20
413.6470947265625
 10
284.21435546875
 20
413.3856201171875
 10
285.06201171875
 20
413.206298828125
 10
285.92724609375
 20
413.136474609375
 10
286.79833984375
 20
413.14501953125
 10
288.74560546875
 20
413.3294677734375
 10
296.97314453125
 20
414.67901611328125
 10
305.70263671875
 20
416.251708984375
 10
310.07958984375
 20
416.950927734375
 10
314.46826171875
 20
417.57861328125
 10
319.37158203125
 20
418.2198486328125
 10
323.74755859375
 20
418.73095703125
 10
325.94482421875
 20
414.52294921875
 10
327.99560546875
 20
410.22381591796875
 10
329.89208984375
 20
405.8525390625
 10
331.60302734375
 20
401.4857177734375
 10
333.15966796875
 20
397.0615234375
 10
334.55322265625
 20
392.59735107421875
 10
328.48095703125
 20
392.312255859375
 10
325.14013671875
 20
392.214111328125
 10
320.66650390625
 20
392.1475830078125
 10
312.13623046875
 20
392.150146484375
 10
294.57080078125
 20
392.250732421875
 10
287.41943359375
 20
392.1689453125
 10
285.84814453125
 20
392.0885009765625
 10
284.87939453125
 20
391.955810546875
 10
283.95068359375
 20
391.67083740234375
 10
283.25634765625
 20
391.2701416015625
 10
282.68212890625
 20
390.715087890625
 10
282.26513671875
 20
390.0157470703125
 10
282.02392578125
 20
389.2344970703125
 10
281.95166015625
 20
388.39459228515625
 10
282.08056640625
 20
387.56451416015625
 10
282.44970703125
 20
386.76806640625
 10
283.03271484375
 20
386.11279296875
 10
283.60009765625
 20
385.73681640625
 10
284.22900390625
 20
385.473876953125
 10
285.12060546875
 20
385.26312255859375
 10
286.03271484375
 20
385.1517333984375
 10
292.66748046875
 20
384.7105712890625
 10
295.56103515625
 20
384.5718994140625
 10
305.54931640625
 20
384.238037109375
 10
315.23193359375
 20
383.72552490234375
 10
328.65087890625
 20
383.1588134765625
 10
333.24169921875
 20
382.849365234375
 10
339.07470703125
 20
382.314453125
 10
340.27392578125
 20
377.1146240234375
 10
340.97412109375
 20
373.58740234375
 10
338.73876953125
 20
371.9102783203125
 10
341.42138671875
 20
371.1279296875
 10
341.50537109375
 20
370.63507080078125
 10
339.25146484375
 20
368.982177734375
 10
341.92626953125
 20
368.1705322265625
 10
342.00244140625
 20
367.6766357421875
 10
339.71240234375
 20
366.0740966796875
 10
342.36865234375
 20
365.203369140625
 10
343.07275390625
 20
360.1063232421875
 10
343.74951171875
 20
354.2056884765625
 10
338.82568359375
 20
354.716552734375
 10
334.25927734375
 20
355.32452392578125
 10
330.96044921875
 20
355.851806640625
 10
324.38525390625
 20
357.03765869140625
 10
317.76318359375
 20
358.29193115234375
 10
308.91650390625
 20
360.1744384765625
 10
303.37939453125
 20
361.0269775390625
 10
302.32568359375
 20
361.1536865234375
 10
301.27490234375
 20
361.19580078125
 10
300.22705078125
 20
361.10302734375
 10
299.26708984375
 20
360.8585205078125
 10
298.36083984375
 20
360.4688720703125
 10
297.51708984375
 20
359.9501953125
 10
296.74951171875
 20
359.31787109375
 10
296.00830078125
 20
358.51025390625
 10
295.40283203125
 20
357.6019287109375
 10
294.95751953125
 20
356.603515625
 10
294.72509765625
 20
355.743896484375
 10
294.60205078125
 20
354.86456298828125
 10
294.56884765625
 20
353.97271728515625
 10
294.60791015625
 20
353.07562255859375
 10
294.70166015625
 20
352.1796875
 10
295.07958984375
 20
349.9830322265625
 10
296.05615234375
 20
345.681884765625
 10
296.49267578125
 20
343.5477294921875
 10
296.84326171875
 20
341.3984375
 10
297.01806640625
 20
339.8770751953125
 10
297.11181640625
 20
338.3504638671875
 10
297.10302734375
 20
336.8211669921875
 10
296.95654296875
 20
335.19915771484375
 10
296.64990234375
 20
333.6038818359375
 10
296.16650390625
 20
332.05206298828125
 10
295.66748046875
 20
330.9093017578125
 10
295.06201171875
 20
329.82470703125
 10
294.35400390625
 20
328.806396484375
 10
293.54931640625
 20
327.8614501953125
 10
292.64990234375
 20
326.9990234375
 10
291.61669921875
 20
326.19464111328125
 10
290.50830078125
 20
325.5045166015625
 10
289.33349609375
 20
324.9342041015625
 10
288.10302734375
 20
324.488525390625
 10
286.75244140625
 20
324.15478515625
 10
285.37841796875
 20
323.954345703125
 10
283.98876953125
 20
323.87005615234375
 10
282.59228515625
 20
323.88482666015625
 10
281.19580078125
 20
323.9810791015625
 10
278.97998046875
 20
324.260009765625
 10
274.57666015625
 20
325.0323486328125
 10
271.61474609375
 20
325.508056640625
 10
268.63818359375
 20
325.8770751953125
 10
263.90087890625
 20
326.1890869140625
 10
258.49853515625
 20
326.0946044921875
 10
253.77490234375
 20
325.61767578125
 10
250.81298828125
 20
325.14501953125
 10
247.86865234375
 20
324.5660400390625
 10
243.49560546875
 20
323.6407470703125
 10
241.29052734375
 20
323.28448486328125
 10
239.89892578125
 20
323.13934326171875
 10
238.50341796875
 20
323.0760498046875
 10
237.11181640625
 20
323.1119384765625
 10
235.73095703125
 20
323.2642822265625
 10
234.36962890625
 20
323.550537109375
 10
233.12451171875
 20
323.953125
 10
231.93017578125
 20
324.48211669921875
 10
230.79931640625
 20
325.1328125
 10
229.73876953125
 20
325.900634765625
 10
228.81005859375
 20
326.731689453125
 10
227.97216796875
 20
327.6474609375
 10
227.22900390625
 20
328.640625
 10
226.58642578125
 20
329.7037353515625
 10
226.04736328125
 20
330.8282470703125
 10
225.51025390625
 20
332.3619384765625
 10
225.14892578125
 20
333.94580078125
 10
224.94580078125
 20
335.561767578125
 10
224.88330078125
 20
337.0897216796875
 10
224.92333984375
 20
338.618896484375
 10
225.04541015625
 20
340.14508056640625
 10
225.31982421875
 20
342.305419921875
 10
225.68212890625
 20
344.453369140625
 10
226.50830078125
 20
348.7860107421875
 10
226.80908203125
 20
350.994873046875
 10
226.87158203125
 20
351.8931884765625
 10
226.87939453125
 20
352.7913818359375
 10
226.81494140625
 20
353.6815185546875
 10
226.66064453125
 20
354.555908203125
 10
226.39892578125
 20
355.4071044921875
 10
225.91943359375
 20
356.3890380859375
 10
225.28271484375
 20
357.2757568359375
 10
224.51416015625
 20
358.056884765625
 10
223.72314453125
 20
358.66204833984375
 10
222.86376953125
 20
359.151123046875
 10
221.94384765625
 20
359.50885009765625
 10
220.97509765625
 20
359.7196044921875
 10
219.92529296875
 20
359.77593994140625
 10
218.87646484375
 20
359.697021484375
 10
214.55029296875
 20
358.92779541015625
 10
212.32373046875
 20
358.488525390625
 10
203.54833984375
 20
356.2982177734375
 10
196.97412109375
 20
354.8135986328125
 10
190.44384765625
 20
353.3990478515625
 10
187.16650390625
 20
352.757080078125
 10
182.62255859375
 20
351.9901123046875
 10
177.72021484375
 20
351.3076171875
 10
178.18994140625
 20
357.22821044921875
 10
178.51611328125
 20
360.5662841796875
 10
179.03564453125
 20
365.1807861328125
 10
179.65576171875
 20
369.782958984375
 10
180.39501953125
 20
374.323974609375
 10
181.41162109375
 20
379.562255859375
 10
187.22216796875
 20
380.300537109375
 10
191.79931640625
 20
380.7698974609375
 10
205.19091796875
 20
381.8045654296875
 10
214.84912109375
 20
382.6546630859375
 10
224.81982421875
 20
383.337158203125
 10
227.70654296875
 20
383.57666015625
 10
234.32177734375
 20
384.249267578125
 10
235.22998046875
 20
384.3922119140625
 10
236.11279296875
 20
384.6341552734375
 10
236.73291015625
 20
384.9189453125
 10
237.28662109375
 20
385.3140869140625
 10
237.84716796875
 20
385.9892578125
 10
238.18798828125
 20
386.798095703125
 10
238.28759765625
 20
387.6324462890625
 10
238.18603515625
 20
388.4693603515625
 10
237.91748046875
 20
389.2418212890625
 10
237.47705078125
 20
389.9261474609375
 10
236.88330078125
 20
390.46063232421875
 10
236.17626953125
 20
390.8369140625
 10
235.23681640625
 20
391.08929443359375
 10
234.26416015625
 20
391.1881103515625
 10
232.69189453125
 20
391.2135009765625
 10
225.54052734375
 20
391.0460205078125
 10
207.98974609375
 20
390.3323974609375
 10
199.46533203125
 20
390.031982421875
 10
194.99169921875
 20
389.9427490234375
 10
191.64990234375
 20
389.9239501953125
 10
185.57080078125
 20
389.9967041015625
 10
186.80908203125
 20
394.50732421875
 10
188.20947265625
 20
398.9827880859375
 10
189.76708984375
 20
403.40667724609375
 10
191.50927734375
 20
407.84136962890625
 10
193.40966796875
 20
412.20947265625
 10
195.45751953125
 20
416.4915771484375
 10
199.84912109375
 20
416.13336181640625
 10
204.77294921875
 20
415.66400146484375
 10
209.18017578125
 20
415.189697265625
 10
213.57861328125
 20
414.643798828125
 10
222.35791015625
 20
413.3768310546875
 10
230.62744140625
 20
412.3150634765625
 10
232.57958984375
 20
412.1988525390625
 10
233.45068359375
 20
412.220458984375
 10
234.31298828125
 20
412.3203125
 10
235.15380859375
 20
412.5291748046875
 10
235.84521484375
 20
412.8150634765625
 10
236.48291015625
 20
413.19757080078125
 10
237.04833984375
 20
413.6749267578125
 10
237.52880859375
 20
414.2442626953125
 10
237.95458984375
 20
415.0045166015625
 10
238.23193359375
 20
415.83001708984375
 10
238.37255859375
 20
416.695068359375
 10
238.39013671875
 20
417.569091796875
 10
238.30419921875
 20
418.436767578125
 10
238.13720703125
 20
419.29791259765625
 10
237.65283203125
 20
420.9967041015625
 10
235.92822265625
 20
425.95404052734375
 10
235.04541015625
 20
428.6539306640625
 10
234.24658203125
 20
431.3797607421875
 10
233.21435546875
 20
435.42364501953125
 10
232.37158203125
 20
439.5103759765625
 10
231.86083984375
 20
442.7646484375
 10
231.48388671875
 20
446.0372314453125
 10
231.20849609375
 20
449.7700805664062
 10
231.10595703125
 20
454.0103759765625
 10
234.00244140625
 20
454.873779296875
 10
237.59033203125
 20
455.7546997070312
 10
240.70166015625
 20
456.3499755859375
 10
243.83349609375
 20
456.8130493164062
 10
246.98193359375
 20
457.1708984375
 10
250.14111328125
 20
457.4501342773438
 10
256.89990234375
 20
457.8861083984375
  0
TEXT
  5
BD
330
17
100
AcDbEntity
  8
ANNOTATION
100
AcDbText
 10
262.0157020970395
 20
381.5241579901903
 30
0.0
 40
12.5
  1
P06 0deg
100
AcDbText
  0
LWPOLYLINE
  5
BE
330
17
100
AcDbEntity
  8
PIECES
100
AcDbPolyline
 90
276
 70
1
 10
512.0283203125
 20
351.4031982421875
 10
507.5654296875
 20
351.7322998046875
 10
502.6328125
 20
352.3226318359375
 10
497.830078125
 20
353.1234130859375
 10
493.0576171875
 20
354.0931396484375
 10
483.095703125
 20
356.3348388671875
 10
472.0439453125
 20
358.7479248046875
 10
471.0029296875
 20
358.9056396484375
 10
469.9580078125
 20
358.9915771484375
 10
468.9091796875
 20
358.9793701171875
 10
467.9990234375
 20
358.8695068359375
 10
467.1123046875
 20
358.6600341796875
 10
466.2626953125
 20
358.3446044921875
 10
465.4658203125
 20
357.9188232421875
 10
464.736328125
 20
357.3768310546875
 10
464.1474609375
 20
356.7855224609375
 10
463.6474609375
 20
356.1209716796875
 10
463.240234375
 20
355.3948974609375
 10
462.92578125
 20
354.6195068359375
 10
462.6943359375
 20
353.7391357421875
 10
462.5703125
 20
352.8406982421875
 10
462.5400390625
 20
351.9310302734375
 10
462.587890625
 20
351.0174560546875
 10
462.7021484375
 20
350.1063232421875
 10
463.1240234375
 20
348.1019287109375
 10
464.3154296875
 20
343.6585693359375
 10
464.845703125
 20
341.1678466796875
 10
465.1484375
 20
338.9217529296875
 10
465.2490234375
 20
336.6590576171875
 10
465.201171875
 20
335.3607177734375
 10
465.0634765625
 20
334.0716552734375
 10
464.822265625
 20
332.8001708984375
 10
464.46484375
 20
331.5545654296875
 10
463.9990234375
 20
330.3856201171875
 10
463.4208984375
 20
329.2733154296875
 10
462.7333984375
 20
328.2288818359375
 10
461.939453125
 20
327.2611083984375
 10
461.04296875
 20
326.3802490234375
 10
460.0986328125
 20
325.6317138671875
 10
459.0869140625
 20
324.9852294921875
 10
458.0166015625
 20
324.4427490234375
 10
456.896484375
 20
324.0037841796875
 10
455.736328125
 20
323.6702880859375
 10
454.3154296875
 20
323.4090576171875
 10
452.87890625
 20
323.2850341796875
 10
451.4326171875
 20
323.2767333984375
 10
449.984375
 20
323.3631591796875
 10
448.53857421875
 20
323.5233154296875
 10
445.50927734375
 20
324.0159912109375
 10
442.4912109375
 20
324.5804443359375
 10
439.22265625
 20
325.1048583984375
 10
435.93359375
 20
325.4647216796875
 10
433.18603515625
 20
325.6058349609375
 10
427.82958984375
 20
325.5809326171875
 10
425.08349609375
 20
325.4144287109375
 10
421.79736328125
 20
325.0238037109375
 10
418.5341796875
 20
324.4686279296875
 10
415.521484375
 20
323.8758544921875
 10
412.49658203125
 20
323.3548583984375
 10
411.05322265625
 20
323.1815185546875
 10
409.60546875
 20
323.0814208984375
 10
408.1591796875
 20
323.0760498046875
 10
406.7216796875
 20
323.1868896484375
 10
405.2978515625
 20
323.4344482421875
 10
404.134765625
 20
323.7576904296875
 10
403.01123046875
 20
324.1859130859375
 10
401.935546875
 20
324.7186279296875
 10
400.91748046875
 20
325.3553466796875
 10
399.96630859375
 20
326.0950927734375
 10
399.0615234375
 20
326.9671630859375
 10
398.2587890625
 20
327.9276123046875
 10
397.56103515625
 20
328.9661865234375
 10
396.97265625
 20
330.0726318359375
 10
396.49658203125
 20
331.2371826171875
 10
396.12744140625
 20
332.4793701171875
 10
395.87451171875
 20
333.7484130859375
 10
395.72412109375
 20
335.0364990234375
 10
395.66455078125
 20
336.3343505859375
 10
395.744140625
 20
338.5975341796875
 10
396.02587890625
 20
340.8465576171875
 10
396.533203125
 20
343.3421630859375
 10
397.6826171875
 20
347.7962646484375
 10
398.0859375
 20
349.8045654296875
 10
398.19091796875
 20
350.7166748046875
 10
398.23095703125
 20
351.6307373046875
 10
398.19189453125
 20
352.5399169921875
 10
398.05908203125
 20
353.4373779296875
 10
397.8193359375
 20
354.3153076171875
 10
397.49853515625
 20
355.0877685546875
 10
397.083984375
 20
355.8099365234375
 10
396.578125
 20
356.4696044921875
 10
395.98388671875
 20
357.0555419921875
 10
395.2490234375
 20
357.5911865234375
 10
394.4482421875
 20
358.0096435546875
 10
393.59619140625
 20
358.3167724609375
 10
392.70703125
 20
358.5179443359375
 10
391.79541015625
 20
358.6195068359375
 10
390.7470703125
 20
358.6219482421875
 10
389.70263671875
 20
358.5257568359375
 10
388.66357421875
 20
358.3582763671875
 10
377.634765625
 20
355.8421630859375
 10
367.69482421875
 20
353.5076904296875
 10
362.931640625
 20
352.4935302734375
 10
358.13623046875
 20
351.6478271484375
 10
353.20947265625
 20
351.0115966796875
 10
348.74951171875
 20
350.6405029296875
 10
349.3076171875
 20
355.9359130859375
 10
349.716796875
 20
359.2645263671875
 10
350.3505859375
 20
363.8646240234375
 10
351.08642578125
 20
368.4495849609375
 10
351.93798828125
 20
372.9710693359375
 10
353.04052734375
 20
378.0008544921875
 10
362.66455078125
 20
379.0623779296875
 10
372.38818359375
 20
379.9515380859375
 10
379.673828125
 20
380.5101318359375
 10
395.89453125
 20
381.5579833984375
 10
401.859375
 20
382.0394287109375
 10
403.58984375
 20
382.1463623046875
 10
405.3134765625
 20
382.3148193359375
 10
406.10693359375
 20
382.4505615234375
 10
406.87646484375
 20
382.6658935546875
 10
407.59765625
 20
383.0028076171875
 10
408.126953125
 20
383.3880615234375
 10
408.5703125
 20
383.8641357421875
 10
408.9072265625
 20
384.4227294921875
 10
409.11376953125
 20
385.0316162109375
 10
409.1962890625
 20
385.6678466796875
 10
409.1689453125
 20
386.3148193359375
 10
409.052734375
 20
386.9046630859375
 10
408.84130859375
 20
387.4613037109375
 10
408.52001953125
 20
387.9622802734375
 10
408.12060546875
 20
388.3548583984375
 10
407.65234375
 20
388.6605224609375
 10
407.134765625
 20
388.8841552734375
 10
406.2119140625
 20
389.0926513671875
 10
405.2626953125
 20
389.1683349609375
 10
402.17578125
 20
389.1873779296875
 10
399.466796875
 20
389.0999755859375
 10
374.88818359375
 20
388.0404052734375
 10
370.6337890625
 20
387.9061279296875
 10
366.37841796875
 20
387.8377685546875
 10
362.84912109375
 20
387.8402099609375
 10
357.32275390625
 20
387.9593505859375
 10
358.49609375
 20
392.2210693359375
 10
359.89306640625
 20
396.6956787109375
 10
361.4423828125
 20
401.1199951171875
 10
363.17041015625
 20
405.5599365234375
 10
365.05126953125
 20
409.9364013671875
 10
367.0458984375
 20
414.1678466796875
 10
370.798828125
 20
413.8050537109375
 10
375.71435546875
 20
413.2581787109375
 10
380.11376953125
 20
412.7132568359375
 10
384.5029296875
 20
412.0921630859375
 10
393.26025390625
 20
410.6844482421875
 10
396.416015625
 20
410.2274169921875
 10
401.4404296875
 20
409.5970458984375
 10
403.30908203125
 20
409.4603271484375
 10
404.228515625
 20
409.4486083984375
 10
405.14111328125
 20
409.5159912109375
 10
406.03271484375
 20
409.7078857421875
 10
406.71923828125
 20
409.9779052734375
 10
407.35205078125
 20
410.3475341796875
 10
407.91748046875
 20
410.8114013671875
 10
408.4033203125
 20
411.3646240234375
 10
408.85107421875
 20
412.1077880859375
 10
409.15673828125
 20
412.9178466796875
 10
409.326171875
 20
413.7723388671875
 10
409.3662109375
 20
414.6453857421875
 10
409.2958984375
 20
415.5140380859375
 10
409.14013671875
 20
416.3778076171875
 10
408.6728515625
 20
418.0843505859375
 10
407.0244140625
 20
423.0677490234375
 10
406.1845703125
 20
425.7811279296875
 10
405.4267578125
 20
428.5184326171875
 10
404.45654296875
 20
432.5775146484375
 10
403.67724609375
 20
436.6771240234375
 10
403.216796875
 20
439.9388427734375
 10
402.8896484375
 20
443.2166748046875
 10
402.671875
 20
446.9534912109375
 10
402.63134765625
 20
449.8753662109375
 10
405.21240234375
 20
450.6019287109375
 10
408.8134765625
 20
451.4276123046875
 10
411.93310546875
 20
451.9744873046875
 10
415.072265625
 20
452.3895263671875
 10
418.2255859375
 20
452.6990966796875
 10
421.38818359375
 20
452.9295654296875
 10
424.55517578125
 20
453.1077880859375
 10
427.912109375
 20
453.2537841796875
 10
429.9208984375
 20
451.2635498046875
 10
431.91064453125
 20
453.2723388671875
 10
438.4375
 20
453.0091552734375
 10
441.60205078125
 20
452.8079833984375
 10
444.75830078125
 20
452.5281982421875
 10
447.90087890625
 20
452.1424560546875
 10
451.025390625
 20
451.6243896484375
 10
454.634765625
 20
450.8323974609375
 10
457.2216796875
 20
450.1302490234375
 10
457.208984375
 20
447.2083740234375
 10
457.025390625
 20
443.4696044921875
 10
456.7294921875
 20
440.1888427734375
 10
456.2998046875
 20
436.9227294921875
 10
455.55859375
 20
432.8162841796875
 10
454.6259765625
 20
428.7484130859375
 10
453.89453125
 20
426.0037841796875
 10
453.080078125
 20
423.2830810546875
 10
451.4775390625
 20
418.2840576171875
 10
451.0263671875
 20
416.5736083984375
 10
450.87890625
 20
415.7083740234375
 10
450.81640625
 20
414.8387451171875
 10
450.8642578125
 20
413.9661865234375
 10
451.0419921875
 20
413.1136474609375
 10
451.35546875
 20
412.3060302734375
 10
451.8095703125
 20
411.5672607421875
 10
452.30078125
 20
411.0189208984375
 10
452.87109375
 20
410.5599365234375
 10
453.5068359375
 20
410.1961669921875
 10
454.1962890625
 20
409.9329833984375
 10
455.0888671875
 20
409.7489013671875
 10
456.001953125
 20
409.6903076171875
 10
456.921875
 20
409.7108154296875
 10
458.7890625
 20
409.8646240234375
 10
463.8076171875
 20
410.5418701171875
 10
466.958984375
 20
411.0286865234375
 10
475.703125
 20
412.5184326171875
 10
480.0859375
 20
413.1800537109375
 10
484.4794921875
 20
413.7664794921875
 10
489.3896484375
 20
414.3587646484375
 10
493.1396484375
 20
414.7567138671875
 10
495.173828125
 20
410.5443115234375
 10
497.0947265625
 20
406.1854248046875
 10
497.515625
 20
405.1351318359375
 10
495.658203125
 20
403.0457763671875
 10
498.443359375
 20
402.8138427734375
 10
498.6298828125
 20
402.3499755859375
 10
496.7197265625
 20
400.3089599609375
 10
499.498046875
 20
400.0057373046875
 10
500.455078125
 20
397.3519287109375
 10
501.8935546875
 20
392.8909912109375
 10
503.1064453125
 20
388.6400146484375
 10
497.58203125
 20
388.4696044921875
 10
494.052734375
 20
388.4339599609375
 10
489.796875
 20
388.4627685546875
 10
485.5419921875
 20
388.5570068359375
 10
460.9541015625
 20
389.3870849609375
 10
458.244140625
 20
389.4495849609375
 10
455.1572265625
 20
389.4012451171875
 10
454.208984375
 20
389.3167724609375
 10
453.2890625
 20
389.0999755859375
 10
452.7734375
 20
388.8714599609375
 10
452.3076171875
 20
388.5609130859375
 10
451.912109375
 20
388.1644287109375
 10
451.595703125
 20
387.6605224609375
 10
451.388671875
 20
387.1024169921875
 10
451.2783203125
 20
386.5115966796875
 10
451.2568359375
 20
385.8646240234375
 10
451.345703125
 20
385.2288818359375
 10
451.5576171875
 20
384.6219482421875
 10
451.8994140625
 20
384.0667724609375
 10
452.34765625
 20
383.5946044921875
 10
452.880859375
 20
383.2142333984375
 10
453.6044921875
 20
382.8841552734375
 10
454.3759765625
 20
382.6761474609375
 10
455.1708984375
 20
382.5477294921875
 10
456.896484375
 20
382.3953857421875
 10
458.6279296875
 20
382.3045654296875
 10
464.5966796875
 20
381.8787841796875
 10
480.826171875
 20
380.9822998046875
 10
488.1171875
 20
380.4915771484375
 10
497.8486328125
 20
379.6932373046875
 10
507.482421875
 20
378.7220458984375
 10
508.6318359375
 20
373.7030029296875
 10
509.525390625
 20
369.1898193359375
 10
510.3037109375
 20
364.6116943359375
 10
510.98046875
 20
360.0174560546875
 10
511.4208984375
 20
356.6927490234375
 10
512.0283203125
 20
351.4031982421875
  0
TEXT
  5
BF
330
17
100
AcDbEntity
  8
ANNOTATION
100
AcDbText
 10
431.75046174422556
 20
380.0058434527853
 30
0.0
 40
12.5
  1
P07 0deg
100
AcDbText
  0
LWPOLYLINE
  5
C0
330
17
100
AcDbEntity
  8
PIECES
100
AcDbPolyline
 90
265
 70
1
 10
678.30859375
 20
349.2943115234375
 10
674.3076171875
 20
349.7239990234375
 10
671.64453125
 20
350.0706787109375
 10
668.5400390625
 20
350.5316162109375
 10
665.4462890625
 20
351.0570068359375
 10
662.3330078125
 20
351.6566162109375
 10
659.232421875
 20
352.3216552734375
 10
644.95703125
 20
355.7010498046875
 10
640.3984375
 20
356.6903076171875
 10
639.0302734375
 20
356.9305419921875
 10
637.654296875
 20
357.0902099609375
 10
636.271484375
 20
357.1156005859375
 10
635.40625
 20
357.0394287109375
 10
634.556640625
 20
356.8797607421875
 10
633.7373046875
 20
356.6258544921875
 10
632.962890625
 20
356.2674560546875
 10
632.248046875
 20
355.7933349609375
 10
631.5751953125
 20
355.1634521484375
 10
631.01953125
 20
354.4339599609375
 10
630.58203125
 20
353.6243896484375
 10
630.263671875
 20
352.7542724609375
 10
630.064453125
 20
351.8494873046875
 10
629.9736328125
 20
350.9300537109375
 10
629.970703125
 20
350.0013427734375
 10
630.150390625
 20
348.1409912109375
 10
630.5205078125
 20
346.0457763671875
 10
631.392578125
 20
341.8782958984375
 10
631.703125
 20
339.9725341796875
 10
631.904296875
 20
338.0545654296875
 10
631.966796875
 20
336.1268310546875
 10
631.896484375
 20
334.5814208984375
 10
631.693359375
 20
333.0516357421875
 10
631.328125
 20
331.5521240234375
 10
630.86328125
 20
330.2938232421875
 10
630.2626953125
 20
329.0999755859375
 10
629.529296875
 20
327.9842529296875
 10
628.6650390625
 20
326.9613037109375
 10
627.74609375
 20
326.1043701171875
 10
626.7431640625
 20
325.3587646484375
 10
625.66796875
 20
324.7235107421875
 10
624.5322265625
 20
324.1951904296875
 10
623.3466796875
 20
323.7723388671875
 10
622.1240234375
 20
323.4530029296875
 10
620.4697265625
 20
323.1849365234375
 10
618.7998046875
 20
323.0760498046875
 10
617.12109375
 20
323.1014404296875
 10
615.4453125
 20
323.2362060546875
 10
613.37109375
 20
323.5184326171875
 10
606.970703125
 20
324.7161865234375
 10
604.681640625
 20
325.0916748046875
 10
602.3779296875
 20
325.3612060546875
 10
599.8173828125
 20
325.4949951171875
 10
597.46875
 20
325.4739990234375
 10
595.123046875
 20
325.5330810546875
 10
592.560546875
 20
325.4412841796875
 10
590.2529296875
 20
325.2088623046875
 10
587.95703125
 20
324.8709716796875
 10
581.5390625
 20
323.7772216796875
 10
579.4599609375
 20
323.5291748046875
 10
577.78125
 20
323.4217529296875
 10
576.103515625
 20
323.4237060546875
 10
574.4345703125
 20
323.5594482421875
 10
572.78515625
 20
323.8543701171875
 10
571.568359375
 20
324.1937255859375
 10
570.390625
 20
324.6356201171875
 10
569.2626953125
 20
325.1820068359375
 10
568.1982421875
 20
325.8353271484375
 10
567.20703125
 20
326.5965576171875
 10
566.3017578125
 20
327.4686279296875
 10
565.455078125
 20
328.5057373046875
 10
564.7392578125
 20
329.6331787109375
 10
564.1591796875
 20
330.8367919921875
 10
563.71484375
 20
332.1024169921875
 10
563.3740234375
 20
333.6072998046875
 10
563.1953125
 20
335.1405029296875
 10
563.150390625
 20
336.6868896484375
 10
563.244140625
 20
338.6131591796875
 10
563.4765625
 20
340.5277099609375
 10
563.818359375
 20
342.4281005859375
 10
564.7578125
 20
346.5809326171875
 10
565.162109375
 20
348.6697998046875
 10
565.3720703125
 20
350.5272216796875
 10
565.3837890625
 20
351.4554443359375
 10
565.3076171875
 20
352.3763427734375
 10
565.1240234375
 20
353.2845458984375
 10
564.8193359375
 20
354.1595458984375
 10
564.3955078125
 20
354.9759521484375
 10
563.8515625
 20
355.7142333984375
 10
563.189453125
 20
356.3553466796875
 10
562.4814453125
 20
356.8406982421875
 10
561.712890625
 20
357.2117919921875
 10
560.8984375
 20
357.4793701171875
 10
560.0517578125
 20
357.6527099609375
 10
559.1875
 20
357.7425537109375
 10
557.8046875
 20
357.7401123046875
 10
556.4267578125
 20
357.6024169921875
 10
555.0546875
 20
357.3846435546875
 10
550.4794921875
 20
356.4696044921875
 10
536.1513671875
 20
353.3231201171875
 10
533.041015625
 20
352.7083740234375
 10
529.91796875
 20
352.1600341796875
 10
526.81640625
 20
351.6844482421875
 10
523.705078125
 20
351.2742919921875
 10
521.0361328125
 20
350.9715576171875
 10
517.0283203125
 20
350.6068115234375
 10
517.271484375
 20
353.0633544921875
 10
517.669921875
 20
356.3939208984375
 10
518.1416015625
 20
359.7147216796875
 10
518.9189453125
 20
364.3153076171875
 10
519.802734375
 20
368.8968505859375
 10
520.7333984375
 20
373.3529052734375
 10
521.59375
 20
377.1776123046875
 10
526.3544921875
 20
377.6141357421875
 10
530.994140625
 20
377.9827880859375
 10
540.482421875
 20
378.6102294921875
 10
547.85546875
 20
379.1956787109375
 10
550.9501953125
 20
379.3602294921875
 10
561.072265625
 20
379.7542724609375
 10
570.1142578125
 20
380.2254638671875
 10
574.2802734375
 20
380.6053466796875
 10
575.01953125
 20
380.7322998046875
 10
575.7275390625
 20
380.9676513671875
 10
576.5810546875
 20
381.5555419921875
 10
576.9541015625
 20
382.0574951171875
 10
577.2060546875
 20
382.6322021484375
 10
577.3544921875
 20
383.2972412109375
 10
577.3818359375
 20
383.9764404296875
 10
577.298828125
 20
384.6556396484375
 10
577.1484375
 20
385.2132568359375
 10
576.9150390625
 20
385.7362060546875
 10
576.583984375
 20
386.2025146484375
 10
576.099609375
 20
386.6253662109375
 10
575.529296875
 20
386.9256591796875
 10
574.880859375
 20
387.1116943359375
 10
574.2080078125
 20
387.1986083984375
 10
570.5947265625
 20
387.2884521484375
 10
565.095703125
 20
387.2098388671875
 10
547.427734375
 20
386.6346435546875
 10
539.4150390625
 20
386.4573974609375
 10
531.5146484375
 20
386.4466552734375
 10
525.8056640625
 20
386.5599365234375
 10
527.326171875
 20
391.4647216796875
 10
528.87890625
 20
395.8875732421875
 10
530.5810546875
 20
400.2552490234375
 10
532.4638671875
 20
404.6317138671875
 10
534.49609375
 20
408.9398193359375
 10
535.8154296875
 20
411.5028076171875
 10
548.1455078125
 20
409.9739990234375
 10
552.654296875
 20
409.3753662109375
 10
564.3623046875
 20
407.6834716796875
 10
567.40625
 20
407.3070068359375
 10
569.3876953125
 20
407.1258544921875
 10
571.3740234375
 20
407.0321044921875
 10
572.3388671875
 20
407.0345458984375
 10
573.2998046875
 20
407.1014404296875
 10
574.2451171875
 20
407.2679443359375
 10
574.9287109375
 20
407.4759521484375
 10
575.576171875
 20
407.7650146484375
 10
576.1708984375
 20
408.1424560546875
 10
576.6962890625
 20
408.6160888671875
 10
577.1591796875
 20
409.2293701171875
 10
577.4970703125
 20
409.9154052734375
 10
577.712890625
 20
410.6531982421875
 10
577.810546875
 20
411.4222412109375
 10
577.7841796875
 20
412.3206787109375
 10
577.63671875
 20
413.2059326171875
 10
577.4013671875
 20
414.0804443359375
 10
576.009765625
 20
418.3074951171875
 10
574.552734375
 20
423.5721435546875
 10
573.884765625
 20
426.3328857421875
 10
573.0576171875
 20
430.4232177734375
 10
572.4287109375
 20
434.5487060546875
 10
572.0849609375
 20
437.8250732421875
 10
571.8759765625
 20
441.1126708984375
 10
571.7919921875
 20
444.8548583984375
 10
571.8369140625
 20
446.9002685546875
 10
573.515625
 20
447.3494873046875
 10
577.123046875
 20
448.1502685546875
 10
580.806640625
 20
448.8026123046875
 10
584.515625
 20
449.2947998046875
 10
588.642578125
 20
449.6561279296875
 10
592.78125
 20
449.8411865234375
 10
596.4814453125
 20
449.8636474609375
 10
598.46484375
 20
447.8475341796875
 10
600.4814453125
 20
449.8314208984375
 10
604.1806640625
 20
449.7489013671875
 10
608.31640625
 20
449.4959716796875
 10
612.4375
 20
449.0677490234375
 10
616.13671875
 20
448.5150146484375
 10
619.8095703125
 20
447.8026123046875
 10
623.4033203125
 20
446.9437255859375
 10
625.0751953125
 20
446.4671630859375
 10
625.0859375
 20
444.4212646484375
 10
624.94140625
 20
440.6805419921875
 10
624.6787109375
 20
437.3968505859375
 10
624.2822265625
 20
434.1268310546875
 10
623.5859375
 20
430.0120849609375
 10
622.6923828125
 20
425.9354248046875
 10
621.98046875
 20
423.1864013671875
 10
620.4375
 20
417.9456787109375
 10
618.9765625
 20
413.7420654296875
 10
618.7275390625
 20
412.8714599609375
 10
618.5654296875
 20
411.9891357421875
 10
618.5244140625
 20
411.0906982421875
 10
618.6103515625
 20
410.3201904296875
 10
618.8134765625
 20
409.5789794921875
 10
619.1396484375
 20
408.8880615234375
 10
619.59375
 20
408.2669677734375
 10
620.1103515625
 20
407.7850341796875
 10
620.69921875
 20
407.3978271484375
 10
621.341796875
 20
407.0985107421875
 10
622.021484375
 20
406.8792724609375
 10
622.96484375
 20
406.6971435546875
 10
623.923828125
 20
406.6146240234375
 10
624.888671875
 20
406.5965576171875
 10
626.876953125
 20
406.6580810546875
 10
628.8603515625
 20
406.8070068359375
 10
631.9111328125
 20
407.1341552734375
 10
643.6435546875
 20
408.6346435546875
 10
648.162109375
 20
409.1600341796875
 10
660.5146484375
 20
410.4881591796875
 10
661.79296875
 20
407.9041748046875
 10
663.7548828125
 20
403.5633544921875
 10
665.5654296875
 20
399.1571044921875
 10
666.125
 20
397.6502685546875
 10
664.216796875
 20
395.6082763671875
 10
666.9951171875
 20
395.3065185546875
 10
668.677734375
 20
390.3143310546875
 10
670.1171875
 20
385.3856201171875
 10
664.408203125
 20
385.3651123046875
 10
660.8349609375
 20
385.4051513671875
 10
652.185546875
 20
385.6536865234375
 10
630.84375
 20
386.6751708984375
 10
625.3466796875
 20
386.8426513671875
 10
621.732421875
 20
386.8118896484375
 10
621.05859375
 20
386.7357177734375
 10
620.4072265625
 20
386.5609130859375
 10
619.83203125
 20
386.2694091796875
 10
619.33984375
 20
385.8543701171875
 10
619.001953125
 20
385.3934326171875
 10
618.759765625
 20
384.8748779296875
 10
618.6005859375
 20
384.3192138671875
 10
618.5068359375
 20
383.6414794921875
 10
618.5224609375
 20
382.9622802734375
 10
618.66015625
 20
382.2952880859375
 10
618.9033203125
 20
381.7161865234375
 10
619.267578125
 20
381.2083740234375
 10
620.1123046875
 20
380.6068115234375
 10
620.81640625
 20
380.3597412109375
 10
621.5537109375
 20
380.2205810546875
 10
625.712890625
 20
379.7728271484375
 10
634.7451171875
 20
379.1551513671875
 10
644.859375
 20
378.5960693359375
 10
647.951171875
 20
378.3812255859375
 10
655.3134765625
 20
377.6756591796875
 10
664.791015625
 20
376.8944091796875
 10
669.4228515625
 20
376.4500732421875
 10
674.1767578125
 20
375.9364013671875
 10
674.974609375
 20
372.0975341796875
 10
675.8330078125
 20
367.6273193359375
 10
676.6416015625
 20
363.0316162109375
 10
677.34375
 20
358.4193115234375
 10
677.76171875
 20
355.0911865234375
 10
678.10546875
 20
351.7547607421875
 10
678.30859375
 20
349.2943115234375
  0
TEXT
  5
C1
330
17
100
AcDbEntity
  8
ANNOTATION
100
AcDbText
 10
598.7309883549528
 20
377.22141389666865
 30
0.0
 40
12.5
  1
P08 0deg
100
AcDbText
  0
LWPOLYLINE
  5
C2
330
17
100
AcDbEntity
  8
PIECES
100
AcDbPolyline
 90
254
 70
1
 10
842.45703125
 20
349.6214599609375
 10
837.6767578125
 20
350.2996826171875
 10
833.6787109375
 20
350.9202880859375
 10
829.1669921875
 20
351.6785888671875
 10
820.091796875
 20
353.3197021484375
 10
815.529296875
 20
354.1907958984375
 10
806.3232421875
 20
356.0379638671875
 10
804.181640625
 20
356.3944091796875
 10
802.8798828125
 20
356.5408935546875
 10
801.5751953125
 20
356.5906982421875
 10
800.2744140625
 20
356.4969482421875
 10
799.3125
 20
356.3070068359375
 10
798.38671875
 20
356.0008544921875
 10
797.51953125
 20
355.5677490234375
 10
796.732421875
 20
354.9964599609375
 10
796.048828125
 20
354.2825927734375
 10
795.498046875
 20
353.4642333984375
 10
795.0791015625
 20
352.5653076171875
 10
794.798828125
 20
351.6395263671875
 10
794.6376953125
 20
350.6873779296875
 10
794.5810546875
 20
349.7200927734375
 10
794.6162109375
 20
348.7479248046875
 10
794.7998046875
 20
347.3431396484375
 10
795.4150390625
 20
344.5706787109375
 10
796.3505859375
 20
340.0418701171875
 10
796.580078125
 20
338.5150146484375
 10
796.7275390625
 20
336.9803466796875
 10
796.7568359375
 20
335.4398193359375
 10
796.6669921875
 20
334.1619873046875
 10
796.46484375
 20
332.9007568359375
 10
796.14453125
 20
331.6658935546875
 10
795.69921875
 20
330.4676513671875
 10
795.12109375
 20
329.3123779296875
 10
794.4228515625
 20
328.2313232421875
 10
793.6083984375
 20
327.2347412109375
 10
792.685546875
 20
326.3323974609375
 10
791.681640625
 20
325.5501708984375
 10
790.6025390625
 20
324.8836669921875
 10
789.4580078125
 20
324.3338623046875
 10
788.2587890625
 20
323.9036865234375
 10
787.064453125
 20
323.6024169921875
 10
785.8505859375
 20
323.4056396484375
 10
784.6220703125
 20
323.2996826171875
 10
783.38671875
 20
323.2713623046875
 10
782.1494140625
 20
323.3065185546875
 10
779.9326171875
 20
323.4896240234375
 10
772.626953125
 20
324.5189208984375
 10
769.7216796875
 20
324.8348388671875
 10
766.205078125
 20
325.0115966796875
 10
759.7939453125
 20
324.9808349609375
 10
756.2783203125
 20
324.7703857421875
 10
753.376953125
 20
324.4266357421875
 10
746.08203125
 20
323.3275146484375
 10
743.8662109375
 20
323.1229248046875
 10
742.62890625
 20
323.0760498046875
 10
741.3935546875
 20
323.0926513671875
 10
740.1650390625
 20
323.1868896484375
 10
738.9482421875
 20
323.3714599609375
 10
737.7509765625
 20
323.6614990234375
 10
736.548828125
 20
324.0804443359375
 10
735.3984375
 20
324.6190185546875
 10
734.3125
 20
325.2752685546875
 10
733.3017578125
 20
326.0477294921875
 10
732.3701171875
 20
326.9412841796875
 10
731.5458984375
 20
327.9300537109375
 10
730.8369140625
 20
329.0042724609375
 10
730.2490234375
 20
330.1536865234375
 10
729.7919921875
 20
331.3475341796875
 10
729.458984375
 20
332.5794677734375
 10
729.2451171875
 20
333.8387451171875
 10
729.1435546875
 20
335.1156005859375
 10
729.158203125
 20
336.6561279296875
 10
729.291015625
 20
338.1922607421875
 10
729.5048828125
 20
339.7215576171875
 10
730.3974609375
 20
344.2586669921875
 10
730.986328125
 20
347.0374755859375
 10
731.15625
 20
348.4442138671875
 10
731.181640625
 20
349.4163818359375
 10
731.1162109375
 20
350.3831787109375
 10
730.9453125
 20
351.3333740234375
 10
730.65625
 20
352.2567138671875
 10
730.2294921875
 20
353.1512451171875
 10
729.6708984375
 20
353.9647216796875
 10
728.98046875
 20
354.6717529296875
 10
728.1875
 20
355.2357177734375
 10
727.31640625
 20
355.6605224609375
 10
726.3876953125
 20
355.9573974609375
 10
725.423828125
 20
356.1380615234375
 10
724.1220703125
 20
356.2191162109375
 10
722.818359375
 20
356.1571044921875
 10
721.517578125
 20
355.9984130859375
 10
719.3798828125
 20
355.6214599609375
 10
710.1923828125
 20
353.6864013671875
 10
705.6376953125
 20
352.7713623046875
 10
696.5791015625
 20
351.0433349609375
 10
692.07421875
 20
350.2415771484375
 10
688.0830078125
 20
349.5823974609375
 10
683.30859375
 20
348.8587646484375
 10
683.61328125
 20
351.8934326171875
 10
684.001953125
 20
355.2244873046875
 10
684.4521484375
 20
358.5482177734375
 10
685.1943359375
 20
363.2396240234375
 10
686.0126953125
 20
367.9193115234375
 10
687.3056640625
 20
374.9447021484375
 10
699.98046875
 20
376.0418701171875
 10
704.8720703125
 20
376.4022216796875
 10
712.3984375
 20
376.8377685546875
 10
725.607421875
 20
377.6932373046875
 10
734.4853515625
 20
378.3626708984375
 10
737.9931640625
 20
378.7288818359375
 10
738.71875
 20
378.8392333984375
 10
739.4306640625
 20
378.9998779296875
 10
740.1142578125
 20
379.2503662109375
 10
740.693359375
 20
379.5814208984375
 10
741.189453125
 20
380.0159912109375
 10
741.5615234375
 20
380.5579833984375
 10
741.7705078125
 20
381.1815185546875
 10
741.8251953125
 20
381.8392333984375
 10
741.763671875
 20
382.5067138671875
 10
741.63671875
 20
383.0784912109375
 10
741.4248046875
 20
383.6160888671875
 10
741.1025390625
 20
384.0936279296875
 10
740.673828125
 20
384.4686279296875
 10
740.169921875
 20
384.7386474609375
 10
739.6220703125
 20
384.9178466796875
 10
738.7734375
 20
385.0462646484375
 10
737.9130859375
 20
385.0745849609375
 10
726.099609375
 20
384.8470458984375
 10
711.720703125
 20
384.4622802734375
 10
699.3818359375
 20
384.0648193359375
 10
691.55078125
 20
383.9217529296875
 10
692.8125
 20
387.9871826171875
 10
694.353515625
 20
392.4139404296875
 10
696.044921875
 20
396.7864990234375
 10
697.916015625
 20
401.1678466796875
 10
699.9375
 20
405.4813232421875
 10
701.234375
 20
408.0159912109375
 10
703.533203125
 20
407.8558349609375
 10
708.095703125
 20
407.4588623046875
 10
711.5537109375
 20
407.1048583984375
 10
718.0
 20
406.3299560546875
 10
726.384765625
 20
405.1981201171875
 10
731.6025390625
 20
404.6287841796875
 10
736.31640625
 20
404.1947021484375
 10
737.2802734375
 20
404.1527099609375
 10
738.2421875
 20
404.1693115234375
 10
739.1953125
 20
404.2845458984375
 10
739.8955078125
 20
404.4583740234375
 10
740.560546875
 20
404.7205810546875
 10
741.171875
 20
405.0804443359375
 10
741.708984375
 20
405.5482177734375
 10
742.1083984375
 20
406.0623779296875
 10
742.408203125
 20
406.6341552734375
 10
742.6123046875
 20
407.2489013671875
 10
742.7255859375
 20
407.8924560546875
 10
742.751953125
 20
408.5516357421875
 10
742.6640625
 20
409.4183349609375
 10
742.4658203125
 20
410.2659912109375
 10
742.19140625
 20
411.0999755859375
 10
741.552734375
 20
412.7503662109375
 10
740.697265625
 20
415.2933349609375
 10
739.197265625
 20
420.6839599609375
 10
738.5048828125
 20
423.5096435546875
 10
737.744140625
 20
427.4212646484375
 10
737.1640625
 20
431.3641357421875
 10
736.83984375
 20
434.1434326171875
 10
736.5869140625
 20
436.9300537109375
 10
736.4228515625
 20
439.4847412109375
 10
736.31640625
 20
442.6278076171875
 10
739.884765625
 20
443.4627685546875
 10
743.4423828125
 20
444.1297607421875
 10
747.435546875
 20
444.6820068359375
 10
751.4482421875
 20
445.0804443359375
 10
755.4033203125
 20
445.3734130859375
 10
760.421875
 20
445.6258544921875
 10
762.4306640625
 20
443.6361083984375
 10
764.419921875
 20
445.6448974609375
 10
769.44140625
 20
445.4407958984375
 10
773.3984375
 20
445.1854248046875
 10
777.4150390625
 20
444.8255615234375
 10
781.4140625
 20
444.3118896484375
 10
784.9775390625
 20
443.6785888671875
 10
788.5537109375
 20
442.8782958984375
 10
788.4765625
 20
439.7342529296875
 10
788.337890625
 20
437.1781005859375
 10
788.1123046875
 20
434.3890380859375
 10
787.8134765625
 20
431.6068115234375
 10
787.271484375
 20
427.6585693359375
 10
786.548828125
 20
423.7401123046875
 10
785.8828125
 20
420.9075927734375
 10
784.4345703125
 20
415.5028076171875
 10
783.603515625
 20
412.9520263671875
 10
782.9814453125
 20
411.2952880859375
 10
782.71484375
 20
410.4588623046875
 10
782.5244140625
 20
409.6097412109375
 10
782.4453125
 20
408.7415771484375
 10
782.4775390625
 20
408.0833740234375
 10
782.5966796875
 20
407.4403076171875
 10
782.806640625
 20
406.8275146484375
 10
783.1123046875
 20
406.2586669921875
 10
783.5166015625
 20
405.7484130859375
 10
784.0576171875
 20
405.2860107421875
 10
784.6728515625
 20
404.9320068359375
 10
785.3408203125
 20
404.6761474609375
 10
786.04296875
 20
404.5091552734375
 10
786.9970703125
 20
404.4027099609375
 10
787.9580078125
 20
404.3958740234375
 10
788.921875
 20
404.4471435546875
 10
793.630859375
 20
404.9261474609375
 10
798.84375
 20
405.5452880859375
 10
807.216796875
 20
406.7572021484375
 10
813.6552734375
 20
407.5941162109375
 10
817.1103515625
 20
407.9813232421875
 10
821.66796875
 20
408.4222412109375
 10
823.9658203125
 20
408.6043701171875
 10
825.287109375
 20
406.0819091796875
 10
827.349609375
 20
401.7879638671875
 10
829.2626953125
 20
397.4246826171875
 10
830.99609375
 20
393.0687255859375
 10
832.5791015625
 20
388.6571044921875
 10
833.8798828125
 20
384.6038818359375
 10
826.0478515625
 20
384.6717529296875
 10
813.7060546875
 20
384.9510498046875
 10
799.3232421875
 20
385.1976318359375
 10
787.5087890625
 20
385.3123779296875
 10
786.6484375
 20
385.2757568359375
 10
785.8017578125
 20
385.1390380859375
 10
785.2548828125
 20
384.9544677734375
 10
784.75390625
 20
384.6795654296875
 10
784.3291015625
 20
384.3006591796875
 10
784.0107421875
 20
383.8201904296875
 10
783.8046875
 20
383.2801513671875
 10
783.6826171875
 20
382.7073974609375
 10
783.6279296875
 20
382.0394287109375
 10
783.6884765625
 20
381.3822021484375
 10
783.9033203125
 20
380.7611083984375
 10
784.28125
 20
380.2225341796875
 10
784.78125
 20
379.7928466796875
 10
785.36328125
 20
379.4671630859375
 10
786.048828125
 20
379.2235107421875
 10
786.7626953125
 20
379.0692138671875
 10
787.4892578125
 20
378.9661865234375
 10
791.0009765625
 20
378.6336669921875
 10
799.884765625
 20
378.0491943359375
 10
813.1015625
 20
377.3201904296875
 10
820.630859375
 20
376.9569091796875
 10
825.525390625
 20
376.6434326171875
 10
838.2109375
 20
375.6678466796875
 10
839.5712890625
 20
368.6551513671875
 10
840.43359375
 20
363.9837646484375
 10
841.220703125
 20
359.2991943359375
 10
841.703125
 20
355.9803466796875
 10
842.1240234375
 20
352.6527099609375
 10
842.45703125
 20
349.6214599609375
  0
TEXT
  5
C3
330
17
100
AcDbEntity
  8
ANNOTATION
100
AcDbText
 10
763.0651605561023
 20
376.62803253414125
 30
0.0
 40
12.5
  1
P09 0deg
100
AcDbText
  0
LWPOLYLINE
  5
C4
330
17
100
AcDbEntity
  8
PIECES
100
AcDbPolyline
 90
278
 70
1
 10
847.45703125
 20
441.834228515625
 10
854.7099609375
 20
440.53143310546875
 10
859.60205078125
 20
439.58587646484375
 10
880.88525390625
 20
435.12799072265625
 10
887.33349609375
 20
433.8458251953125
 10
889.63134765625
 20
433.5157470703125
 10
891.037109375
 20
433.413330078125
 10
892.44189453125
 20
433.4320068359375
 10
893.83349609375
 20
433.613037109375
 10
894.70458984375
 20
433.83038330078125
 10
895.54541015625
 20
434.13128662109375
 10
896.34326171875
 20
434.517822265625
 10
897.0859375
 20
434.99322509765625
 10
897.759765625
 20
435.56024169921875
 10
898.35302734375
 20
436.22064208984375
 10
898.85400390625
 20
436.97705078125
 10
899.2421875
 20
437.79010009765625
 10
899.52734375
 20
438.64727783203125
 10
899.7216796875
 20
439.53704833984375
 10
899.83447265625
 20
440.44830322265625
 10
899.87646484375
 20
441.36859130859375
 10
899.80859375
 20
442.99267578125
 10
899.6015625
 20
444.60601806640625
 10
899.30615234375
 20
446.20953369140625
 10
898.609375
 20
449.39410400390625
 10
897.2158203125
 20
455.4986572265625
 10
896.70654296875
 20
458.45452880859375
 10
896.521484375
 20
460.18402099609375
 10
896.45166015625
 20
461.91888427734375
 10
896.52783203125
 20
463.65338134765625
 10
896.7001953125
 20
464.9495849609375
 10
896.97607421875
 20
466.224609375
 10
897.359375
 20
467.47076416015625
 10
897.8525390625
 20
468.68023681640625
 10
898.4384765625
 20
469.81024169921875
 10
899.125
 20
470.8765869140625
 10
899.90869140625
 20
471.87042236328125
 10
900.787109375
 20
472.7818603515625
 10
901.7578125
 20
473.60211181640625
 10
902.84814453125
 20
474.34295654296875
 10
904.0068359375
 20
474.96685791015625
 10
905.22216796875
 20
475.47637939453125
 10
906.4814453125
 20
475.8734130859375
 10
908.1357421875
 20
476.22314453125
 10
909.814453125
 20
476.41656494140625
 10
911.50732421875
 20
476.48077392578125
 10
913.205078125
 20
476.4439697265625
 10
915.42333984375
 20
476.287353515625
 10
917.63427734375
 20
476.04803466796875
 10
925.7265625
 20
475.04412841796875
 10
928.5166015625
 20
474.77490234375
 10
931.3134765625
 20
474.59515380859375
 10
934.29541015625
 20
474.535888671875
 10
935.65673828125
 20
474.56793212890625
 10
936.04638671875
 20
475.37322998046875
 10
936.45654296875
 20
474.5784912109375
 10
937.8193359375
 20
474.58123779296875
 10
940.798828125
 20
474.7177734375
 10
943.59033203125
 20
474.96966552734375
 10
946.37255859375
 20
475.31072998046875
 10
954.43603515625
 20
476.5234375
 10
956.640625
 20
476.81976318359375
 10
958.853515625
 20
477.03375244140625
 10
960.5498046875
 20
477.11407470703125
 10
962.244140625
 20
477.0938720703125
 10
963.92724609375
 20
476.94403076171875
 10
965.58984375
 20
476.63702392578125
 10
966.859375
 20
476.27288818359375
 10
968.0869140625
 20
475.79473876953125
 10
969.26123046875
 20
475.20086669921875
 10
970.37060546875
 20
474.48870849609375
 10
971.36181640625
 20
473.69390869140625
 10
972.263671875
 20
472.80523681640625
 10
973.07275390625
 20
471.83184814453125
 10
973.78662109375
 20
470.78363037109375
 10
974.40185546875
 20
469.669189453125
 10
974.92578125
 20
468.47308349609375
 10
975.34130859375
 20
467.23699951171875
 10
975.650390625
 20
465.96917724609375
 10
975.85546875
 20
464.67816162109375
 10
975.97705078125
 20
462.94659423828125
 10
975.95166015625
 20
461.2100830078125
 10
975.8115234375
 20
459.47637939453125
 10
975.37841796875
 20
456.5084228515625
 10
974.14306640625
 20
450.37017822265625
 10
973.52880859375
 20
447.1685791015625
 10
973.27490234375
 20
445.55792236328125
 10
973.10986328125
 20
443.9395751953125
 10
973.083984375
 20
442.31488037109375
 10
973.14990234375
 20
441.39544677734375
 10
973.2861328125
 20
440.487548828125
 10
973.5029296875
 20
439.60302734375
 10
973.810546875
 20
438.75323486328125
 10
974.2197265625
 20
437.95074462890625
 10
974.740234375
 20
437.20770263671875
 10
975.35009765625
 20
436.56256103515625
 10
976.03857421875
 20
436.013427734375
 10
976.79296875
 20
435.55731201171875
 10
977.6005859375
 20
435.19146728515625
 10
978.44921875
 20
434.91229248046875
 10
979.32568359375
 20
434.71759033203125
 10
980.72119140625
 20
434.57244873046875
 10
982.1259765625
 20
434.59014892578125
 10
983.52880859375
 20
434.72894287109375
 10
985.8173828125
 20
435.11798095703125
 10
992.23046875
 20
436.56658935546875
 10
1013.39111328125
 20
441.57293701171875
 10
1018.25732421875
 20
442.64434814453125
 10
1025.4736328125
 20
444.13421630859375
 10
1025.40625
 20
442.07757568359375
 10
1025.09423828125
 20
437.18218994140625
 10
1024.630859375
 20
432.29888916015625
 10
1024.04736328125
 20
427.67816162109375
 10
1023.35693359375
 20
423.0716552734375
 10
1022.603515625
 20
418.53387451171875
 10
1021.77978515625
 20
414.008056640625
 10
1021.32666015625
 20
411.74102783203125
 10
1010.787109375
 20
410.94952392578125
 10
1006.794921875
 20
410.59222412109375
 10
993.7724609375
 20
409.31640625
 10
983.56103515625
 20
408.4486083984375
 10
977.1279296875
 20
407.80352783203125
 10
966.67626953125
 20
406.63751220703125
 10
965.43798828125
 20
406.41278076171875
 10
964.22412109375
 20
406.08587646484375
 10
963.453125
 20
405.7945556640625
 10
962.72314453125
 20
405.42041015625
 10
962.056640625
 20
404.9443359375
 10
961.57666015625
 20
404.4686279296875
 10
961.1796875
 20
403.92498779296875
 10
960.88037109375
 20
403.321044921875
 10
960.69140625
 20
402.673095703125
 10
960.61083984375
 20
402.00360107421875
 10
960.626953125
 20
401.3260498046875
 10
960.77587890625
 20
400.48626708984375
 10
961.08056640625
 20
399.691650390625
 10
961.55908203125
 20
398.96990966796875
 10
962.1865234375
 20
398.37237548828125
 10
962.859375
 20
397.957275390625
 10
963.59326171875
 20
397.65850830078125
 10
964.36376953125
 20
397.45269775390625
 10
965.54638671875
 20
397.27117919921875
 10
966.74267578125
 20
397.19879150390625
 10
967.9443359375
 20
397.19140625
 10
979.4404296875
 20
397.4990234375
 10
995.00830078125
 20
398.12823486328125
 10
1015.689453125
 20
398.87799072265625
 10
1014.591796875
 20
394.74444580078125
 10
1013.26904296875
 20
390.20550537109375
 10
1012.169921875
 20
386.705810546875
 10
1010.99609375
 20
383.231201171875
 10
1005.87109375
 20
369.22113037109375
 10
999.8515625
 20
369.7529296875
 10
985.08154296875
 20
371.393798828125
 10
976.3173828125
 20
372.50909423828125
 10
973.29345703125
 20
372.84747314453125
 10
968.26904296875
 20
373.3072509765625
 10
966.2705078125
 20
373.3323974609375
 10
965.0419921875
 20
373.21722412109375
 10
963.84765625
 20
372.92633056640625
 10
963.1640625
 20
372.637939453125
 10
962.53125
 20
372.2606201171875
 10
961.96533203125
 20
371.793701171875
 10
961.48388671875
 20
371.23583984375
 10
961.05419921875
 20
370.488037109375
 10
960.7734375
 20
369.67584228515625
 10
960.62158203125
 20
368.821533203125
 10
960.57958984375
 20
367.9476318359375
 10
960.64990234375
 20
366.89544677734375
 10
960.822265625
 20
365.8538818359375
 10
961.06494140625
 20
364.82379150390625
 10
961.81884765625
 20
362.3184814453125
 10
963.52490234375
 20
357.16046142578125
 10
964.33544921875
 20
354.4647216796875
 10
965.447265625
 20
350.4205322265625
 10
966.39794921875
 20
346.33685302734375
 10
967.056640625
 20
342.78533935546875
 10
967.59375
 20
339.213134765625
 10
968.14208984375
 20
334.68829345703125
 10
968.5390625
 20
330.14813232421875
 10
968.646484375
 20
328.15264892578125
 10
965.9697265625
 20
327.15509033203125
 10
962.74462890625
 20
326.140625
 10
959.46630859375
 20
325.30889892578125
 10
956.64990234375
 20
324.7518310546875
 10
953.81298828125
 20
324.3082275390625
 10
950.962890625
 20
323.9478759765625
 10
947.41064453125
 20
323.58355712890625
 10
943.85009765625
 20
323.30950927734375
 10
940.015625
 20
323.1278076171875
 10
937.990234375
 20
325.10150146484375
 10
936.0166015625
 20
323.0760498046875
 10
932.17529296875
 20
323.158447265625
 10
928.60888671875
 20
323.34039306640625
 10
925.0478515625
 20
323.61322021484375
 10
922.18994140625
 20
323.89935302734375
 10
919.34228515625
 20
324.26959228515625
 10
916.51220703125
 20
324.75396728515625
 10
913.2138671875
 20
325.500732421875
 10
909.96337890625
 20
326.43145751953125
 10
907.26220703125
 20
327.35955810546875
 10
907.31787109375
 20
329.35693359375
 10
907.59716796875
 20
333.90643310546875
 10
908.02880859375
 20
338.4439697265625
 10
908.47314453125
 20
342.0284423828125
 10
909.0400390625
 20
345.59552001953125
 10
909.884765625
 20
349.70263671875
 10
910.8916015625
 20
353.77459716796875
 10
911.63232421875
 20
356.49005126953125
 10
913.20458984375
 20
361.690673828125
 10
913.8935546875
 20
364.21429443359375
 10
914.109375
 20
365.25042724609375
 10
914.2548828125
 20
366.29608154296875
 10
914.2978515625
 20
367.3497314453125
 10
914.23388671875
 20
368.2222900390625
 10
914.0595703125
 20
369.07244873046875
 10
913.7578125
 20
369.8768310546875
 10
913.30908203125
 20
370.61328125
 10
912.81298828125
 20
371.15838623046875
 10
912.23583984375
 20
371.61077880859375
 10
911.59326171875
 20
371.9716796875
 10
910.90234375
 20
372.241943359375
 10
909.70068359375
 20
372.50225830078125
 10
908.47021484375
 20
372.58526611328125
 10
906.47265625
 20
372.5084228515625
 10
901.4619140625
 20
371.91937255859375
 10
898.447265625
 20
371.5029296875
 10
889.71533203125
 20
370.161865234375
 10
874.9921875
 20
368.13946533203125
 10
868.98876953125
 20
367.45257568359375
 10
864.06689453125
 20
379.88861083984375
 10
865.95556640625
 20
381.94921875
 10
863.173828125
 20
382.22393798828125
 10
863.001953125
 20
382.69317626953125
 10
864.92333984375
 20
384.72265625
 10
862.14697265625
 20
385.0423583984375
 10
861.05126953125
 20
388.23907470703125
 10
859.611328125
 20
392.74249267578125
 10
858.4072265625
 20
396.84613037109375
 10
879.10107421875
 20
396.63055419921875
 10
894.68017578125
 20
396.40386962890625
 10
906.18017578125
 20
396.3936767578125
 10
907.38134765625
 20
396.43218994140625
 10
908.5751953125
 20
396.53509521484375
 10
909.7529296875
 20
396.7470703125
 10
910.517578125
 20
396.97283935546875
 10
911.24365234375
 20
397.290283203125
 10
911.90576171875
 20
397.7227783203125
 10
912.517578125
 20
398.33612060546875
 10
912.97705078125
 20
399.0703125
 10
913.26123046875
 20
399.87225341796875
 10
913.38818359375
 20
400.71588134765625
 10
913.38720703125
 20
401.39373779296875
 10
913.2890625
 20
402.060546875
 10
913.08349609375
 20
402.70355224609375
 10
912.7685546875
 20
403.29974365234375
 10
912.357421875
 20
403.83270263671875
 10
911.86572265625
 20
404.29583740234375
 10
911.18701171875
 20
404.7547607421875
 10
910.44775390625
 20
405.109619140625
 10
909.66943359375
 20
405.3812255859375
 10
908.44775390625
 20
405.67681884765625
 10
907.2041015625
 20
405.8690185546875
 10
905.94921875
 20
406.00048828125
 10
896.7255859375
 20
406.764892578125
 10
890.27783203125
 20
407.2432861328125
 10
880.04736328125
 20
407.8470458984375
 10
866.99658203125
 20
408.785888671875
 10
862.99609375
 20
409.04034423828125
 10
852.43994140625
 20
409.558837890625
 10
851.92822265625
 20
411.81390380859375
 10
850.98779296875
 20
416.3162841796875
 10
850.11767578125
 20
420.83349609375
 10
849.30859375
 20
425.420654296875
 10
848.60546875
 20
430.02435302734375
 10
848.0166015625
 20
434.89422607421875
 10
847.578125
 20
439.78033447265625
 10
847.45703125
 20
441.834228515625
  0
TEXT
  5
C5
330
17
100
AcDbEntity
  8
ANNOTATION
100
AcDbText
 10
935.4104390315872
 20
410.0838715258262
 30
0.0
 40
12.5
  1
P01 180deg
100
AcDbText
  0
LWPOLYLINE
  5
C6
330
17
100
AcDbEntity
  8
PIECES
100
AcDbPolyline
 90
263
 70
1
 10
1030.4736328125
 20
440.2943115234375
 10
1038.39794921875
 20
438.7054443359375
 10
1047.2177734375
 20
437.1024169921875
 10
1052.08349609375
 20
436.1781005859375
 10
1056.08837890625
 20
435.2850341796875
 10
1063.89013671875
 20
433.3968505859375
 10
1067.7119140625
 20
432.5145263671875
 10
1072.14404296875
 20
431.6478271484375
 10
1074.17919921875
 20
431.3670654296875
 10
1075.19873046875
 20
431.3270263671875
 10
1076.216796875
 20
431.3992919921875
 10
1077.27099609375
 20
431.6253662109375
 10
1078.275390625
 20
432.0028076171875
 10
1079.2158203125
 20
432.5213623046875
 10
1080.0771484375
 20
433.1722412109375
 10
1080.87841796875
 20
433.9857177734375
 10
1081.54833984375
 20
434.9071044921875
 10
1082.07470703125
 20
435.9202880859375
 10
1082.42041015625
 20
436.8973388671875
 10
1082.64599609375
 20
437.9046630859375
 10
1082.7666015625
 20
438.9334716796875
 10
1082.79541015625
 20
439.9744873046875
 10
1082.7470703125
 20
441.0184326171875
 10
1082.46826171875
 20
443.1146240234375
 10
1080.4658203125
 20
452.3597412109375
 10
1080.03466796875
 20
455.2005615234375
 10
1079.89892578125
 20
456.8314208984375
 10
1079.86767578125
 20
458.4656982421875
 10
1079.9609375
 20
460.0975341796875
 10
1080.14208984375
 20
461.4090576171875
 10
1080.42431640625
 20
462.7000732421875
 10
1080.8125
 20
463.9622802734375
 10
1081.31103515625
 20
465.1873779296875
 10
1081.88037109375
 20
466.2899169921875
 10
1082.54443359375
 20
467.3323974609375
 10
1083.3017578125
 20
468.3060302734375
 10
1084.14990234375
 20
469.2020263671875
 10
1085.0869140625
 20
470.0111083984375
 10
1086.1484375
 20
470.7489013671875
 10
1087.27734375
 20
471.3714599609375
 10
1088.4638671875
 20
471.8812255859375
 10
1089.6953125
 20
472.2786865234375
 10
1091.2626953125
 20
472.6199951171875
 10
1092.8544921875
 20
472.8114013671875
 10
1094.46044921875
 20
472.8763427734375
 10
1096.0703125
 20
472.8372802734375
 10
1098.416015625
 20
472.6424560546875
 10
1100.75048828125
 20
472.3323974609375
 10
1105.94677734375
 20
471.4818115234375
 10
1108.82568359375
 20
471.0653076171875
 10
1111.33251953125
 20
470.7996826171875
 10
1113.84814453125
 20
470.6263427734375
 10
1116.603515625
 20
470.5325927734375
 10
1118.1396484375
 20
470.5369873046875
 10
1118.54296875
 20
471.3358154296875
 10
1118.93994140625
 20
470.5340576171875
 10
1120.47802734375
 20
470.5174560546875
 10
1123.23388671875
 20
470.5892333984375
 10
1125.75048828125
 20
470.7425537109375
 10
1128.259765625
 20
470.9886474609375
 10
1131.1416015625
 20
471.3826904296875
 10
1136.34423828125
 20
472.1922607421875
 10
1138.68115234375
 20
472.4837646484375
 10
1141.0283203125
 20
472.6605224609375
 10
1142.638671875
 20
472.6864013671875
 10
1144.244140625
 20
472.6092529296875
 10
1145.833984375
 20
472.4051513671875
 10
1147.39892578125
 20
472.0511474609375
 10
1148.62744140625
 20
471.6439208984375
 10
1149.8095703125
 20
471.1253662109375
 10
1150.93359375
 20
470.4935302734375
 10
1151.98876953125
 20
469.7474365234375
 10
1152.919921875
 20
468.9315185546875
 10
1153.7607421875
 20
468.0286865234375
 10
1154.5107421875
 20
467.0487060546875
 10
1155.16650390625
 20
466.0008544921875
 10
1155.7265625
 20
464.8939208984375
 10
1156.2158203125
 20
463.6654052734375
 10
1156.59375
 20
462.4002685546875
 10
1156.8662109375
 20
461.1068115234375
 10
1157.037109375
 20
459.7938232421875
 10
1157.1171875
 20
458.1610107421875
 10
1157.0732421875
 20
456.5272216796875
 10
1156.9248046875
 20
454.8973388671875
 10
1156.470703125
 20
452.0604248046875
 10
1154.3955078125
 20
442.8314208984375
 10
1154.1005859375
 20
440.7371826171875
 10
1154.0439453125
 20
439.6937255859375
 10
1154.064453125
 20
438.6527099609375
 10
1154.1767578125
 20
437.6229248046875
 10
1154.39501953125
 20
436.6136474609375
 10
1154.732421875
 20
435.6341552734375
 10
1155.2509765625
 20
434.6165771484375
 10
1155.91357421875
 20
433.6898193359375
 10
1156.708984375
 20
432.8699951171875
 10
1157.56494140625
 20
432.2127685546875
 10
1158.5009765625
 20
431.6864013671875
 10
1159.50244140625
 20
431.3011474609375
 10
1160.55517578125
 20
431.0667724609375
 10
1161.572265625
 20
430.9866943359375
 10
1162.59228515625
 20
431.0189208984375
 10
1164.62939453125
 20
431.2835693359375
 10
1169.068359375
 20
432.1151123046875
 10
1172.89697265625
 20
432.9676513671875
 10
1180.712890625
 20
434.7938232421875
 10
1184.72509765625
 20
435.6551513671875
 10
1189.59765625
 20
436.5413818359375
 10
1198.43017578125
 20
438.0750732421875
 10
1206.3662109375
 20
439.6009521484375
 10
1206.0009765625
 20
435.0657958984375
 10
1205.45654296875
 20
430.1907958984375
 10
1204.79541015625
 20
425.5809326171875
 10
1204.0283203125
 20
420.9866943359375
 10
1203.19921875
 20
416.4617919921875
 10
1202.2998046875
 20
411.9505615234375
 10
1201.30810546875
 20
407.3944091796875
 10
1191.810546875
 20
406.7469482421875
 10
1164.68310546875
 20
405.2054443359375
 10
1152.3134765625
 20
404.6531982421875
 10
1146.50244140625
 20
404.2855224609375
 10
1145.1025390625
 20
404.0755615234375
 10
1144.453125
 20
403.9022216796875
 10
1143.82958984375
 20
403.6629638671875
 10
1143.24853515625
 20
403.3446044921875
 10
1142.72900390625
 20
402.9329833984375
 10
1142.169921875
 20
402.2435302734375
 10
1141.78759765625
 20
401.4403076171875
 10
1141.580078125
 20
400.4862060546875
 10
1141.59228515625
 20
399.5086669921875
 10
1141.77099609375
 20
398.7015380859375
 10
1142.1337890625
 20
397.9642333984375
 10
1142.69140625
 20
397.3563232421875
 10
1143.38525390625
 20
396.9012451171875
 10
1144.34326171875
 20
396.5311279296875
 10
1145.3525390625
 20
396.3128662109375
 10
1146.998046875
 20
396.1185302734375
 10
1151.32861328125
 20
395.9110107421875
 10
1154.0048828125
 20
395.8431396484375
 10
1157.09033203125
 20
395.8250732421875
 10
1175.9541015625
 20
395.9930419921875
 10
1185.53466796875
 20
396.1995849609375
 10
1188.87158203125
 20
396.2044677734375
 10
1195.93505859375
 20
396.0574951171875
 10
1194.70849609375
 20
391.7030029296875
 10
1193.31787109375
 20
387.1844482421875
 10
1192.16650390625
 20
383.7020263671875
 10
1190.9404296875
 20
380.2445068359375
 10
1186.10986328125
 20
367.6458740234375
 10
1183.68017578125
 20
367.7821044921875
 10
1180.79296875
 20
368.0281982421875
 10
1177.6904296875
 20
368.3953857421875
 10
1170.25927734375
 20
369.3865966796875
 10
1165.919921875
 20
369.9241943359375
 10
1149.02099609375
 20
371.7879638671875
 10
1146.994140625
 20
371.8870849609375
 10
1145.7158203125
 20
371.8377685546875
 10
1144.458984375
 20
371.6234130859375
 10
1143.740234375
 20
371.3895263671875
 10
1143.064453125
 20
371.0643310546875
 10
1142.4521484375
 20
370.6414794921875
 10
1141.92333984375
 20
370.1136474609375
 10
1141.50927734375
 20
369.4984130859375
 10
1141.2158203125
 20
368.8236083984375
 10
1141.0322265625
 20
368.1058349609375
 10
1140.94580078125
 20
367.3612060546875
 10
1140.94580078125
 20
366.6058349609375
 10
1141.07421875
 20
365.5145263671875
 10
1141.30810546875
 20
364.4388427734375
 10
1144.58349609375
 20
352.7684326171875
 10
1145.58349609375
 20
348.7830810546875
 10
1146.4013671875
 20
344.7576904296875
 10
1146.90625
 20
341.4691162109375
 10
1147.3095703125
 20
338.1658935546875
 10
1147.81103515625
 20
333.2303466796875
 10
1148.18017578125
 20
328.2835693359375
 10
1148.24267578125
 20
326.9656982421875
 10
1145.2412109375
 20
326.0745849609375
 10
1142.44189453125
 20
325.3724365234375
 10
1139.61376953125
 20
324.7967529296875
 10
1136.74267578125
 20
324.3504638671875
 10
1133.857421875
 20
324.0057373046875
 10
1127.39892578125
 20
323.4036865234375
 10
1123.82763671875
 20
323.1722412109375
 10
1119.9599609375
 20
323.0760498046875
 10
1117.9677734375
 20
325.0838623046875
 10
1115.96044921875
 20
323.0921630859375
 10
1112.09228515625
 20
323.2186279296875
 10
1108.5234375
 20
323.4779052734375
 10
1102.06982421875
 20
324.1307373046875
 10
1099.18701171875
 20
324.4989013671875
 10
1096.31982421875
 20
324.9676513671875
 10
1093.49658203125
 20
325.5653076171875
 10
1090.70263671875
 20
326.2894287109375
 10
1087.7080078125
 20
327.2044677734375
 10
1087.78125
 20
328.5213623046875
 10
1088.18896484375
 20
333.4652099609375
 10
1088.7294921875
 20
338.3963623046875
 10
1089.1591796875
 20
341.6966552734375
 10
1089.689453125
 20
344.9813232421875
 10
1090.5390625
 20
348.9998779296875
 10
1091.5703125
 20
352.9769287109375
 10
1094.93798828125
 20
364.6219482421875
 10
1095.18017578125
 20
365.6956787109375
 10
1095.31689453125
 20
366.7855224609375
 10
1095.3232421875
 20
367.5408935546875
 10
1095.24267578125
 20
368.2864990234375
 10
1095.064453125
 20
369.0057373046875
 10
1094.77685546875
 20
369.6824951171875
 10
1094.36767578125
 20
370.3011474609375
 10
1093.8427734375
 20
370.8328857421875
 10
1093.2333984375
 20
371.2606201171875
 10
1092.560546875
 20
371.5911865234375
 10
1091.84375
 20
371.8309326171875
 10
1090.58837890625
 20
372.0550537109375
 10
1089.31103515625
 20
372.1146240234375
 10
1087.283203125
 20
372.0316162109375
 10
1070.3701171875
 20
370.3006591796875
 10
1066.0263671875
 20
369.7972412109375
 10
1058.58740234375
 20
368.8646240234375
 10
1055.48291015625
 20
368.5218505859375
 10
1052.59326171875
 20
368.2982177734375
 10
1050.16259765625
 20
368.1815185546875
 10
1046.6591796875
 20
377.5057373046875
 10
1044.9501953125
 20
382.2098388671875
 10
1046.90966796875
 20
384.2030029296875
 10
1044.1396484375
 20
384.5750732421875
 10
1043.10888671875
 20
387.7762451171875
 10
1041.75390625
 20
392.3060302734375
 10
1040.5615234375
 20
396.6697998046875
 10
1047.6259765625
 20
396.7606201171875
 10
1050.962890625
 20
396.7298583984375
 10
1060.5419921875
 20
396.4476318359375
 10
1079.40380859375
 20
396.1312255859375
 10
1082.48876953125
 20
396.1248779296875
 10
1085.16552734375
 20
396.1717529296875
 10
1089.498046875
 20
396.3450927734375
 10
1091.14453125
 20
396.5267333984375
 10
1092.15576171875
 20
396.7366943359375
 10
1093.11669921875
 20
397.0994873046875
 10
1093.81396484375
 20
397.5491943359375
 10
1094.37646484375
 20
398.1527099609375
 10
1094.74462890625
 20
398.8865966796875
 10
1094.93017578125
 20
399.6922607421875
 10
1094.94970703125
 20
400.6702880859375
 10
1094.74951171875
 20
401.6258544921875
 10
1094.3740234375
 20
402.4320068359375
 10
1093.8203125
 20
403.1258544921875
 10
1093.3037109375
 20
403.5413818359375
 10
1092.7255859375
 20
403.8646240234375
 10
1092.103515625
 20
404.1082763671875
 10
1091.45556640625
 20
404.2869873046875
 10
1090.0576171875
 20
404.5081787109375
 10
1084.24951171875
 20
404.9212646484375
 10
1071.884765625
 20
405.5711669921875
 10
1044.77001953125
 20
407.3265380859375
 10
1035.27783203125
 20
408.0482177734375
 10
1034.322265625
 20
412.6121826171875
 10
1033.45849609375
 20
417.1302490234375
 10
1032.66552734375
 20
421.6614990234375
 10
1031.9345703125
 20
426.2615966796875
 10
1031.3095703125
 20
430.8768310546875
 10
1030.8037109375
 20
435.7562255859375
 10
1030.4736328125
 20
440.2943115234375
  0
TEXT
  5
C7
330
17
100
AcDbEntity
  8
ANNOTATION
100
AcDbText
 10
1117.4198346156131
 20
409.31848979993464
 30
0.0
 40
12.5
  1
P02 180deg
100
AcDbText
  0
LWPOLYLINE
  5
C8
330
17
100
AcDbEntity
  8
PIECES
100
AcDbPolyline
 90
264
 70
1
 10
1211.3662109375
 20
436.9578857421875
 10
1219.28173828125
 20
435.5511474609375
 10
1227.4716796875
 20
433.9573974609375
 10
1232.20263671875
 20
432.9486083984375
 10
1244.81884765625
 20
429.9803466796875
 10
1249.98388671875
 20
428.8685302734375
 10
1252.3154296875
 20
428.4671630859375
 10
1253.38037109375
 20
428.3289794921875
 10
1254.44873046875
 20
428.2435302734375
 10
1255.51611328125
 20
428.2366943359375
 10
1256.57958984375
 20
428.3338623046875
 10
1257.62060546875
 20
428.5560302734375
 10
1258.61865234375
 20
428.9085693359375
 10
1259.556640625
 20
429.3934326171875
 10
1260.41796875
 20
430.0120849609375
 10
1261.27197265625
 20
430.8641357421875
 10
1261.9677734375
 20
431.8460693359375
 10
1262.4951171875
 20
432.9324951171875
 10
1262.81298828125
 20
433.9486083984375
 10
1263.0
 20
434.9910888671875
 10
1263.07421875
 20
436.0516357421875
 10
1263.052734375
 20
437.1234130859375
 10
1262.95361328125
 20
438.1971435546875
 10
1262.7939453125
 20
439.2659912109375
 10
1262.3349609375
 20
441.4632568359375
 10
1261.21337890625
 20
445.8148193359375
 10
1260.77490234375
 20
447.74206542968756
 10
1260.43115234375
 20
449.68688964843756
 10
1260.203125
 20
451.64831542968756
 10
1260.1181640625
 20
453.26892089843756
 10
1260.1435546875
 20
454.88952636718756
 10
1260.29833984375
 20
456.50280761718756
 10
1260.609375
 20
458.15661621093756
 10
1261.08203125
 20
459.76843261718756
 10
1261.72265625
 20
461.32312011718756
 10
1262.31201171875
 20
462.43200683593756
 10
1262.99365234375
 20
463.48181152343756
 10
1263.76513671875
 20
464.46472167968756
 10
1264.62548828125
 20
465.37097167968756
 10
1265.572265625
 20
466.19274902343756
 10
1266.65283203125
 20
466.95251464843756
 10
1267.80224609375
 20
467.59802246093756
 10
1269.009765625
 20
468.12976074218756
 10
1270.26513671875
 20
468.54724121093756
 10
1271.8876953125
 20
468.91394042968756
 10
1273.537109375
 20
469.11901855468756
 10
1275.2021484375
 20
469.18640136718756
 10
1276.87158203125
 20
469.13708496093756
 10
1279.20556640625
 20
468.91735839843756
 10
1281.52490234375
 20
468.57263183593756
 10
1289.60400390625
 20
467.12390136718756
 10
1292.244140625
 20
466.75329589843756
 10
1294.89892578125
 20
466.51647949218756
 10
1297.17724609375
 20
466.45544433593756
 10
1297.95263671875
 20
466.47741699218756
 10
1298.353515625
 20
467.27673339843756
 10
1298.75244140625
 20
466.47644042968756
 10
1299.52783203125
 20
466.45251464843756
 10
1301.80615234375
 20
466.50769042968756
 10
1304.46142578125
 20
466.73767089843756
 10
1307.1025390625
 20
467.10144042968756
 10
1315.18505859375
 20
468.53015136718756
 10
1317.505859375
 20
468.86853027343756
 10
1319.83984375
 20
469.08288574218756
 10
1321.50927734375
 20
469.12731933593756
 10
1323.17431640625
 20
469.05603027343756
 10
1324.8232421875
 20
468.84655761718756
 10
1326.4453125
 20
468.47595214843756
 10
1327.69921875
 20
468.05505371093756
 10
1328.9052734375
 20
467.52087402343756
 10
1330.05322265625
 20
466.87194824218756
 10
1331.1318359375
 20
466.10925292968756
 10
1332.07666015625
 20
465.28552246093756
 10
1332.9345703125
 20
464.37683105468756
 10
1333.70361328125
 20
463.39245605468756
 10
1334.38232421875
 20
462.34069824218756
 10
1334.96923828125
 20
461.22985839843756
 10
1335.60546875
 20
459.67419433593756
 10
1336.07421875
 20
458.06091308593756
 10
1336.38134765625
 20
456.40661621093756
 10
1336.53173828125
 20
454.79235839843756
 10
1336.55322265625
 20
453.17175292968756
 10
1336.46435546875
 20
451.55163574218756
 10
1336.23095703125
 20
449.59069824218756
 10
1335.88232421875
 20
447.64685058593756
 10
1335.43896484375
 20
445.7205810546875
 10
1334.306640625
 20
441.3719482421875
 10
1333.841796875
 20
439.1756591796875
 10
1333.6796875
 20
438.1072998046875
 10
1333.57763671875
 20
437.0335693359375
 10
1333.55322265625
 20
435.9622802734375
 10
1333.625
 20
434.9017333984375
 10
1333.8095703125
 20
433.8587646484375
 10
1334.12451171875
 20
432.8416748046875
 10
1334.64892578125
 20
431.7537841796875
 10
1335.3427734375
 20
430.7703857421875
 10
1336.1943359375
 20
429.9158935546875
 10
1337.05419921875
 20
429.2952880859375
 10
1337.9912109375
 20
428.8079833984375
 10
1338.98828125
 20
428.4525146484375
 10
1340.0283203125
 20
428.2279052734375
 10
1341.091796875
 20
428.1282958984375
 10
1342.1591796875
 20
428.1322021484375
 10
1343.2275390625
 20
428.2147216796875
 10
1344.29296875
 20
428.3504638671875
 10
1346.62548828125
 20
428.7459716796875
 10
1348.94384765625
 20
429.2191162109375
 10
1354.63720703125
 20
430.4945068359375
 10
1364.4169921875
 20
432.7811279296875
 10
1369.150390625
 20
433.7777099609375
 10
1377.3447265625
 20
435.3504638671875
 10
1385.263671875
 20
436.7371826171875
 10
1385.0888671875
 20
433.7205810546875
 10
1384.6591796875
 20
428.7630615234375
 10
1384.1298828125
 20
424.1492919921875
 10
1383.47998046875
 20
419.5511474609375
 10
1382.71875
 20
415.0140380859375
 10
1381.8408203125
 20
410.4979248046875
 10
1380.8251953125
 20
405.9178466796875
 10
1358.59375
 20
404.3421630859375
 10
1344.94775390625
 20
403.5291748046875
 10
1338.00439453125
 20
403.0765380859375
 10
1328.48193359375
 20
402.2928466796875
 10
1325.4267578125
 20
401.9920654296875
 10
1324.5966796875
 20
401.8431396484375
 10
1323.79150390625
 20
401.6136474609375
 10
1323.03466796875
 20
401.2620849609375
 10
1322.5126953125
 20
400.8939208984375
 10
1322.06640625
 20
400.4422607421875
 10
1321.716796875
 20
399.9110107421875
 10
1321.45458984375
 20
399.1961669921875
 10
1321.35498046875
 20
398.4398193359375
 10
1321.3876953125
 20
397.6688232421875
 10
1321.55322265625
 20
396.8280029296875
 10
1321.86474609375
 20
396.0311279296875
 10
1322.328125
 20
395.3216552734375
 10
1322.94970703125
 20
394.7532958984375
 10
1323.4521484375
 20
394.4808349609375
 10
1323.99365234375
 20
394.2962646484375
 10
1325.13671875
 20
394.1014404296875
 10
1326.80908203125
 20
394.0003662109375
 10
1337.22607421875
 20
394.0281982421875
 10
1340.384765625
 20
394.0609130859375
 10
1351.900390625
 20
394.3685302734375
 10
1365.619140625
 20
394.6229248046875
 10
1370.61328125
 20
394.6322021484375
 10
1375.4541015625
 20
394.5775146484375
 10
1371.46728515625
 20
382.6341552734375
 10
1370.23095703125
 20
379.0911865234375
 10
1369.0224609375
 20
375.9573974609375
 10
1364.98779296875
 20
366.0570068359375
 10
1354.47900390625
 20
367.5247802734375
 10
1336.50634765625
 20
370.1502685546875
 10
1328.533203125
 20
371.2557373046875
 10
1326.505859375
 20
371.3983154296875
 10
1325.6513671875
 20
371.3890380859375
 10
1324.80322265625
 20
371.3104248046875
 10
1323.9697265625
 20
371.1361083984375
 10
1323.0400390625
 20
370.7830810546875
 10
1322.203125
 20
370.2513427734375
 10
1321.609375
 20
369.6658935546875
 10
1321.13623046875
 20
368.9813232421875
 10
1320.78564453125
 20
368.2210693359375
 10
1320.56884765625
 20
367.4490966796875
 10
1320.458984375
 20
366.6566162109375
 10
1320.44140625
 20
365.8524169921875
 10
1320.5009765625
 20
365.0467529296875
 10
1320.685546875
 20
363.9339599609375
 10
1320.95751953125
 20
362.8377685546875
 10
1321.2822265625
 20
361.7542724609375
 10
1322.61572265625
 20
357.7327880859375
 10
1323.45263671875
 20
355.0145263671875
 10
1324.19775390625
 20
352.2694091796875
 10
1325.11328125
 20
348.2625732421875
 10
1325.8642578125
 20
344.2210693359375
 10
1326.36865234375
 20
340.9603271484375
 10
1326.80224609375
 20
337.6893310546875
 10
1327.1787109375
 20
334.3719482421875
 10
1327.49365234375
 20
331.0487060546875
 10
1327.8076171875
 20
326.5677490234375
 10
1323.92578125
 20
325.6287841796875
 10
1319.53466796875
 20
324.7747802734375
 10
1315.21875
 20
324.1380615234375
 10
1310.88134765625
 20
323.6649169921875
 10
1307.40283203125
 20
323.3826904296875
 10
1303.9189453125
 20
323.1849365234375
 10
1300.17041015625
 20
323.0760498046875
 10
1298.17333984375
 20
325.0784912109375
 10
1296.1708984375
 20
323.0809326171875
 10
1292.4228515625
 20
323.1995849609375
 10
1288.93896484375
 20
323.4061279296875
 10
1285.46142578125
 20
323.6971435546875
 10
1281.125
 20
324.1815185546875
 10
1276.810546875
 20
324.8289794921875
 10
1272.421875
 20
325.6942138671875
 10
1268.54248046875
 20
326.6429443359375
 10
1268.8681640625
 20
331.1234130859375
 10
1269.19091796875
 20
334.4456787109375
 10
1269.576171875
 20
337.7615966796875
 10
1270.017578125
 20
341.0316162109375
 10
1270.53076171875
 20
344.2913818359375
 10
1271.29150390625
 20
348.3309326171875
 10
1272.2177734375
 20
352.3353271484375
 10
1272.9697265625
 20
355.0784912109375
 10
1273.8134765625
 20
357.7947998046875
 10
1275.1572265625
 20
361.8128662109375
 10
1275.48486328125
 20
362.8953857421875
 10
1275.75927734375
 20
363.9910888671875
 10
1275.94677734375
 20
365.1033935546875
 10
1276.00830078125
 20
365.9090576171875
 10
1275.9931640625
 20
366.7127685546875
 10
1275.88525390625
 20
367.5062255859375
 10
1275.669921875
 20
368.2781982421875
 10
1275.32177734375
 20
369.0394287109375
 10
1274.85009765625
 20
369.7249755859375
 10
1274.2578125
 20
370.3118896484375
 10
1273.42236328125
 20
370.8460693359375
 10
1272.4931640625
 20
371.2015380859375
 10
1271.66064453125
 20
371.3778076171875
 10
1270.8125
 20
371.4583740234375
 10
1269.9580078125
 20
371.4700927734375
 10
1267.93017578125
 20
371.3323974609375
 10
1259.9541015625
 20
370.2474365234375
 10
1241.9755859375
 20
367.6673583984375
 10
1231.462890625
 20
366.2264404296875
 10
1227.453125
 20
376.1365966796875
 10
1226.25244140625
 20
379.2733154296875
 10
1225.025390625
 20
382.8197021484375
 10
1221.06884765625
 20
394.7733154296875
 10
1225.90966796875
 20
394.8157958984375
 10
1230.90380859375
 20
394.7938232421875
 10
1244.6220703125
 20
394.5042724609375
 10
1256.13671875
 20
394.1673583984375
 10
1259.294921875
 20
394.1273193359375
 10
1269.71240234375
 20
394.0731201171875
 10
1271.384765625
 20
394.1693115234375
 10
1272.5283203125
 20
394.3612060546875
 10
1273.0703125
 20
394.5447998046875
 10
1273.5732421875
 20
394.8162841796875
 10
1274.19677734375
 20
395.3826904296875
 10
1274.66162109375
 20
396.0911865234375
 10
1274.97509765625
 20
396.8870849609375
 10
1275.142578125
 20
397.7279052734375
 10
1275.17724609375
 20
398.4984130859375
 10
1275.07958984375
 20
399.2547607421875
 10
1274.8193359375
 20
399.9705810546875
 10
1274.47119140625
 20
400.5023193359375
 10
1274.02587890625
 20
400.9554443359375
 10
1273.5048828125
 20
401.3250732421875
 10
1272.7490234375
 20
401.6785888671875
 10
1271.9443359375
 20
401.9095458984375
 10
1271.11474609375
 20
402.0609130859375
 10
1264.4384765625
 20
402.6995849609375
 10
1258.5400390625
 20
403.1771240234375
 10
1251.59765625
 20
403.6478271484375
 10
1237.95361328125
 20
404.4949951171875
 10
1215.7265625
 20
406.1273193359375
 10
1214.72265625
 20
410.7098388671875
 10
1213.85595703125
 20
415.2279052734375
 10
1213.1064453125
 20
419.7674560546875
 10
1212.4677734375
 20
424.3670654296875
 10
1211.95068359375
 20
428.9822998046875
 10
1211.533203125
 20
433.9407958984375
 10
1211.3662109375
 20
436.9578857421875
  0
TEXT
  5
C9
330
17
100
AcDbEntity
  8
ANNOTATION
100
AcDbText
 10
1298.137275464607
 20
407.5670572916667
 30
0.0
 40
12.5
  1
P03 180deg
100
AcDbText
  0
LWPOLYLINE
  5
CA
330
17
100
AcDbEntity
  8
PIECES
100
AcDbPolyline
 90
277
 70
1
 10
1390.263671875
 20
433.26159667968756
 10
1394.6962890625
 20
432.79235839843756
 10
1397.7919921875
 20
432.40710449218756
 10
1401.751953125
 20
431.84802246093756
 10
1409.89697265625
 20
430.53894042968756
 10
1414.0791015625
 20
429.78552246093756
 10
1417.8623046875
 20
429.03356933593756
 10
1429.05029296875
 20
426.55065917968756
 10
1430.89990234375
 20
426.20642089843756
 10
1432.76416015625
 20
425.95593261718756
 10
1433.822265625
 20
425.87390136718756
 10
1434.88037109375
 20
425.85876464843756
 10
1435.93212890625
 20
425.93298339843756
 10
1436.97021484375
 20
426.11950683593756
 10
1437.9736328125
 20
426.43688964843756
 10
1438.91796875
 20
426.89196777343756
 10
1439.78271484375
 20
427.48669433593756
 10
1440.43603515625
 20
428.09655761718756
 10
1440.99951171875
 20
428.78649902343756
 10
1441.46826171875
 20
429.54479980468756
 10
1441.83642578125
 20
430.36022949218756
 10
1442.1279296875
 20
431.32702636718756
 10
1442.294921875
 20
432.31726074218756
 10
1442.35595703125
 20
433.32409667968756
 10
1442.32861328125
 20
434.34020996093756
 10
1442.22998046875
 20
435.35876464843756
 10
1442.078125
 20
436.37292480468756
 10
1441.67529296875
 20
438.36511230468756
 10
1440.02197265625
 20
444.93737792968756
 10
1439.51171875
 20
447.59655761718756
 10
1439.296875
 20
449.23522949218756
 10
1439.18994140625
 20
450.88171386718756
 10
1439.224609375
 20
452.53015136718756
 10
1439.37109375
 20
453.81726074218756
 10
1439.62646484375
 20
455.08435058593756
 10
1439.99462890625
 20
456.32263183593756
 10
1440.4775390625
 20
457.52282714843756
 10
1441.0625
 20
458.65026855468756
 10
1441.751953125
 20
459.71130371093756
 10
1442.54052734375
 20
460.69812011718756
 10
1443.42431640625
 20
461.60241699218756
 10
1444.3984375
 20
462.41638183593756
 10
1445.48974609375
 20
463.15270996093756
 10
1446.6484375
 20
463.77282714843756
 10
1447.86279296875
 20
464.27624511718756
 10
1449.12255859375
 20
464.66296386718756
 10
1450.451171875
 20
464.93981933593756
 10
1451.7958984375
 20
465.10534667968756
 10
1453.15185546875
 20
465.17517089843756
 10
1454.5126953125
 20
465.16345214843756
 10
1455.87353515625
 20
465.08532714843756
 10
1458.13720703125
 20
464.84899902343756
 10
1465.5419921875
 20
463.72546386718756
 10
1468.453125
 20
463.36657714843756
 10
1472.7451171875
 20
463.03405761718756
 10
1476.2705078125
 20
462.87194824218756
 10
1479.79443359375
 20
463.06140136718756
 10
1484.083984375
 20
463.42712402343756
 10
1486.9921875
 20
463.80847167968756
 10
1494.3876953125
 20
464.98864746093756
 10
1496.64990234375
 20
465.24304199218756
 10
1498.01025390625
 20
465.33093261718756
 10
1499.37109375
 20
465.35339355468756
 10
1500.72705078125
 20
465.29431152343756
 10
1502.0732421875
 20
465.13903808593756
 10
1503.40380859375
 20
464.87243652343756
 10
1504.66650390625
 20
464.49548339843756
 10
1505.884765625
 20
464.00134277343756
 10
1507.04833984375
 20
463.39001464843756
 10
1508.1455078125
 20
462.66247558593756
 10
1509.12548828125
 20
461.85632324218756
 10
1510.01611328125
 20
460.95886230468756
 10
1510.8125
 20
459.97790527343756
 10
1511.509765625
 20
458.92224121093756
 10
1512.10400390625
 20
457.79968261718756
 10
1512.59619140625
 20
456.60290527343756
 10
1512.9736328125
 20
455.36755371093756
 10
1513.2392578125
 20
454.10241699218756
 10
1513.39501953125
 20
452.81677246093756
 10
1513.44287109375
 20
451.16833496093756
 10
1513.34814453125
 20
449.52136230468756
 10
1513.146484375
 20
447.88073730468756
 10
1512.65673828125
 20
445.21765136718756
 10
1511.05419921875
 20
438.63269042968756
 10
1510.66650390625
 20
436.63757324218756
 10
1510.5224609375
 20
435.62243652343756
 10
1510.43212890625
 20
434.60339355468756
 10
1510.412109375
 20
433.58679199218756
 10
1510.48095703125
 20
432.58044433593756
 10
1510.65576171875
 20
431.59167480468756
 10
1510.95458984375
 20
430.62683105468756
 10
1511.3291015625
 20
429.81433105468756
 10
1511.8037109375
 20
429.05944824218756
 10
1512.3720703125
 20
428.37438964843756
 10
1513.0302734375
 20
427.76940917968756
 10
1513.89990234375
 20
427.18151855468756
 10
1514.84765625
 20
426.73376464843756
 10
1515.853515625
 20
426.42419433593756
 10
1516.892578125
 20
426.24548339843756
 10
1517.94482421875
 20
426.17956542968756
 10
1519.00341796875
 20
426.20251464843756
 10
1520.060546875
 20
426.29284667968756
 10
1521.9228515625
 20
426.55749511718756
 10
1523.77001953125
 20
426.91638183593756
 10
1534.9384765625
 20
429.48571777343756
 10
1538.7158203125
 20
430.26647949218756
 10
1542.89208984375
 20
431.05261230468756
 10
1551.0263671875
 20
432.42419433593756
 10
1554.98193359375
 20
433.01403808593756
 10
1558.07470703125
 20
433.42272949218756
 10
1562.5029296875
 20
433.92663574218756
 10
1562.314453125
 20
430.87878417968756
 10
1561.865234375
 20
425.92321777343756
 10
1561.318359375
 20
421.31140136718756
 10
1560.650390625
 20
416.71618652343756
 10
1559.87109375
 20
412.18151855468756
 10
1558.9755859375
 20
407.66931152343756
 10
1558.1416015625
 20
403.96813964843756
 10
1550.4873046875
 20
403.49743652343756
 10
1546.00732421875
 20
403.17907714843756
 10
1532.80517578125
 20
402.15466308593756
 10
1515.86962890625
 20
401.03503417968756
 10
1510.23974609375
 20
400.70202636718756
 10
1504.8076171875
 20
400.30847167968756
 10
1503.11279296875
 20
400.12341308593756
 10
1502.3046875
 20
399.96130371093756
 10
1501.5263671875
 20
399.70935058593756
 10
1500.80615234375
 20
399.32897949218756
 10
1500.29736328125
 20
398.91589355468756
 10
1499.87548828125
 20
398.41833496093756
 10
1499.5556640625
 20
397.84753417968756
 10
1499.34326171875
 20
397.18835449218756
 10
1499.25390625
 20
396.50183105468756
 10
1499.26953125
 20
395.80456542968756
 10
1499.42333984375
 20
394.93298339843756
 10
1499.74365234375
 20
394.11071777343756
 10
1500.24267578125
 20
393.38708496093756
 10
1500.90576171875
 20
392.81237792968756
 10
1501.6298828125
 20
392.45104980468756
 10
1502.41455078125
 20
392.23522949218756
 10
1503.228515625
 20
392.12145996093756
 10
1504.86669921875
 20
392.06237792968756
 10
1525.48388671875
 20
392.86853027343756
 10
1533.80419921875
 20
393.26306152343756
 10
1552.9599609375
 20
393.76696777343756
 10
1551.9833984375
 20
389.95202636718756
 10
1550.82861328125
 20
386.05993652343756
 10
1549.626953125
 20
382.49841308593756
 10
1548.31787109375
 20
378.97448730468756
 10
1547.0830078125
 20
375.87243652343756
 10
1545.7880859375
 20
372.79528808593756
 10
1544.26806640625
 20
369.36560058593756
 10
1542.556640625
 20
365.71813964843756
 10
1532.548828125
 20
366.80749511718756
 10
1523.62255859375
 20
367.93103027343756
 10
1511.69384765625
 20
369.53259277343756
 10
1506.65234375
 20
370.07946777343756
 10
1504.62255859375
 20
370.16882324218756
 10
1503.3466796875
 20
370.11950683593756
 10
1502.091796875
 20
369.90856933593756
 10
1501.3642578125
 20
369.67175292968756
 10
1500.68115234375
 20
369.34167480468756
 10
1500.06298828125
 20
368.91149902343756
 10
1499.53076171875
 20
368.37390136718756
 10
1499.06201171875
 20
367.64782714843756
 10
1498.75244140625
 20
366.84216308593756
 10
1498.59228515625
 20
365.98718261718756
 10
1498.572265625
 20
365.09167480468756
 10
1498.67529296875
 20
364.20397949218756
 10
1498.8701171875
 20
363.32409667968756
 10
1499.12451171875
 20
362.45153808593756
 10
1501.06396484375
 20
356.60534667968756
 10
1501.908203125
 20
353.89343261718756
 10
1502.68408203125
 20
351.16149902343756
 10
1503.67578125
 20
347.10729980468756
 10
1504.466796875
 20
343.00964355468756
 10
1504.9326171875
 20
339.74938964843756
 10
1505.28125
 20
336.47351074218756
 10
1505.6142578125
 20
331.94860839843756
 10
1505.76904296875
 20
327.41442871093756
 10
1505.76416015625
 20
326.50720214843756
 10
1501.99853515625
 20
325.69226074218756
 10
1498.244140625
 20
324.99157714843756
 10
1493.93310546875
 20
324.32165527343756
 10
1489.6025390625
 20
323.79333496093756
 10
1486.12744140625
 20
323.47302246093756
 10
1482.64501953125
 20
323.24157714843756
 10
1478.8623046875
 20
323.09362792968756
 10
1476.853515625
 20
325.08435058593756
 10
1474.86279296875
 20
323.07604980468756
 10
1470.97412109375
 20
323.19665527343756
 10
1467.490234375
 20
323.40124511718756
 10
1464.0126953125
 20
323.69421386718756
 10
1459.67822265625
 20
324.18933105468756
 10
1455.36181640625
 20
324.82604980468756
 10
1451.6025390625
 20
325.49743652343756
 10
1447.83056640625
 20
326.28356933593756
 10
1447.81884765625
 20
327.19079589843756
 10
1447.9384765625
 20
331.72595214843756
 10
1448.236328125
 20
336.25329589843756
 10
1448.5595703125
 20
339.53161621093756
 10
1449.0
 20
342.79577636718756
 10
1449.759765625
 20
346.89880371093756
 10
1450.72021484375
 20
350.96081542968756
 10
1451.47509765625
 20
353.69860839843756
 10
1452.29833984375
 20
356.41735839843756
 10
1454.1923828125
 20
362.27819824218756
 10
1454.4404296875
 20
363.15270996093756
 10
1454.6279296875
 20
364.03405761718756
 10
1454.72412109375
 20
364.92224121093756
 10
1454.697265625
 20
365.81774902343756
 10
1454.53076171875
 20
366.67126464843756
 10
1454.21484375
 20
367.47497558593756
 10
1453.74072265625
 20
368.19763183593756
 10
1453.2041015625
 20
368.73034667968756
 10
1452.58251953125
 20
369.15612792968756
 10
1451.89697265625
 20
369.48083496093756
 10
1451.16796875
 20
369.71179199218756
 10
1449.9111328125
 20
369.91296386718756
 10
1448.634765625
 20
369.95251464843756
 10
1446.60595703125
 20
369.84802246093756
 10
1441.56884765625
 20
369.26159667968756
 10
1429.65283203125
 20
367.56872558593756
 10
1420.7353515625
 20
366.37585449218756
 10
1410.736328125
 20
365.20935058593756
 10
1408.99658203125
 20
368.84362792968756
 10
1407.5302734375
 20
372.08435058593756
 10
1409.33056640625
 20
374.22253417968756
 10
1406.53955078125
 20
374.37976074218756
 10
1406.34228515625
 20
374.83874511718756
 10
1408.177734375
 20
376.94665527343756
 10
1405.39013671875
 20
377.15026855468756
 10
1405.20166015625
 20
377.61364746093756
 10
1407.0771484375
 20
379.68542480468756
 10
1404.2939453125
 20
379.94274902343756
 10
1404.1162109375
 20
380.41003417968756
 10
1406.0302734375
 20
382.44714355468756
 10
1403.25244140625
 20
382.75573730468756
 10
1403.0888671875
 20
383.22839355468756
 10
1405.0458984375
 20
385.22399902343756
 10
1402.275390625
 20
385.59216308593756
 10
1401.123046875
 20
389.36950683593756
 10
1400.11669921875
 20
393.17712402343756
 10
1419.2763671875
 20
392.82116699218756
 10
1427.59912109375
 20
392.49060058593756
 10
1448.2216796875
 20
391.84362792968756
 10
1449.85986328125
 20
391.91540527343756
 10
1450.67236328125
 20
392.03552246093756
 10
1451.45556640625
 20
392.25720214843756
 10
1452.1767578125
 20
392.62438964843756
 10
1452.83544921875
 20
393.20397949218756
 10
1453.3291015625
 20
393.93151855468756
 10
1453.64306640625
 20
394.75622558593756
 10
1453.7900390625
 20
395.62878417968756
 10
1453.80029296875
 20
396.32653808593756
 10
1453.70556640625
 20
397.01257324218756
 10
1453.48828125
 20
397.66979980468756
 10
1453.16357421875
 20
398.23815917968756
 10
1452.73828125
 20
398.73229980468756
 10
1452.2265625
 20
399.14147949218756
 10
1451.5029296875
 20
399.51647949218756
 10
1450.72314453125
 20
399.76208496093756
 10
1449.91357421875
 20
399.91784667968756
 10
1448.21728515625
 20
400.09020996093756
 10
1442.7822265625
 20
400.44128417968756
 10
1437.14990234375
 20
400.73132324218756
 10
1420.20654296875
 20
401.72009277343756
 10
1406.99658203125
 20
402.64294433593756
 10
1402.5146484375
 20
402.92614746093756
 10
1394.85693359375
 20
403.33825683593756
 10
1393.994140625
 20
407.03210449218756
 10
1393.06396484375
 20
411.53796386718756
 10
1392.24951171875
 20
416.06579589843756
 10
1391.5458984375
 20
420.65612792968756
 10
1390.96337890625
 20
425.26354980468756
 10
1390.47607421875
 20
430.21569824218756
 10
1390.263671875
 20
433.26159667968756
  0
TEXT
  5
CB
330
17
100
AcDbEntity
  8
ANNOTATION
100
AcDbText
 10
1473.6380020306858
 20
403.68026347797274
 30
0.0
 40
12.5
  1
P04 180deg
100
AcDbText
  0
LWPOLYLINE
  5
CC
330
17
100
AcDbEntity
  8
PIECES
100
AcDbPolyline
 90
289
 70
1
 10
1567.5029296875
 20
431.33679199218756
 10
1577.041015625
 20
430.11657714843756
 10
1581.74951171875
 20
429.43933105468756
 10
1586.4462890625
 20
428.68493652343756
 10
1590.42822265625
 20
427.95837402343756
 10
1594.39892578125
 20
427.17175292968756
 10
1598.37060546875
 20
426.33972167968756
 10
1606.69482421875
 20
424.48718261718756
 10
1608.07763671875
 20
424.22839355468756
 10
1609.46923828125
 20
424.04577636718756
 10
1610.8701171875
 20
423.98376464843756
 10
1611.75390625
 20
424.02770996093756
 10
1612.6259765625
 20
424.15075683593756
 10
1613.4736328125
 20
424.36413574218756
 10
1614.28466796875
 20
424.68005371093756
 10
1615.04638671875
 20
425.10974121093756
 10
1615.810546875
 20
425.72058105468756
 10
1616.4619140625
 20
426.44567871093756
 10
1616.99609375
 20
427.26452636718756
 10
1617.40771484375
 20
428.15710449218756
 10
1617.7021484375
 20
429.14636230468756
 10
1617.8623046875
 20
430.15954589843756
 10
1617.90771484375
 20
431.18884277343756
 10
1617.8583984375
 20
432.22692871093756
 10
1617.73388671875
 20
433.26745605468756
 10
1617.55419921875
 20
434.30212402343756
 10
1617.05029296875
 20
436.52819824218756
 10
1616.0341796875
 20
440.60729980468756
 10
1615.6533203125
 20
442.48815917968756
 10
1615.36669921875
 20
444.38562011718756
 10
1615.2197265625
 20
445.92907714843756
 10
1615.16357421875
 20
447.47644042968756
 10
1615.21337890625
 20
449.02429199218756
 10
1615.3408203125
 20
450.26257324218756
 10
1615.55615234375
 20
451.48571777343756
 10
1615.87060546875
 20
452.68542480468756
 10
1616.2939453125
 20
453.85241699218756
 10
1616.83935546875
 20
454.98620605468756
 10
1617.49609375
 20
456.05261230468756
 10
1618.2587890625
 20
457.04431152343756
 10
1619.1220703125
 20
457.95104980468756
 10
1620.080078125
 20
458.76501464843756
 10
1621.1865234375
 20
459.51403808593756
 10
1622.36572265625
 20
460.13708496093756
 10
1623.60400390625
 20
460.63513183593756
 10
1624.88916015625
 20
461.01062011718756
 10
1626.48291015625
 20
461.30603027343756
 10
1628.09619140625
 20
461.44567871093756
 10
1629.7197265625
 20
461.45153808593756
 10
1631.34326171875
 20
461.34558105468756
 10
1633.5908203125
 20
461.05505371093756
 10
1640.99560546875
 20
459.74645996093756
 10
1645.9091796875
 20
458.98913574218756
 10
1647.88427734375
 20
458.75476074218756
 10
1650.08203125
 20
458.63659667968756
 10
1651.13916015625
 20
458.64636230468756
 10
1651.54443359375
 20
459.44372558593756
 10
1651.93896484375
 20
458.64147949218756
 10
1652.99658203125
 20
458.61804199218756
 10
1655.19580078125
 20
458.70837402343756
 10
1657.173828125
 20
458.91784667968756
 10
1662.0966796875
 20
459.61267089843756
 10
1669.51708984375
 20
460.82702636718756
 10
1671.7685546875
 20
461.08923339843756
 10
1673.39306640625
 20
461.17468261718756
 10
1675.0166015625
 20
461.14831542968756
 10
1676.6279296875
 20
460.98815917968756
 10
1678.2177734375
 20
460.67224121093756
 10
1679.49755859375
 20
460.28063964843756
 10
1680.72998046875
 20
459.76696777343756
 10
1681.90087890625
 20
459.12927246093756
 10
1682.998046875
 20
458.36657714843756
 10
1683.94580078125
 20
457.54040527343756
 10
1684.79736328125
 20
456.62243652343756
 10
1685.54736328125
 20
455.62145996093756
 10
1686.1904296875
 20
454.54626464843756
 10
1686.7216796875
 20
453.40612792968756
 10
1687.1298828125
 20
452.23376464843756
 10
1687.42919921875
 20
451.03015136718756
 10
1687.62890625
 20
449.80456542968756
 10
1687.74072265625
 20
448.56481933593756
 10
1687.77099609375
 20
447.01647949218756
 10
1687.69482421875
 20
445.46960449218756
 10
1687.52880859375
 20
443.92810058593756
 10
1687.21826171875
 20
442.03454589843756
 10
1686.8134765625
 20
440.15856933593756
 10
1685.74560546875
 20
436.09265136718756
 10
1685.2138671875
 20
433.87341308593756
 10
1685.0205078125
 20
432.84069824218756
 10
1684.8828125
 20
431.80212402343756
 10
1684.8203125
 20
430.76452636718756
 10
1684.85302734375
 20
429.73474121093756
 10
1685.00048828125
 20
428.72009277343756
 10
1685.2822265625
 20
427.72692871093756
 10
1685.68212890625
 20
426.82897949218756
 10
1686.2060546875
 20
426.00378417968756
 10
1686.84814453125
 20
425.27038574218756
 10
1687.6044921875
 20
424.64978027343756
 10
1688.36083984375
 20
424.21032714843756
 10
1689.16748046875
 20
423.88464355468756
 10
1690.0126953125
 20
423.66003417968756
 10
1690.8828125
 20
423.52624511718756
 10
1691.76611328125
 20
423.47106933593756
 10
1693.16748046875
 20
423.51501464843756
 10
1694.5615234375
 20
423.68005371093756
 10
1695.947265625
 20
423.92126464843756
 10
1704.29443359375
 20
425.66833496093756
 10
1708.27685546875
 20
426.44958496093756
 10
1712.2568359375
 20
427.18591308593756
 10
1716.24755859375
 20
427.86218261718756
 10
1720.95361328125
 20
428.55700683593756
 10
1725.67041015625
 20
429.17419433593756
 10
1735.22314453125
 20
430.27380371093756
 10
1734.6337890625
 20
424.84558105468756
 10
1734.2138671875
 20
421.51843261718756
 10
1733.56494140625
 20
416.91979980468756
 10
1732.81396484375
 20
412.33728027343756
 10
1731.94775390625
 20
407.81872558593756
 10
1730.9599609375
 20
403.32556152343756
 10
1730.36328125
 20
400.91052246093756
 10
1719.8505859375
 20
400.23864746093756
 10
1710.1396484375
 20
399.72399902343756
 10
1696.4912109375
 20
399.06677246093756
 10
1685.10009765625
 20
398.60778808593756
 10
1680.33251953125
 20
398.45983886718756
 10
1678.5947265625
 20
398.35290527343756
 10
1676.869140625
 20
398.13562011718756
 10
1675.64697265625
 20
397.84753417968756
 10
1675.0751953125
 20
397.61022949218756
 10
1674.55322265625
 20
397.27868652343756
 10
1674.06982421875
 20
396.80114746093756
 10
1673.69873046875
 20
396.23278808593756
 10
1673.44140625
 20
395.59948730468756
 10
1673.27392578125
 20
394.62048339843756
 10
1673.33642578125
 20
393.62634277343756
 10
1673.46630859375
 20
393.06970214843756
 10
1673.6767578125
 20
392.54431152343756
 10
1673.98583984375
 20
392.07116699218756
 10
1674.56591796875
 20
391.55651855468756
 10
1675.26220703125
 20
391.19958496093756
 10
1676.138671875
 20
390.94567871093756
 10
1677.04443359375
 20
390.81188964843756
 10
1678.64013671875
 20
390.71520996093756
 10
1685.70458984375
 20
390.63952636718756
 10
1688.85302734375
 20
390.66198730468756
 10
1695.63525390625
 20
390.80114746093756
 10
1707.6640625
 20
391.17712402343756
 10
1711.86865234375
 20
391.27722167968756
 10
1716.07421875
 20
391.32409667968756
 10
1719.42919921875
 20
391.31140136718756
 10
1726.1591796875
 20
391.15417480468756
 10
1724.970703125
 20
386.92077636718756
 10
1723.5439453125
 20
382.45349121093756
 10
1721.9599609375
 20
378.03845214843756
 10
1720.19189453125
 20
373.61413574218756
 10
1718.26611328125
 20
369.25720214843756
 10
1716.18505859375
 20
364.97155761718756
 10
1715.630859375
 20
363.92761230468756
 10
1710.88134765625
 20
364.39294433593756
 10
1701.57958984375
 20
365.43005371093756
 10
1697.1875
 20
366.00573730468756
 10
1680.2099609375
 20
368.63122558593756
 10
1678.22900390625
 20
368.82458496093756
 10
1677.37548828125
 20
368.84069824218756
 10
1676.52783203125
 20
368.78161621093756
 10
1675.69677734375
 20
368.61315917968756
 10
1675.00927734375
 20
368.35925292968756
 10
1674.373046875
 20
368.00720214843756
 10
1673.80029296875
 20
367.55993652343756
 10
1673.3056640625
 20
367.02233886718756
 10
1672.84423828125
 20
366.28942871093756
 10
1672.52490234375
 20
365.48571777343756
 10
1672.3427734375
 20
364.63513183593756
 10
1672.28955078125
 20
363.76257324218756
 10
1672.34814453125
 20
362.89294433593756
 10
1672.49267578125
 20
362.02722167968756
 10
1672.9404296875
 20
360.31481933593756
 10
1674.5517578125
 20
355.31970214843756
 10
1675.37841796875
 20
352.60241699218756
 10
1676.1240234375
 20
349.86169433593756
 10
1677.0751953125
 20
345.79772949218756
 10
1677.8349609375
 20
341.69470214843756
 10
1678.27978515625
 20
338.43103027343756
 10
1678.591796875
 20
335.15173339843756
 10
1678.7919921875
 20
331.41394042968756
 10
1678.826171875
 20
327.67077636718756
 10
1678.7763671875
 20
326.25476074218756
 10
1675.77490234375
 20
325.44567871093756
 10
1672.16162109375
 20
324.67321777343756
 10
1669.49609375
 20
324.24108886718756
 10
1666.81640625
 20
323.90710449218756
 10
1664.12744140625
 20
323.64880371093756
 10
1661.43310546875
 20
323.44470214843756
 10
1657.87109375
 20
323.23327636718756
 10
1654.306640625
 20
323.09655761718756
 10
1652.68212890625
 20
323.07604980468756
 10
1650.6953125
 20
325.08825683593756
 10
1648.68310546875
 20
323.10144042968756
 10
1647.05419921875
 20
323.14294433593756
 10
1643.49169921875
 20
323.32458496093756
 10
1639.9326171875
 20
323.58093261718756
 10
1637.2412109375
 20
323.81921386718756
 10
1634.5556640625
 20
324.11169433593756
 10
1631.880859375
 20
324.47985839843756
 10
1629.220703125
 20
324.94519042968756
 10
1625.61767578125
 20
325.76354980468756
 10
1622.6259765625
 20
326.61071777343756
 10
1622.59423828125
 20
328.02722167968756
 10
1622.67626953125
 20
331.76940917968756
 10
1622.923828125
 20
335.50427246093756
 10
1623.27734375
 20
338.77966308593756
 10
1623.763671875
 20
342.03747558593756
 10
1624.5751953125
 20
346.13073730468756
 10
1625.578125
 20
350.18200683593756
 10
1626.3583984375
 20
352.91296386718756
 10
1627.21923828125
 20
355.61999511718756
 10
1628.8935546875
 20
360.59411621093756
 10
1629.36328125
 20
362.30065917968756
 10
1629.5185546875
 20
363.16442871093756
 10
1629.58837890625
 20
364.03308105468756
 10
1629.5458984375
 20
364.90612792968756
 10
1629.37451171875
 20
365.75915527343756
 10
1629.06591796875
 20
366.56677246093756
 10
1628.61328125
 20
367.30554199218756
 10
1628.12548828125
 20
367.84948730468756
 10
1627.55908203125
 20
368.30358886718756
 10
1626.9267578125
 20
368.66394042968756
 10
1626.24267578125
 20
368.92663574218756
 10
1625.41357421875
 20
369.10583496093756
 10
1624.56689453125
 20
369.17565917968756
 10
1623.71337890625
 20
369.17028808593756
 10
1621.72998046875
 20
369.00183105468756
 10
1604.720703125
 20
366.59167480468756
 10
1600.32177734375
 20
366.07214355468756
 10
1591.00732421875
 20
365.15270996093756
 10
1586.2529296875
 20
364.74743652343756
 10
1585.7119140625
 20
365.79870605468756
 10
1583.68505859375
 20
370.11022949218756
 10
1582.76806640625
 20
372.25817871093756
 10
1584.57861328125
 20
374.38757324218756
 10
1581.7890625
 20
374.55847167968756
 10
1581.609375
 20
375.02478027343756
 10
1583.4931640625
 20
377.08972167968756
 10
1580.7109375
 20
377.35778808593756
 10
1580.53125
 20
377.82458496093756
 10
1582.45361328125
 20
379.85388183593756
 10
1579.6767578125
 20
380.17370605468756
 10
1579.51416015625
 20
380.64636230468756
 10
1581.470703125
 20
382.64245605468756
 10
1578.69970703125
 20
383.01013183593756
 10
1577.205078125
 20
387.85729980468756
 10
1576.0703125
 20
392.10583496093756
 10
1582.8017578125
 20
392.17761230468756
 10
1586.15673828125
 20
392.14733886718756
 10
1590.361328125
 20
392.04772949218756
 10
1606.58740234375
 20
391.36560058593756
 10
1613.3671875
 20
391.14050292968756
 10
1616.5146484375
 20
391.07800292968756
 10
1623.57958984375
 20
391.06433105468756
 10
1625.1767578125
 20
391.14099121093756
 10
1626.083984375
 20
391.26306152343756
 10
1626.9638671875
 20
391.50573730468756
 10
1627.6640625
 20
391.85339355468756
 10
1628.2509765625
 20
392.36120605468756
 10
1628.56591796875
 20
392.83044433593756
 10
1628.783203125
 20
393.35339355468756
 10
1628.919921875
 20
393.90808105468756
 10
1628.9951171875
 20
394.90124511718756
 10
1628.84033203125
 20
395.88220214843756
 10
1628.5908203125
 20
396.51892089843756
 10
1628.22705078125
 20
397.09167480468756
 10
1627.75
 20
397.57556152343756
 10
1627.23193359375
 20
397.91345214843756
 10
1626.6630859375
 20
398.15808105468756
 10
1625.44482421875
 20
398.46179199218756
 10
1623.72216796875
 20
398.70056152343756
 10
1621.98583984375
 20
398.82946777343756
 10
1617.220703125
 20
399.03796386718756
 10
1605.83642578125
 20
399.64147949218756
 10
1592.19677734375
 20
400.47155761718756
 10
1582.4931640625
 20
401.10925292968756
 10
1571.98974609375
 20
401.91442871093756
 10
1571.423828125
 20
404.33679199218756
 10
1570.4931640625
 20
408.84216308593756
 10
1569.68408203125
 20
413.37145996093756
 10
1568.99169921875
 20
417.96325683593756
 10
1568.4013671875
 20
422.56921386718756
 10
1568.0234375
 20
425.90173339843756
 10
1567.5029296875
 20
431.33679199218756
  0
TEXT
  5
CD
330
17
100
AcDbEntity
  8
ANNOTATION
100
AcDbText
 10
1648.9232046793902
 20
400.5773913109592
 30
0.0
 40
12.5
  1
P05 180deg
100
AcDbText
  0
LWPOLYLINE
  5
CE
330
17
100
AcDbEntity
  8
PIECES
100
AcDbPolyline
 90
266
 70
1
 10
1827.07275390625
 20
325.10986328125
 10
1825.10791015625
 20
323.0760498046875
 10
1823.07470703125
 20
325.0403442382813
 10
1816.30322265625
 20
325.2401123046875
 10
1813.13720703125
 20
325.4088745117187
 10
1809.97802734375
 20
325.6566162109375
 10
1806.83154296875
 20
326.010009765625
 10
1803.70166015625
 20
326.496337890625
 10
1800.08544921875
 20
327.2516479492187
 10
1797.16064453125
 20
328.0133056640625
 10
1797.11474609375
 20
332.2544555664063
 10
1797.25927734375
 20
335.9949340820313
 10
1797.52294921875
 20
339.278564453125
 10
1797.91943359375
 20
342.5487060546875
 10
1798.61865234375
 20
346.6624755859375
 10
1799.50927734375
 20
350.7396240234375
 10
1800.21337890625
 20
353.49151611328125
 10
1801.00048828125
 20
356.22076416015625
 10
1802.55126953125
 20
361.2354736328125
 10
1802.97607421875
 20
362.9501953125
 10
1803.11279296875
 20
363.81646728515625
 10
1803.16845703125
 20
364.6866455078125
 10
1803.12060546875
 20
365.55926513671875
 10
1802.94970703125
 20
366.41900634765625
 10
1802.64404296875
 20
367.23419189453125
 10
1802.19091796875
 20
367.97930908203125
 10
1801.69189453125
 20
368.53143310546875
 10
1801.10888671875
 20
368.98883056640625
 10
1800.45947265625
 20
369.348876953125
 10
1799.75830078125
 20
369.6103515625
 10
1798.91064453125
 20
369.7896728515625
 10
1798.04541015625
 20
369.8594970703125
 10
1797.17431640625
 20
369.8509521484375
 10
1795.22705078125
 20
369.66650390625
 10
1786.99951171875
 20
368.31695556640625
 10
1778.27001953125
 20
366.7442626953125
 10
1773.89306640625
 20
366.0450439453125
 10
1769.50439453125
 20
365.4173583984375
 10
1764.60107421875
 20
364.776123046875
 10
1760.22509765625
 20
364.2650146484375
 10
1758.02783203125
 20
368.4730224609375
 10
1755.97705078125
 20
372.77215576171875
 10
1754.08056640625
 20
377.1434326171875
 10
1752.36962890625
 20
381.51025390625
 10
1750.81298828125
 20
385.9344482421875
 10
1749.41943359375
 20
390.39862060546875
 10
1755.49169921875
 20
390.6837158203125
 10
1758.83251953125
 20
390.7818603515625
 10
1763.30615234375
 20
390.848388671875
 10
1771.83642578125
 20
390.8458251953125
 10
1789.40185546875
 20
390.7452392578125
 10
1796.55322265625
 20
390.8270263671875
 10
1798.12451171875
 20
390.907470703125
 10
1799.09326171875
 20
391.0401611328125
 10
1800.02197265625
 20
391.32513427734375
 10
1800.71630859375
 20
391.725830078125
 10
1801.29052734375
 20
392.2808837890625
 10
1801.70751953125
 20
392.980224609375
 10
1801.94873046875
 20
393.761474609375
 10
1802.02099609375
 20
394.60137939453125
 10
1801.89208984375
 20
395.43145751953125
 10
1801.52294921875
 20
396.2279052734375
 10
1800.93994140625
 20
396.8831787109375
 10
1800.37255859375
 20
397.2591552734375
 10
1799.74365234375
 20
397.5220947265625
 10
1798.85205078125
 20
397.73284912109375
 10
1797.93994140625
 20
397.84423828125
 10
1791.30517578125
 20
398.285400390625
 10
1788.41162109375
 20
398.424072265625
 10
1778.42333984375
 20
398.7579345703125
 10
1768.74072265625
 20
399.27044677734375
 10
1755.32177734375
 20
399.837158203125
 10
1750.73095703125
 20
400.1466064453125
 10
1744.89794921875
 20
400.6815185546875
 10
1743.69873046875
 20
405.88134765625
 10
1742.99853515625
 20
409.4085693359375
 10
1745.23388671875
 20
411.085693359375
 10
1742.55126953125
 20
411.8680419921875
 10
1742.46728515625
 20
412.36090087890625
 10
1744.72119140625
 20
414.0137939453125
 10
1742.04638671875
 20
414.825439453125
 10
1741.97021484375
 20
415.3193359375
 10
1744.26025390625
 20
416.921875
 10
1741.60400390625
 20
417.7926025390625
 10
1740.89990234375
 20
422.8896484375
 10
1740.22314453125
 20
428.790283203125
 10
1745.14697265625
 20
428.2794189453125
 10
1749.71337890625
 20
427.67144775390625
 10
1753.01220703125
 20
427.1441650390625
 10
1759.58740234375
 20
425.95831298828125
 10
1766.20947265625
 20
424.70404052734375
 10
1775.05615234375
 20
422.821533203125
 10
1780.59326171875
 20
421.968994140625
 10
1781.64697265625
 20
421.84228515625
 10
1782.69775390625
 20
421.8001708984375
 10
1783.74560546875
 20
421.8929443359375
 10
1784.70556640625
 20
422.137451171875
 10
1785.61181640625
 20
422.527099609375
 10
1786.45556640625
 20
423.0457763671875
 10
1787.22314453125
 20
423.6781005859375
 10
1787.96435546875
 20
424.4857177734375
 10
1788.56982421875
 20
425.39404296875
 10
1789.01513671875
 20
426.3924560546875
 10
1789.24755859375
 20
427.2520751953125
 10
1789.37060546875
 20
428.13140869140625
 10
1789.40380859375
 20
429.02325439453125
 10
1789.36474609375
 20
429.92034912109375
 10
1789.27099609375
 20
430.8162841796875
 10
1788.89306640625
 20
433.012939453125
 10
1787.91650390625
 20
437.3140869140625
 10
1787.47998046875
 20
439.4482421875
 10
1787.12939453125
 20
441.5975341796875
 10
1786.95458984375
 20
443.118896484375
 10
1786.86083984375
 20
444.6455078125
 10
1786.86962890625
 20
446.1748046875
 10
1787.01611328125
 20
447.79681396484375
 10
1787.32275390625
 20
449.39208984375
 10
1787.80615234375
 20
450.94390869140625
 10
1788.30517578125
 20
452.086669921875
 10
1788.91064453125
 20
453.1712646484375
 10
1789.61865234375
 20
454.1895751953125
 10
1790.42333984375
 20
455.134521484375
 10
1791.32275390625
 20
455.9969482421875
 10
1792.35595703125
 20
456.80133056640625
 10
1793.46435546875
 20
457.491455078125
 10
1794.63916015625
 20
458.061767578125
 10
1795.86962890625
 20
458.5074462890625
 10
1797.22021484375
 20
458.8411865234375
 10
1798.59423828125
 20
459.0416259765625
 10
1799.98388671875
 20
459.12591552734375
 10
1801.38037109375
 20
459.11114501953125
 10
1802.77685546875
 20
459.014892578125
 10
1804.99267578125
 20
458.7359619140625
 10
1809.39599609375
 20
457.963623046875
 10
1812.35791015625
 20
457.4879150390625
 10
1815.33447265625
 20
457.118896484375
 10
1820.07177734375
 20
456.806884765625
 10
1825.47412109375
 20
456.9013671875
 10
1830.19775390625
 20
457.3782958984375
 10
1833.15966796875
 20
457.8509521484375
 10
1836.10400390625
 20
458.429931640625
 10
1840.47705078125
 20
459.355224609375
 10
1842.68212890625
 20
459.71148681640625
 10
1844.07373046875
 20
459.85662841796875
 10
1845.46923828125
 20
459.919921875
 10
1846.86083984375
 20
459.884033203125
 10
1848.24169921875
 20
459.731689453125
 10
1849.60302734375
 20
459.4454345703125
 10
1850.84814453125
 20
459.0428466796875
 10
1852.04248046875
 20
458.51385498046875
 10
1853.17333984375
 20
457.8631591796875
 10
1854.23388671875
 20
457.0953369140625
 10
1855.16259765625
 20
456.2642822265625
 10
1856.00048828125
 20
455.3485107421875
 10
1856.74365234375
 20
454.3553466796875
 10
1857.38623046875
 20
453.292236328125
 10
1857.92529296875
 20
452.167724609375
 10
1858.46240234375
 20
450.634033203125
 10
1858.82373046875
 20
449.0501708984375
 10
1859.02685546875
 20
447.4342041015625
 10
1859.08935546875
 20
445.90625
 10
1859.04931640625
 20
444.3770751953125
 10
1858.92724609375
 20
442.85089111328125
 10
1858.65283203125
 20
440.6905517578125
 10
1858.29052734375
 20
438.5426025390625
 10
1857.46435546875
 20
434.2099609375
 10
1857.16357421875
 20
432.0010986328125
 10
1857.10107421875
 20
431.102783203125
 10
1857.09326171875
 20
430.20458984375
 10
1857.15771484375
 20
429.314453125
 10
1857.31201171875
 20
428.4400634765625
 10
1857.57373046875
 20
427.5888671875
 10
1858.05322265625
 20
426.60693359375
 10
1858.68994140625
 20
425.72021484375
 10
1859.45849609375
 20
424.9390869140625
 10
1860.24951171875
 20
424.33392333984375
 10
1861.10888671875
 20
423.8448486328125
 10
1862.02880859375
 20
423.48712158203125
 10
1862.99755859375
 20
423.2763671875
 10
1864.04736328125
 20
423.22003173828125
 10
1865.09619140625
 20
423.2989501953125
 10
1869.42236328125
 20
424.06817626953125
 10
1871.64892578125
 20
424.5074462890625
 10
1880.42431640625
 20
426.69775390625
 10
1886.99853515625
 20
428.182373046875
 10
1893.52880859375
 20
429.596923828125
 10
1896.80615234375
 20
430.2388916015625
 10
1901.35009765625
 20
431.005859375
 10
1906.25244140625
 20
431.6883544921875
 10
1905.78271484375
 20
425.76776123046875
 10
1905.45654296875
 20
422.4296875
 10
1904.93701171875
 20
417.815185546875
 10
1904.31689453125
 20
413.2130126953125
 10
1903.57763671875
 20
408.6719970703125
 10
1902.56103515625
 20
403.4337158203125
 10
1896.75048828125
 20
402.6954345703125
 10
1892.17333984375
 20
402.22607421875
 10
1878.78173828125
 20
401.19140625
 10
1869.12353515625
 20
400.34130859375
 10
1859.15283203125
 20
399.6588134765625
 10
1856.26611328125
 20
399.4193115234375
 10
1849.65087890625
 20
398.7467041015625
 10
1848.74267578125
 20
398.603759765625
 10
1847.85986328125
 20
398.36181640625
 10
1847.23974609375
 20
398.0770263671875
 10
1846.68603515625
 20
397.681884765625
 10
1846.12548828125
 20
397.0067138671875
 10
1845.78466796875
 20
396.1978759765625
 10
1845.68505859375
 20
395.363525390625
 10
1845.78662109375
 20
394.526611328125
 10
1846.05517578125
 20
393.754150390625
 10
1846.49560546875
 20
393.06982421875
 10
1847.08935546875
 20
392.53533935546875
 10
1847.79638671875
 20
392.1590576171875
 10
1848.73583984375
 20
391.90667724609375
 10
1849.70849609375
 20
391.807861328125
 10
1851.28076171875
 20
391.782470703125
 10
1858.43212890625
 20
391.949951171875
 10
1875.98291015625
 20
392.66357421875
 10
1884.50732421875
 20
392.9639892578125
 10
1888.98095703125
 20
393.05322265625
 10
1892.32275390625
 20
393.072021484375
 10
1898.40185546875
 20
392.999267578125
 10
1897.16357421875
 20
388.4886474609375
 10
1895.76318359375
 20
384.01318359375
 10
1894.20556640625
 20
379.58929443359375
 10
1892.46337890625
 20
375.15460205078125
 10
1890.56298828125
 20
370.7864990234375
 10
1888.51513671875
 20
366.50439453125
 10
1884.12353515625
 20
366.86260986328125
 10
1879.19970703125
 20
367.33197021484375
 10
1874.79248046875
 20
367.8062744140625
 10
1870.39404296875
 20
368.3521728515625
 10
1861.61474609375
 20
369.619140625
 10
1853.34521484375
 20
370.680908203125
 10
1851.39306640625
 20
370.797119140625
 10
1850.52197265625
 20
370.7755126953125
 10
1849.65966796875
 20
370.6756591796875
 10
1848.81884765625
 20
370.466796875
 10
1848.12744140625
 20
370.180908203125
 10
1847.48974609375
 20
369.79840087890625
 10
1846.92431640625
 20
369.321044921875
 10
1846.44384765625
 20
368.751708984375
 10
1846.01806640625
 20
367.991455078125
 10
1845.74072265625
 20
367.16595458984375
 10
1845.60009765625
 20
366.3009033203125
 10
1845.58251953125
 20
365.4268798828125
 10
1845.66845703125
 20
364.5592041015625
 10
1845.83544921875
 20
363.69805908203125
 10
1846.31982421875
 20
361.999267578125
 10
1848.04443359375
 20
357.04193115234375
 10
1848.92724609375
 20
354.342041015625
 10
1849.72607421875
 20
351.6162109375
 10
1850.75830078125
 20
347.57232666015625
 10
1851.60107421875
 20
343.485595703125
 10
1852.11181640625
 20
340.2313232421875
 10
1852.48876953125
 20
336.958740234375
 10
1852.76416015625
 20
333.2258911132813
 10
1852.86669921875
 20
328.985595703125
 10
1849.97021484375
 20
328.1221923828125
 10
1846.38232421875
 20
327.2412719726563
 10
1843.27099609375
 20
326.64599609375
 10
1840.13916015625
 20
326.1829223632813
 10
1836.99072265625
 20
325.8250732421875
 10
1833.83154296875
 20
325.5458374023437
 10
1827.07275390625
 20
325.10986328125
  0
TEXT
  5
CF
330
17
100
AcDbEntity
  8
ANNOTATION
100
AcDbText
 10
1821.9569541529606
 20
401.4718136894972
 30
0.0
 40
12.5
  1
P06 180deg
100
AcDbText
  0
LWPOLYLINE
  5
D0
330
17
100
AcDbEntity
  8
PIECES
100
AcDbPolyline
 90
276
 70
1
 10
5.0
 20
583.9832153320312
 10
9.462890625
 20
583.6541137695312
 10
14.3955078125
 20
583.0637817382812
 10
19.1982421875
 20
582.2630004882812
 10
23.970703125
 20
581.2932739257812
 10
33.9326171875
 20
579.0515747070312
 10
44.984375
 20
576.6384887695312
 10
46.025390625
 20
576.4807739257812
 10
47.0703125
 20
576.3948364257812
 10
48.119140625
 20
576.4070434570312
 10
49.029296875
 20
576.5169067382812
 10
49.916015625
 20
576.7263793945312
 10
50.765625
 20
577.0418090820312
 10
51.5625
 20
577.4675903320312
 10
52.2919921875
 20
578.0095825195312
 10
52.880859375
 20
578.6008911132812
 10
53.380859375
 20
579.2654418945312
 10
53.7880859375
 20
579.9915161132812
 10
54.1025390625
 20
580.7669067382812
 10
54.333984375
 20
581.6472778320312
 10
54.4580078125
 20
582.5457153320312
 10
54.48828125
 20
583.4553833007812
 10
54.4404296875
 20
584.3689575195312
 10
54.326171875
 20
585.2800903320312
 10
53.904296875
 20
587.2844848632812
 10
52.712890625
 20
591.7278442382812
 10
52.1826171875
 20
594.2185668945312
 10
51.8798828125
 20
596.4646606445312
 10
51.779296875
 20
598.7273559570312
 10
51.8271484375
 20
600.0256958007812
 10
51.96484375
 20
601.3147583007812
 10
52.2060546875
 20
602.5862426757812
 10
52.5634765625
 20
603.8318481445312
 10
53.029296875
 20
605.0007934570312
 10
53.607421875
 20
606.1130981445312
 10
54.294921875
 20
607.1575317382812
 10
55.0888671875
 20
608.1253051757812
 10
55.9853515625
 20
609.0061645507812
 10
56.9296875
 20
609.7546997070312
 10
57.94140625
 20
610.4011840820312
 10
59.01171875
 20
610.9436645507812
 10
60.1318359375
 20
611.3826293945312
 10
61.2919921875
 20
611.7161254882812
 10
62.712890625
 20
611.9773559570312
 10
64.1494140625
 20
612.1013793945312
 10
65.595703125
 20
612.1096801757812
 10
67.0439453125
 20
612.0232543945312
 10
68.48974609375
 20
611.8630981445312
 10
71.51904296875
 20
611.3704223632812
 10
74.537109375
 20
610.8059692382812
 10
77.8056640625
 20
610.2815551757812
 10
81.0947265625
 20
609.9216918945312
 10
83.84228515625
 20
609.7805786132812
 10
89.19873046875
 20
609.8054809570312
 10
91.94482421875
 20
609.9719848632812
 10
95.23095703125
 20
610.3626098632812
 10
98.494140625
 20
610.9177856445312
 10
101.5068359375
 20
611.5105590820312
 10
104.53173828125
 20
612.0315551757812
 10
105.97509765625
 20
612.2048950195312
 10
107.4228515625
 20
612.3049926757812
 10
108.869140625
 20
612.3103637695312
 10
110.306640625
 20
612.1995239257812
 10
111.73046875
 20
611.9519653320312
 10
112.8935546875
 20
611.6287231445312
 10
114.01708984375
 20
611.2005004882812
 10
115.0927734375
 20
610.6677856445312
 10
116.11083984375
 20
610.0310668945312
 10
117.06201171875
 20
609.2913208007812
 10
117.966796875
 20
608.4192504882812
 10
118.76953125
 20
607.4588012695312
 10
119.46728515625
 20
606.4202270507812
 10
120.0556640625
 20
605.3137817382812
 10
120.53173828125
 20
604.1492309570312
 10
120.90087890625
 20
602.9070434570312
 10
121.15380859375
 20
601.6380004882812
 10
121.30419921875
 20
600.3499145507812
 10
121.36376953125
 20
599.0520629882812
 10
121.2841796875
 20
596.7888793945312
 10
121.00244140625
 20
594.5398559570312
 10
120.4951171875
 20
592.0442504882812
 10
119.345703125
 20
587.5901489257812
 10
118.9423828125
 20
585.5818481445312
 10
118.83740234375
 20
584.6697387695312
 10
118.79736328125
 20
583.7556762695312
 10
118.83642578125
 20
582.8464965820312
 10
118.96923828125
 20
581.9490356445312
 10
119.208984375
 20
581.0711059570312
 10
119.52978515625
 20
580.2986450195312
 10
119.9443359375
 20
579.5764770507812
 10
120.4501953125
 20
578.9168090820312
 10
121.04443359375
 20
578.3308715820312
 10
121.779296875
 20
577.7952270507812
 10
122.580078125
 20
577.3767700195312
 10
123.43212890625
 20
577.0696411132812
 10
124.3212890625
 20
576.8684692382812
 10
125.23291015625
 20
576.7669067382812
 10
126.28125
 20
576.7644653320312
 10
127.32568359375
 20
576.8606567382812
 10
128.36474609375
 20
577.0281372070312
 10
139.3935546875
 20
579.5442504882812
 10
149.33349609375
 20
581.8787231445312
 10
154.0966796875
 20
582.8928833007812
 10
158.89208984375
 20
583.7385864257812
 10
163.81884765625
 20
584.3748168945312
 10
168.27880859375
 20
584.7459106445312
 10
167.720703125
 20
579.4505004882812
 10
167.3115234375
 20
576.1218872070312
 10
166.677734375
 20
571.5217895507812
 10
165.94189453125
 20
566.9368286132812
 10
165.09033203125
 20
562.4153442382812
 10
163.98779296875
 20
557.3855590820312
 10
154.36376953125
 20
556.3240356445312
 10
144.64013671875
 20
555.4348754882812
 10
137.3544921875
 20
554.8762817382812
 10
121.1337890625
 20
553.8284301757812
 10
115.1689453125
 20
553.3469848632812
 10
113.4384765625
 20
553.2400512695312
 10
111.71484375
 20
553.0715942382812
 10
110.92138671875
 20
552.9358520507812
 10
110.15185546875
 20
552.7205200195312
 10
109.4306640625
 20
552.3836059570312
 10
108.9013671875
 20
551.9983520507812
 10
108.4580078125
 20
551.5222778320312
 10
108.12109375
 20
550.9636840820312
 10
107.91455078125
 20
550.3547973632812
 10
107.83203125
 20
549.7185668945312
 10
107.859375
 20
549.0715942382812
 10
107.9755859375
 20
548.4817504882812
 10
108.18701171875
 20
547.9251098632812
 10
108.50830078125
 20
547.4241333007812
 10
108.90771484375
 20
547.0315551757812
 10
109.3759765625
 20
546.7258911132812
 10
109.8935546875
 20
546.5022583007812
 10
110.81640625
 20
546.2937622070312
 10
111.765625
 20
546.2180786132812
 10
114.8525390625
 20
546.1990356445312
 10
117.5615234375
 20
546.2864379882812
 10
142.14013671875
 20
547.3460083007812
 10
146.39453125
 20
547.4802856445312
 10
150.64990234375
 20
547.5486450195312
 10
154.17919921875
 20
547.5462036132812
 10
159.70556640625
 20
547.4270629882812
 10
158.5322265625
 20
543.1653442382812
 10
157.13525390625
 20
538.6907348632812
 10
155.5859375
 20
534.2664184570312
 10
153.85791015625
 20
529.8264770507812
 10
151.97705078125
 20
525.4500122070312
 10
149.982421875
 20
521.2185668945312
 10
146.2294921875
 20
521.5813598632812
 10
141.31396484375
 20
522.1282348632812
 10
136.91455078125
 20
522.6731567382812
 10
132.525390625
 20
523.2942504882812
 10
123.76806640625
 20
524.7019653320312
 10
120.6123046875
 20
525.1589965820312
 10
115.587890625
 20
525.7893676757812
 10
113.71923828125
 20
525.9260864257812
 10
112.7998046875
 20
525.9378051757812
 10
111.88720703125
 20
525.8704223632812
 10
110.99560546875
 20
525.6785278320312
 10
110.30908203125
 20
525.4085083007812
 10
109.67626953125
 20
525.0388793945312
 10
109.11083984375
 20
524.5750122070312
 10
108.625
 20
524.0217895507812
 10
108.17724609375
 20
523.2786254882812
 10
107.87158203125
 20
522.4685668945312
 10
107.7021484375
 20
521.6140747070312
 10
107.662109375
 20
520.7410278320312
 10
107.732421875
 20
519.8723754882812
 10
107.88818359375
 20
519.0086059570312
 10
108.35546875
 20
517.3020629882812
 10
110.00390625
 20
512.3186645507812
 10
110.84375
 20
509.60528564453125
 10
111.6015625
 20
506.86798095703125
 10
112.57177734375
 20
502.80889892578125
 10
113.35107421875
 20
498.70928955078125
 10
113.8115234375
 20
495.44757080078125
 10
114.138671875
 20
492.16973876953125
 10
114.3564453125
 20
488.43292236328125
 10
114.39697265625
 20
485.51104736328125
 10
111.81591796875
 20
484.78448486328125
 10
108.21484375
 20
483.95880126953125
 10
105.09521484375
 20
483.41192626953125
 10
101.9560546875
 20
482.99688720703125
 10
98.802734375
 20
482.68731689453125
 10
95.64013671875
 20
482.45684814453125
 10
92.47314453125
 20
482.27862548828125
 10
89.1162109375
 20
482.13262939453125
 10
87.107421875
 20
484.12286376953125
 10
85.11767578125
 20
482.11407470703125
 10
78.5908203125
 20
482.37725830078125
 10
75.42626953125
 20
482.57843017578125
 10
72.27001953125
 20
482.85821533203125
 10
69.12744140625
 20
483.24395751953125
 10
66.0029296875
 20
483.76202392578125
 10
62.3935546875
 20
484.55401611328125
 10
59.806640625
 20
485.25616455078125
 10
59.8193359375
 20
488.17803955078125
 10
60.0029296875
 20
491.91680908203125
 10
60.298828125
 20
495.19757080078125
 10
60.728515625
 20
498.46368408203125
 10
61.4697265625
 20
502.57012939453125
 10
62.40234375
 20
506.63800048828125
 10
63.1337890625
 20
509.38262939453125
 10
63.9482421875
 20
512.1033325195312
 10
65.55078125
 20
517.1023559570312
 10
66.001953125
 20
518.8128051757812
 10
66.1494140625
 20
519.6780395507812
 10
66.2119140625
 20
520.5476684570312
 10
66.1640625
 20
521.4202270507812
 10
65.986328125
 20
522.2727661132812
 10
65.6728515625
 20
523.0803833007812
 10
65.21875
 20
523.8191528320312
 10
64.7275390625
 20
524.3674926757812
 10
64.1572265625
 20
524.8264770507812
 10
63.521484375
 20
525.1902465820312
 10
62.83203125
 20
525.4534301757812
 10
61.939453125
 20
525.6375122070312
 10
61.0263671875
 20
525.6961059570312
 10
60.1064453125
 20
525.6755981445312
 10
58.2392578125
 20
525.5217895507812
 10
53.220703125
 20
524.8445434570312
 10
50.0693359375
 20
524.3577270507812
 10
41.3251953125
 20
522.8679809570312
 10
36.9423828125
 20
522.2063598632812
 10
32.548828125
 20
521.6199340820312
 10
27.638671875
 20
521.0276489257812
 10
23.888671875
 20
520.6296997070312
 10
21.8544921875
 20
524.8421020507812
 10
19.93359375
 20
529.2009887695312
 10
19.5126953125
 20
530.2512817382812
 10
21.3701171875
 20
532.3406372070312
 10
18.5849609375
 20
532.5725708007812
 10
18.3984375
 20
533.0364379882812
 10
20.30859375
 20
535.0774536132812
 10
17.5302734375
 20
535.3806762695312
 10
16.5732421875
 20
538.0344848632812
 10
15.134765625
 20
542.4954223632812
 10
13.921875
 20
546.7463989257812
 10
19.4462890625
 20
546.9168090820312
 10
22.9755859375
 20
546.9524536132812
 10
27.2314453125
 20
546.9236450195312
 10
31.486328125
 20
546.8294067382812
 10
56.07421875
 20
545.9993286132812
 10
58.7841796875
 20
545.9368286132812
 10
61.87109375
 20
545.9851684570312
 10
62.8193359375
 20
546.0696411132812
 10
63.7392578125
 20
546.2864379882812
 10
64.2548828125
 20
546.5149536132812
 10
64.720703125
 20
546.8255004882812
 10
65.1162109375
 20
547.2219848632812
 10
65.4326171875
 20
547.7258911132812
 10
65.6396484375
 20
548.2839965820312
 10
65.75
 20
548.8748168945312
 10
65.771484375
 20
549.5217895507812
 10
65.6826171875
 20
550.1575317382812
 10
65.470703125
 20
550.7644653320312
 10
65.12890625
 20
551.3196411132812
 10
64.6806640625
 20
551.7918090820312
 10
64.1474609375
 20
552.1721801757812
 10
63.423828125
 20
552.5022583007812
 10
62.65234375
 20
552.7102661132812
 10
61.857421875
 20
552.8386840820312
 10
60.1318359375
 20
552.9910278320312
 10
58.400390625
 20
553.0818481445312
 10
52.431640625
 20
553.5076293945312
 10
36.2021484375
 20
554.4041137695312
 10
28.9111328125
 20
554.8948364257812
 10
19.1796875
 20
555.6931762695312
 10
9.5458984375
 20
556.6643676757812
 10
8.396484375
 20
561.6834106445312
 10
7.5029296875
 20
566.1965942382812
 10
6.724609375
 20
570.7747192382812
 10
6.0478515625
 20
575.3689575195312
 10
5.607421875
 20
578.6936645507812
 10
5.0
 20
583.9832153320312
  0
TEXT
  5
D1
330
17
100
AcDbEntity
  8
ANNOTATION
100
AcDbText
 10
85.27785856827445
 20
555.3805701214334
 30
0.0
 40
12.5
  1
P07 180deg
100
AcDbText
  0
LWPOLYLINE
  5
D2
330
17
100
AcDbEntity
  8
PIECES
100
AcDbPolyline
 90
265
 70
1
 10
173.27880859375
 20
582.6834106445312
 10
177.27978515625
 20
582.2537231445312
 10
179.94287109375
 20
581.9070434570312
 10
183.04736328125
 20
581.4461059570312
 10
186.14111328125
 20
580.9207153320312
 10
189.25439453125
 20
580.3211059570312
 10
192.35498046875
 20
579.6560668945312
 10
206.63037109375
 20
576.2766723632812
 10
211.18896484375
 20
575.2874145507812
 10
212.55712890625
 20
575.0471801757812
 10
213.93310546875
 20
574.8875122070312
 10
215.31591796875
 20
574.8621215820312
 10
216.18115234375
 20
574.9382934570312
 10
217.03076171875
 20
575.0979614257812
 10
217.85009765625
 20
575.3518676757812
 10
218.62451171875
 20
575.7102661132812
 10
219.33935546875
 20
576.1843872070312
 10
220.01220703125
 20
576.8142700195312
 10
220.56787109375
 20
577.5437622070312
 10
221.00537109375
 20
578.3533325195312
 10
221.32373046875
 20
579.2234497070312
 10
221.52294921875
 20
580.1282348632812
 10
221.61376953125
 20
581.0476684570312
 10
221.61669921875
 20
581.9763793945312
 10
221.43701171875
 20
583.8367309570312
 10
221.06689453125
 20
585.9319458007812
 10
220.19482421875
 20
590.0994262695312
 10
219.88427734375
 20
592.0051879882812
 10
219.68310546875
 20
593.9231567382812
 10
219.62060546875
 20
595.8508911132812
 10
219.69091796875
 20
597.3963012695312
 10
219.89404296875
 20
598.9260864257812
 10
220.25927734375
 20
600.4255981445312
 10
220.72412109375
 20
601.6838989257812
 10
221.32470703125
 20
602.8777465820312
 10
222.05810546875
 20
603.9934692382812
 10
222.92236328125
 20
605.0164184570312
 10
223.84130859375
 20
605.8733520507812
 10
224.84423828125
 20
606.6189575195312
 10
225.91943359375
 20
607.2542114257812
 10
227.05517578125
 20
607.7825317382812
 10
228.24072265625
 20
608.2053833007812
 10
229.46337890625
 20
608.5247192382812
 10
231.11767578125
 20
608.7927856445312
 10
232.78759765625
 20
608.9016723632812
 10
234.46630859375
 20
608.8762817382812
 10
236.14208984375
 20
608.7415161132812
 10
238.21630859375
 20
608.4592895507812
 10
244.61669921875
 20
607.2615356445312
 10
246.90576171875
 20
606.8860473632812
 10
249.20947265625
 20
606.6165161132812
 10
251.77001953125
 20
606.4827270507812
 10
254.11865234375
 20
606.5037231445312
 10
256.46435546875
 20
606.4446411132812
 10
259.02685546875
 20
606.5364379882812
 10
261.33447265625
 20
606.7688598632812
 10
263.63037109375
 20
607.1067504882812
 10
270.04833984375
 20
608.2005004882812
 10
272.12744140625
 20
608.4485473632812
 10
273.80615234375
 20
608.5559692382812
 10
275.48388671875
 20
608.5540161132812
 10
277.15283203125
 20
608.4182739257812
 10
278.80224609375
 20
608.1233520507812
 10
280.01904296875
 20
607.7839965820312
 10
281.19677734375
 20
607.3421020507812
 10
282.32470703125
 20
606.7957153320312
 10
283.38916015625
 20
606.1423950195312
 10
284.38037109375
 20
605.3811645507812
 10
285.28564453125
 20
604.5090942382812
 10
286.13232421875
 20
603.4719848632812
 10
286.84814453125
 20
602.3445434570312
 10
287.42822265625
 20
601.1409301757812
 10
287.87255859375
 20
599.8753051757812
 10
288.21337890625
 20
598.3704223632812
 10
288.39208984375
 20
596.8372192382812
 10
288.43701171875
 20
595.2908325195312
 10
288.34326171875
 20
593.3645629882812
 10
288.11083984375
 20
591.4500122070312
 10
287.76904296875
 20
589.5496215820312
 10
286.82958984375
 20
585.3967895507812
 10
286.42529296875
 20
583.3079223632812
 10
286.21533203125
 20
581.4505004882812
 10
286.20361328125
 20
580.5222778320312
 10
286.27978515625
 20
579.6013793945312
 10
286.46337890625
 20
578.6931762695312
 10
286.76806640625
 20
577.8181762695312
 10
287.19189453125
 20
577.0017700195312
 10
287.73583984375
 20
576.2634887695312
 10
288.39794921875
 20
575.6223754882812
 10
289.10595703125
 20
575.1370239257812
 10
289.87451171875
 20
574.7659301757812
 10
290.68896484375
 20
574.4983520507812
 10
291.53564453125
 20
574.3250122070312
 10
292.39990234375
 20
574.2351684570312
 10
293.78271484375
 20
574.2376098632812
 10
295.16064453125
 20
574.3753051757812
 10
296.53271484375
 20
574.5930786132812
 10
301.10791015625
 20
575.5081176757812
 10
315.43603515625
 20
578.6546020507812
 10
318.54638671875
 20
579.2693481445312
 10
321.66943359375
 20
579.8176879882812
 10
324.77099609375
 20
580.2932739257812
 10
327.88232421875
 20
580.7034301757812
 10
330.55126953125
 20
581.0061645507812
 10
334.55908203125
 20
581.3709106445312
 10
334.31591796875
 20
578.9143676757812
 10
333.91748046875
 20
575.5838012695312
 10
333.44580078125
 20
572.2630004882812
 10
332.66845703125
 20
567.6624145507812
 10
331.78466796875
 20
563.0808715820312
 10
330.85400390625
 20
558.6248168945312
 10
329.99365234375
 20
554.8001098632812
 10
325.23291015625
 20
554.3635864257812
 10
320.59326171875
 20
553.9949340820312
 10
311.10498046875
 20
553.3674926757812
 10
303.73193359375
 20
552.7820434570312
 10
300.63720703125
 20
552.6174926757812
 10
290.51513671875
 20
552.2234497070312
 10
281.47314453125
 20
551.7522583007812
 10
277.30712890625
 20
551.3723754882812
 10
276.56787109375
 20
551.2454223632812
 10
275.85986328125
 20
551.0100708007812
 10
275.00634765625
 20
550.4221801757812
 10
274.63330078125
 20
549.9202270507812
 10
274.38134765625
 20
549.3455200195312
 10
274.23291015625
 20
548.6804809570312
 10
274.20556640625
 20
548.0012817382812
 10
274.28857421875
 20
547.3220825195312
 10
274.43896484375
 20
546.7644653320312
 10
274.67236328125
 20
546.2415161132812
 10
275.00341796875
 20
545.7752075195312
 10
275.48779296875
 20
545.3523559570312
 10
276.05810546875
 20
545.0520629882812
 10
276.70654296875
 20
544.8660278320312
 10
277.37939453125
 20
544.7791137695312
 10
280.99267578125
 20
544.6892700195312
 10
286.49169921875
 20
544.7678833007812
 10
304.15966796875
 20
545.3430786132812
 10
312.17236328125
 20
545.5203247070312
 10
320.07275390625
 20
545.5310668945312
 10
325.78173828125
 20
545.4177856445312
 10
324.26123046875
 20
540.5130004882812
 10
322.70849609375
 20
536.0901489257812
 10
321.00634765625
 20
531.7224731445312
 10
319.12353515625
 20
527.3460083007812
 10
317.09130859375
 20
523.0379028320312
 10
315.77197265625
 20
520.4749145507812
 10
303.44189453125
 20
522.0037231445312
 10
298.93310546875
 20
522.6023559570312
 10
287.22509765625
 20
524.2942504882812
 10
284.18115234375
 20
524.6707153320312
 10
282.19970703125
 20
524.8518676757812
 10
280.21337890625
 20
524.9456176757812
 10
279.24853515625
 20
524.9431762695312
 10
278.28759765625
 20
524.8762817382812
 10
277.34228515625
 20
524.7097778320312
 10
276.65869140625
 20
524.5017700195312
 10
276.01123046875
 20
524.2127075195312
 10
275.41650390625
 20
523.8352661132812
 10
274.89111328125
 20
523.3616333007812
 10
274.42822265625
 20
522.7483520507812
 10
274.09033203125
 20
522.0623168945312
 10
273.87451171875
 20
521.3245239257812
 10
273.77685546875
 20
520.5554809570312
 10
273.80322265625
 20
519.6570434570312
 10
273.95068359375
 20
518.7717895507812
 10
274.18603515625
 20
517.8972778320312
 10
275.57763671875
 20
513.6702270507812
 10
277.03466796875
 20
508.40557861328125
 10
277.70263671875
 20
505.64483642578125
 10
278.52978515625
 20
501.55450439453125
 10
279.15869140625
 20
497.42901611328125
 10
279.50244140625
 20
494.15264892578125
 10
279.71142578125
 20
490.86505126953125
 10
279.79541015625
 20
487.12286376953125
 10
279.75048828125
 20
485.07745361328125
 10
278.07177734375
 20
484.62823486328125
 10
274.46435546875
 20
483.82745361328125
 10
270.78076171875
 20
483.17510986328125
 10
267.07177734375
 20
482.68292236328125
 10
262.94482421875
 20
482.32159423828125
 10
258.80615234375
 20
482.13653564453125
 10
255.10595703125
 20
482.11407470703125
 10
253.12255859375
 20
484.13018798828125
 10
251.10595703125
 20
482.14630126953125
 10
247.40673828125
 20
482.22882080078125
 10
243.27099609375
 20
482.48175048828125
 10
239.14990234375
 20
482.90997314453125
 10
235.45068359375
 20
483.46270751953125
 10
231.77783203125
 20
484.17510986328125
 10
228.18408203125
 20
485.03399658203125
 10
226.51220703125
 20
485.51055908203125
 10
226.50146484375
 20
487.55645751953125
 10
226.64599609375
 20
491.29718017578125
 10
226.90869140625
 20
494.58087158203125
 10
227.30517578125
 20
497.85089111328125
 10
228.00146484375
 20
501.96563720703125
 10
228.89501953125
 20
506.04229736328125
 10
229.60693359375
 20
508.79132080078125
 10
231.14990234375
 20
514.0320434570312
 10
232.61083984375
 20
518.2356567382812
 10
232.85986328125
 20
519.1062622070312
 10
233.02197265625
 20
519.9885864257812
 10
233.06298828125
 20
520.8870239257812
 10
232.97705078125
 20
521.6575317382812
 10
232.77392578125
 20
522.3987426757812
 10
232.44775390625
 20
523.0896606445312
 10
231.99365234375
 20
523.7107543945312
 10
231.47705078125
 20
524.1926879882812
 10
230.88818359375
 20
524.5798950195312
 10
230.24560546875
 20
524.8792114257812
 10
229.56591796875
 20
525.0984497070312
 10
228.62255859375
 20
525.2805786132812
 10
227.66357421875
 20
525.3630981445312
 10
226.69873046875
 20
525.3811645507812
 10
224.71044921875
 20
525.3196411132812
 10
222.72705078125
 20
525.1707153320312
 10
219.67626953125
 20
524.8435668945312
 10
207.94384765625
 20
523.3430786132812
 10
203.42529296875
 20
522.8176879882812
 10
191.07275390625
 20
521.4895629882812
 10
189.79443359375
 20
524.0735473632812
 10
187.83251953125
 20
528.4143676757812
 10
186.02197265625
 20
532.8206176757812
 10
185.46240234375
 20
534.3274536132812
 10
187.37060546875
 20
536.3694458007812
 10
184.59228515625
 20
536.6712036132812
 10
182.90966796875
 20
541.6633911132812
 10
181.47021484375
 20
546.5921020507812
 10
187.17919921875
 20
546.6126098632812
 10
190.75244140625
 20
546.5725708007812
 10
199.40185546875
 20
546.3240356445312
 10
220.74365234375
 20
545.3025512695312
 10
226.24072265625
 20
545.1350708007812
 10
229.85498046875
 20
545.1658325195312
 10
230.52880859375
 20
545.2420043945312
 10
231.18017578125
 20
545.4168090820312
 10
231.75537109375
 20
545.7083129882812
 10
232.24755859375
 20
546.1233520507812
 10
232.58544921875
 20
546.5842895507812
 10
232.82763671875
 20
547.1028442382812
 10
232.98681640625
 20
547.6585083007812
 10
233.08056640625
 20
548.3362426757812
 10
233.06494140625
 20
549.0154418945312
 10
232.92724609375
 20
549.6824340820312
 10
232.68408203125
 20
550.2615356445312
 10
232.31982421875
 20
550.7693481445312
 10
231.47509765625
 20
551.3709106445312
 10
230.77099609375
 20
551.6179809570312
 10
230.03369140625
 20
551.7571411132812
 10
225.87451171875
 20
552.2048950195312
 10
216.84228515625
 20
552.8225708007812
 10
206.72802734375
 20
553.3816528320312
 10
203.63623046875
 20
553.5964965820312
 10
196.27392578125
 20
554.3020629882812
 10
186.79638671875
 20
555.0833129882812
 10
182.16455078125
 20
555.5276489257812
 10
177.41064453125
 20
556.0413208007812
 10
176.61279296875
 20
559.8801879882812
 10
175.75439453125
 20
564.3504028320312
 10
174.94580078125
 20
568.9461059570312
 10
174.24365234375
 20
573.5584106445312
 10
173.82568359375
 20
576.8865356445312
 10
173.48193359375
 20
580.2229614257812
 10
173.27880859375
 20
582.6834106445312
  0
TEXT
  5
D3
330
17
100
AcDbEntity
  8
ANNOTATION
100
AcDbText
 10
252.85641398879716
 20
554.7563082713001
 30
0.0
 40
12.5
  1
P08 180deg
100
AcDbText
  0
LWPOLYLINE
  5
D4
330
17
100
AcDbEntity
  8
PIECES
100
AcDbPolyline
 90
254
 70
1
 10
339.55908203125
 20
578.1375122070312
 10
344.33935546875
 20
577.4592895507812
 10
348.33740234375
 20
576.8386840820312
 10
352.84912109375
 20
576.0803833007812
 10
361.92431640625
 20
574.4392700195312
 10
366.48681640625
 20
573.5681762695312
 10
375.69287109375
 20
571.7210083007812
 10
377.83447265625
 20
571.3645629882812
 10
379.13623046875
 20
571.2180786132812
 10
380.44091796875
 20
571.1682739257812
 10
381.74169921875
 20
571.2620239257812
 10
382.70361328125
 20
571.4519653320312
 10
383.62939453125
 20
571.7581176757812
 10
384.49658203125
 20
572.1912231445312
 10
385.28369140625
 20
572.7625122070312
 10
385.96728515625
 20
573.4763793945312
 10
386.51806640625
 20
574.2947387695312
 10
386.93701171875
 20
575.1936645507812
 10
387.21728515625
 20
576.1194458007812
 10
387.37841796875
 20
577.0715942382812
 10
387.43505859375
 20
578.0388793945312
 10
387.39990234375
 20
579.0110473632812
 10
387.21630859375
 20
580.4158325195312
 10
386.60107421875
 20
583.1882934570312
 10
385.66552734375
 20
587.7171020507812
 10
385.43603515625
 20
589.2439575195312
 10
385.28857421875
 20
590.7786254882812
 10
385.25927734375
 20
592.3191528320312
 10
385.34912109375
 20
593.5969848632812
 10
385.55126953125
 20
594.8582153320312
 10
385.87158203125
 20
596.0930786132812
 10
386.31689453125
 20
597.2913208007812
 10
386.89501953125
 20
598.4465942382812
 10
387.59326171875
 20
599.5276489257812
 10
388.40771484375
 20
600.5242309570312
 10
389.33056640625
 20
601.4265747070312
 10
390.33447265625
 20
602.2088012695312
 10
391.41357421875
 20
602.8753051757812
 10
392.55810546875
 20
603.4251098632812
 10
393.75732421875
 20
603.8552856445312
 10
394.95166015625
 20
604.1565551757812
 10
396.16552734375
 20
604.3533325195312
 10
397.39404296875
 20
604.4592895507812
 10
398.62939453125
 20
604.4876098632812
 10
399.86669921875
 20
604.4524536132812
 10
402.08349609375
 20
604.2693481445312
 10
409.38916015625
 20
603.2400512695312
 10
412.29443359375
 20
602.9241333007812
 10
415.81103515625
 20
602.7473754882812
 10
422.22216796875
 20
602.7781372070312
 10
425.73779296875
 20
602.9885864257812
 10
428.63916015625
 20
603.3323364257812
 10
435.93408203125
 20
604.4314575195312
 10
438.14990234375
 20
604.6360473632812
 10
439.38720703125
 20
604.6829223632812
 10
440.62255859375
 20
604.6663208007812
 10
441.85107421875
 20
604.5720825195312
 10
443.06787109375
 20
604.3875122070312
 10
444.26513671875
 20
604.0974731445312
 10
445.46728515625
 20
603.6785278320312
 10
446.61767578125
 20
603.1399536132812
 10
447.70361328125
 20
602.4837036132812
 10
448.71435546875
 20
601.7112426757812
 10
449.64599609375
 20
600.8176879882812
 10
450.47021484375
 20
599.8289184570312
 10
451.17919921875
 20
598.7546997070312
 10
451.76708984375
 20
597.6052856445312
 10
452.22412109375
 20
596.4114379882812
 10
452.55712890625
 20
595.1795043945312
 10
452.77099609375
 20
593.9202270507812
 10
452.87255859375
 20
592.6433715820312
 10
452.85791015625
 20
591.1028442382812
 10
452.72509765625
 20
589.5667114257812
 10
452.51123046875
 20
588.0374145507812
 10
451.61865234375
 20
583.5003051757812
 10
451.02978515625
 20
580.7214965820312
 10
450.85986328125
 20
579.3147583007812
 10
450.83447265625
 20
578.3425903320312
 10
450.89990234375
 20
577.3757934570312
 10
451.07080078125
 20
576.4255981445312
 10
451.35986328125
 20
575.5022583007812
 10
451.78662109375
 20
574.6077270507812
 10
452.34521484375
 20
573.7942504882812
 10
453.03564453125
 20
573.0872192382812
 10
453.82861328125
 20
572.5232543945312
 10
454.69970703125
 20
572.0984497070312
 10
455.62841796875
 20
571.8015747070312
 10
456.59228515625
 20
571.6209106445312
 10
457.89404296875
 20
571.5398559570312
 10
459.19775390625
 20
571.6018676757812
 10
460.49853515625
 20
571.7605590820312
 10
462.63623046875
 20
572.1375122070312
 10
471.82373046875
 20
574.0725708007812
 10
476.37841796875
 20
574.9876098632812
 10
485.43701171875
 20
576.7156372070312
 10
489.94189453125
 20
577.5173950195312
 10
493.93310546875
 20
578.1765747070312
 10
498.70751953125
 20
578.9002075195312
 10
498.40283203125
 20
575.8655395507812
 10
498.01416015625
 20
572.5344848632812
 10
497.56396484375
 20
569.2107543945312
 10
496.82177734375
 20
564.5193481445312
 10
496.00341796875
 20
559.8396606445312
 10
494.71044921875
 20
552.8142700195312
 10
482.03564453125
 20
551.7171020507812
 10
477.14404296875
 20
551.3567504882812
 10
469.61767578125
 20
550.9212036132812
 10
456.40869140625
 20
550.0657348632812
 10
447.53076171875
 20
549.3963012695312
 10
444.02294921875
 20
549.0300903320312
 10
443.29736328125
 20
548.9197387695312
 10
442.58544921875
 20
548.7590942382812
 10
441.90185546875
 20
548.5086059570312
 10
441.32275390625
 20
548.1775512695312
 10
440.82666015625
 20
547.7429809570312
 10
440.45458984375
 20
547.2009887695312
 10
440.24560546875
 20
546.5774536132812
 10
440.19091796875
 20
545.9197387695312
 10
440.25244140625
 20
545.2522583007812
 10
440.37939453125
 20
544.6804809570312
 10
440.59130859375
 20
544.1428833007812
 10
440.91357421875
 20
543.6653442382812
 10
441.34228515625
 20
543.2903442382812
 10
441.84619140625
 20
543.0203247070312
 10
442.39404296875
 20
542.8411254882812
 10
443.24267578125
 20
542.7127075195312
 10
444.10302734375
 20
542.6843872070312
 10
455.91650390625
 20
542.9119262695312
 10
470.29541015625
 20
543.2966918945312
 10
482.63427734375
 20
543.6941528320312
 10
490.46533203125
 20
543.8372192382812
 10
489.20361328125
 20
539.7717895507812
 10
487.66259765625
 20
535.3450317382812
 10
485.97119140625
 20
530.9724731445312
 10
484.10009765625
 20
526.5911254882812
 10
482.07861328125
 20
522.2776489257812
 10
480.78173828125
 20
519.7429809570312
 10
478.48291015625
 20
519.9031372070312
 10
473.92041015625
 20
520.3001098632812
 10
470.46240234375
 20
520.6541137695312
 10
464.01611328125
 20
521.4290161132812
 10
455.63134765625
 20
522.5608520507812
 10
450.41357421875
 20
523.1301879882812
 10
445.69970703125
 20
523.5642700195312
 10
444.73583984375
 20
523.6062622070312
 10
443.77392578125
 20
523.5896606445312
 10
442.82080078125
 20
523.4744262695312
 10
442.12060546875
 20
523.3005981445312
 10
441.45556640625
 20
523.0383911132812
 10
440.84423828125
 20
522.6785278320312
 10
440.30712890625
 20
522.2107543945312
 10
439.90771484375
 20
521.6965942382812
 10
439.60791015625
 20
521.1248168945312
 10
439.40380859375
 20
520.5100708007812
 10
439.29052734375
 20
519.8665161132812
 10
439.26416015625
 20
519.2073364257812
 10
439.35205078125
 20
518.3406372070312
 10
439.55029296875
 20
517.4929809570312
 10
439.82470703125
 20
516.6589965820312
 10
440.46337890625
 20
515.0086059570312
 10
441.31884765625
 20
512.4656372070312
 10
442.81884765625
 20
507.07501220703125
 10
443.51123046875
 20
504.24932861328125
 10
444.27197265625
 20
500.33770751953125
 10
444.85205078125
 20
496.39483642578125
 10
445.17626953125
 20
493.61553955078125
 10
445.42919921875
 20
490.82891845703125
 10
445.59326171875
 20
488.27423095703125
 10
445.69970703125
 20
485.13116455078125
 10
442.13134765625
 20
484.29620361328125
 10
438.57373046875
 20
483.62921142578125
 10
434.58056640625
 20
483.07696533203125
 10
430.56787109375
 20
482.67852783203125
 10
426.61279296875
 20
482.38555908203125
 10
421.59423828125
 20
482.13311767578125
 10
419.58544921875
 20
484.12286376953125
 10
417.59619140625
 20
482.11407470703125
 10
412.57470703125
 20
482.31817626953125
 10
408.61767578125
 20
482.57354736328125
 10
404.60107421875
 20
482.93341064453125
 10
400.60205078125
 20
483.44708251953125
 10
397.03857421875
 20
484.08038330078125
 10
393.46240234375
 20
484.88067626953125
 10
393.53955078125
 20
488.02471923828125
 10
393.67822265625
 20
490.58087158203125
 10
393.90380859375
 20
493.36993408203125
 10
394.20263671875
 20
496.15216064453125
 10
394.74462890625
 20
500.10040283203125
 10
395.46728515625
 20
504.01885986328125
 10
396.13330078125
 20
506.85137939453125
 10
397.58154296875
 20
512.2561645507812
 10
398.41259765625
 20
514.8069458007812
 10
399.03466796875
 20
516.4636840820312
 10
399.30126953125
 20
517.3001098632812
 10
399.49169921875
 20
518.1492309570312
 10
399.57080078125
 20
519.0173950195312
 10
399.53857421875
 20
519.6755981445312
 10
399.41943359375
 20
520.3186645507812
 10
399.20947265625
 20
520.9314575195312
 10
398.90380859375
 20
521.5003051757812
 10
398.49951171875
 20
522.0105590820312
 10
397.95849609375
 20
522.4729614257812
 10
397.34326171875
 20
522.8269653320312
 10
396.67529296875
 20
523.0828247070312
 10
395.97314453125
 20
523.2498168945312
 10
395.01904296875
 20
523.3562622070312
 10
394.05810546875
 20
523.3630981445312
 10
393.09423828125
 20
523.3118286132812
 10
388.38525390625
 20
522.8328247070312
 10
383.17236328125
 20
522.2136840820312
 10
374.79931640625
 20
521.0017700195312
 10
368.36083984375
 20
520.1648559570312
 10
364.90576171875
 20
519.7776489257812
 10
360.34814453125
 20
519.3367309570312
 10
358.05029296875
 20
519.1546020507812
 10
356.72900390625
 20
521.6770629882812
 10
354.66650390625
 20
525.9710083007812
 10
352.75341796875
 20
530.3342895507812
 10
351.02001953125
 20
534.6902465820312
 10
349.43701171875
 20
539.1018676757812
 10
348.13623046875
 20
543.1550903320312
 10
355.96826171875
 20
543.0872192382812
 10
368.31005859375
 20
542.8079223632812
 10
382.69287109375
 20
542.5613403320312
 10
394.50732421875
 20
542.4465942382812
 10
395.36767578125
 20
542.4832153320312
 10
396.21435546875
 20
542.6199340820312
 10
396.76123046875
 20
542.8045043945312
 10
397.26220703125
 20
543.0794067382812
 10
397.68701171875
 20
543.4583129882812
 10
398.00537109375
 20
543.9387817382812
 10
398.21142578125
 20
544.4788208007812
 10
398.33349609375
 20
545.0515747070312
 10
398.38818359375
 20
545.7195434570312
 10
398.32763671875
 20
546.3767700195312
 10
398.11279296875
 20
546.9978637695312
 10
397.73486328125
 20
547.5364379882812
 10
397.23486328125
 20
547.9661254882812
 10
396.65283203125
 20
548.2918090820312
 10
395.96728515625
 20
548.5354614257812
 10
395.25341796875
 20
548.6897583007812
 10
394.52685546875
 20
548.7927856445312
 10
391.01513671875
 20
549.1253051757812
 10
382.13134765625
 20
549.7097778320312
 10
368.91455078125
 20
550.4387817382812
 10
361.38525390625
 20
550.8020629882812
 10
356.49072265625
 20
551.1155395507812
 10
343.80517578125
 20
552.0911254882812
 10
342.44482421875
 20
559.1038208007812
 10
341.58251953125
 20
563.7752075195312
 10
340.79541015625
 20
568.4597778320312
 10
340.31298828125
 20
571.7786254882812
 10
339.89208984375
 20
575.1062622070312
 10
339.55908203125
 20
578.1375122070312
  0
TEXT
  5
D5
330
17
100
AcDbEntity
  8
ANNOTATION
100
AcDbText
 10
418.95095272514766
 20
551.1309396338276
 30
0.0
 40
12.5
  1
P09 180deg
100
AcDbText
  0
LWPOLYLINE
  5
D6
330
17
100
AcDbEntity
  8
PIECES
100
AcDbPolyline
 90
278
 70
1
 10
681.72412109375
 20
517.3939208984375
 10
674.47119140625
 20
518.6967163085938
 10
669.5791015625
 20
519.6422729492188
 10
648.2958984375
 20
524.1001586914062
 10
641.84765625
 20
525.38232421875
 10
639.5498046875
 20
525.71240234375
 10
638.14404296875
 20
525.8148193359375
 10
636.7392578125
 20
525.796142578125
 10
635.34765625
 20
525.6151123046875
 10
634.4765625
 20
525.3977661132812
 10
633.6357421875
 20
525.0968627929688
 10
632.837890625
 20
524.7103271484375
 10
632.09521484375
 20
524.2349243164062
 10
631.42138671875
 20
523.6679077148438
 10
630.828125
 20
523.0075073242188
 10
630.3271484375
 20
522.2510986328125
 10
629.93896484375
 20
521.4380493164062
 10
629.65380859375
 20
520.5808715820312
 10
629.45947265625
 20
519.6911010742188
 10
629.3466796875
 20
518.7798461914062
 10
629.3046875
 20
517.8595581054688
 10
629.37255859375
 20
516.2354736328125
 10
629.57958984375
 20
514.6221313476562
 10
629.875
 20
513.0186157226562
 10
630.57177734375
 20
509.83404541015625
 10
631.96533203125
 20
503.7294921875
 10
632.474609375
 20
500.77362060546875
 10
632.65966796875
 20
499.04412841796875
 10
632.7294921875
 20
497.30926513671875
 10
632.6533203125
 20
495.57476806640625
 10
632.48095703125
 20
494.278564453125
 10
632.205078125
 20
493.0035400390625
 10
631.82177734375
 20
491.75738525390625
 10
631.32861328125
 20
490.54791259765625
 10
630.74267578125
 20
489.41790771484375
 10
630.05615234375
 20
488.3515625
 10
629.2724609375
 20
487.35772705078125
 10
628.39404296875
 20
486.4462890625
 10
627.42333984375
 20
485.62603759765625
 10
626.3330078125
 20
484.88519287109375
 10
625.17431640625
 20
484.26129150390625
 10
623.958984375
 20
483.75177001953125
 10
622.69970703125
 20
483.354736328125
 10
621.04541015625
 20
483.0050048828125
 10
619.36669921875
 20
482.81158447265625
 10
617.673828125
 20
482.74737548828125
 10
615.97607421875
 20
482.7841796875
 10
613.7578125
 20
482.9407958984375
 10
611.546875
 20
483.18011474609375
 10
603.45458984375
 20
484.18402099609375
 10
600.66455078125
 20
484.4532470703125
 10
597.86767578125
 20
484.63299560546875
 10
594.8857421875
 20
484.6922607421875
 10
593.5244140625
 20
484.66021728515625
 10
593.134765625
 20
483.85491943359375
 10
592.724609375
 20
484.649658203125
 10
591.36181640625
 20
484.64691162109375
 10
588.38232421875
 20
484.5103759765625
 10
585.5908203125
 20
484.25848388671875
 10
582.80859375
 20
483.91741943359375
 10
574.7451171875
 20
482.7047119140625
 10
572.54052734375
 20
482.40838623046875
 10
570.32763671875
 20
482.19439697265625
 10
568.63134765625
 20
482.11407470703125
 10
566.93701171875
 20
482.13427734375
 10
565.25390625
 20
482.28411865234375
 10
563.59130859375
 20
482.59112548828125
 10
562.32177734375
 20
482.95526123046875
 10
561.09423828125
 20
483.43341064453125
 10
559.919921875
 20
484.02728271484375
 10
558.810546875
 20
484.73944091796875
 10
557.8193359375
 20
485.53424072265625
 10
556.91748046875
 20
486.42291259765625
 10
556.1083984375
 20
487.39630126953125
 10
555.39453125
 20
488.44451904296875
 10
554.779296875
 20
489.5589599609375
 10
554.25537109375
 20
490.75506591796875
 10
553.83984375
 20
491.99114990234375
 10
553.53076171875
 20
493.25897216796875
 10
553.32568359375
 20
494.54998779296875
 10
553.2041015625
 20
496.28155517578125
 10
553.2294921875
 20
498.01806640625
 10
553.36962890625
 20
499.75177001953125
 10
553.802734375
 20
502.7197265625
 10
555.0380859375
 20
508.85797119140625
 10
555.65234375
 20
512.0595703125
 10
555.90625
 20
513.6702270507812
 10
556.0712890625
 20
515.28857421875
 10
556.09716796875
 20
516.9132690429688
 10
556.03125
 20
517.8327026367188
 10
555.89501953125
 20
518.7406005859375
 10
555.67822265625
 20
519.6251220703125
 10
555.37060546875
 20
520.4749145507812
 10
554.96142578125
 20
521.2774047851562
 10
554.44091796875
 20
522.0204467773438
 10
553.8310546875
 20
522.6655883789062
 10
553.142578125
 20
523.2147216796875
 10
552.38818359375
 20
523.6708374023438
 10
551.58056640625
 20
524.0366821289062
 10
550.73193359375
 20
524.3158569335938
 10
549.85546875
 20
524.5105590820312
 10
548.4599609375
 20
524.6557006835938
 10
547.05517578125
 20
524.6380004882812
 10
545.65234375
 20
524.4992065429688
 10
543.36376953125
 20
524.1101684570312
 10
536.95068359375
 20
522.6615600585938
 10
515.7900390625
 20
517.6552124023438
 10
510.923828125
 20
516.5838012695312
 10
503.70751953125
 20
515.0939331054688
 10
503.77490234375
 20
517.1505737304688
 10
504.0869140625
 20
522.0459594726562
 10
504.55029296875
 20
526.9292602539062
 10
505.1337890625
 20
531.5499877929688
 10
505.82421875
 20
536.156494140625
 10
506.57763671875
 20
540.6942749023438
 10
507.4013671875
 20
545.2200927734375
 10
507.8544921875
 20
547.4871215820312
 10
518.39404296875
 20
548.2786254882812
 10
522.38623046875
 20
548.6359252929688
 10
535.40869140625
 20
549.9117431640625
 10
545.6201171875
 20
550.779541015625
 10
552.05322265625
 20
551.4246215820312
 10
562.5048828125
 20
552.5906372070312
 10
563.7431640625
 20
552.8153686523438
 10
564.95703125
 20
553.1422729492188
 10
565.72802734375
 20
553.43359375
 10
566.4580078125
 20
553.8077392578125
 10
567.12451171875
 20
554.2838134765625
 10
567.6044921875
 20
554.759521484375
 10
568.00146484375
 20
555.3031616210938
 10
568.30078125
 20
555.9071044921875
 10
568.48974609375
 20
556.5550537109375
 10
568.5703125
 20
557.2245483398438
 10
568.55419921875
 20
557.902099609375
 10
568.4052734375
 20
558.7418823242188
 10
568.1005859375
 20
559.5364990234375
 10
567.6220703125
 20
560.2582397460938
 10
566.99462890625
 20
560.8557739257812
 10
566.32177734375
 20
561.2708740234375
 10
565.587890625
 20
561.5696411132812
 10
564.8173828125
 20
561.7754516601562
 10
563.634765625
 20
561.9569702148438
 10
562.4384765625
 20
562.0293579101562
 10
561.23681640625
 20
562.0367431640625
 10
549.74072265625
 20
561.7291259765625
 10
534.1728515625
 20
561.0999145507812
 10
513.49169921875
 20
560.3501586914062
 10
514.58935546875
 20
564.4837036132812
 10
515.912109375
 20
569.0226440429688
 10
517.01123046875
 20
572.5223388671875
 10
518.18505859375
 20
575.9969482421875
 10
523.31005859375
 20
590.0070190429688
 10
529.32958984375
 20
589.4752197265625
 10
544.099609375
 20
587.8343505859375
 10
552.86376953125
 20
586.7190551757812
 10
555.8876953125
 20
586.3806762695312
 10
560.912109375
 20
585.9208984375
 10
562.91064453125
 20
585.895751953125
 10
564.13916015625
 20
586.0109252929688
 10
565.33349609375
 20
586.3018188476562
 10
566.01708984375
 20
586.5902099609375
 10
566.64990234375
 20
586.967529296875
 10
567.2158203125
 20
587.4344482421875
 10
567.697265625
 20
587.9923095703125
 10
568.126953125
 20
588.7401123046875
 10
568.40771484375
 20
589.5523071289062
 10
568.5595703125
 20
590.4066162109375
 10
568.6015625
 20
591.280517578125
 10
568.53125
 20
592.3327026367188
 10
568.35888671875
 20
593.374267578125
 10
568.1162109375
 20
594.4043579101562
 10
567.3623046875
 20
596.90966796875
 10
565.65625
 20
602.0676879882812
 10
564.845703125
 20
604.763427734375
 10
563.73388671875
 20
608.8076171875
 10
562.783203125
 20
612.8912963867188
 10
562.12451171875
 20
616.4428100585938
 10
561.58740234375
 20
620.0150146484375
 10
561.0390625
 20
624.5398559570312
 10
560.64208984375
 20
629.0800170898438
 10
560.53466796875
 20
631.0755004882812
 10
563.21142578125
 20
632.0730590820312
 10
566.4365234375
 20
633.0875244140625
 10
569.71484375
 20
633.9192504882812
 10
572.53125
 20
634.476318359375
 10
575.3681640625
 20
634.919921875
 10
578.21826171875
 20
635.2802734375
 10
581.7705078125
 20
635.6445922851562
 10
585.3310546875
 20
635.9186401367188
 10
589.16552734375
 20
636.100341796875
 10
591.19091796875
 20
634.1266479492188
 10
593.16455078125
 20
636.152099609375
 10
597.005859375
 20
636.0697021484375
 10
600.572265625
 20
635.8877563476562
 10
604.13330078125
 20
635.6149291992188
 10
606.9912109375
 20
635.3287963867188
 10
609.8388671875
 20
634.9585571289062
 10
612.6689453125
 20
634.4741821289062
 10
615.96728515625
 20
633.7274169921875
 10
619.2177734375
 20
632.7966918945312
 10
621.9189453125
 20
631.8685913085938
 10
621.86328125
 20
629.8712158203125
 10
621.583984375
 20
625.3217163085938
 10
621.15234375
 20
620.7841796875
 10
620.7080078125
 20
617.19970703125
 10
620.14111328125
 20
613.6326293945312
 10
619.29638671875
 20
609.5255126953125
 10
618.28955078125
 20
605.4535522460938
 10
617.548828125
 20
602.7380981445312
 10
615.9765625
 20
597.5374755859375
 10
615.28759765625
 20
595.0138549804688
 10
615.07177734375
 20
593.9777221679688
 10
614.92626953125
 20
592.9320678710938
 10
614.88330078125
 20
591.87841796875
 10
614.947265625
 20
591.005859375
 10
615.12158203125
 20
590.1557006835938
 10
615.42333984375
 20
589.351318359375
 10
615.8720703125
 20
588.6148681640625
 10
616.3681640625
 20
588.0697631835938
 10
616.9453125
 20
587.6173706054688
 10
617.587890625
 20
587.2564697265625
 10
618.27880859375
 20
586.9862060546875
 10
619.48046875
 20
586.7258911132812
 10
620.7109375
 20
586.6428833007812
 10
622.70849609375
 20
586.7197265625
 10
627.71923828125
 20
587.3087768554688
 10
630.73388671875
 20
587.7252197265625
 10
639.4658203125
 20
589.0662841796875
 10
654.18896484375
 20
591.0886840820312
 10
660.1923828125
 20
591.7755737304688
 10
665.1142578125
 20
579.3395385742188
 10
663.2255859375
 20
577.2789306640625
 10
666.00732421875
 20
577.0042114257812
 10
666.17919921875
 20
576.5349731445312
 10
664.2578125
 20
574.5054931640625
 10
667.0341796875
 20
574.185791015625
 10
668.1298828125
 20
570.9890747070312
 10
669.56982421875
 20
566.4856567382812
 10
670.77392578125
 20
562.3820190429688
 10
650.080078125
 20
562.5975952148438
 10
634.5009765625
 20
562.8242797851562
 10
623.0009765625
 20
562.83447265625
 10
621.7998046875
 20
562.7959594726562
 10
620.60595703125
 20
562.6930541992188
 10
619.42822265625
 20
562.4810791015625
 10
618.66357421875
 20
562.2553100585938
 10
617.9375
 20
561.9378662109375
 10
617.275390625
 20
561.50537109375
 10
616.66357421875
 20
560.8920288085938
 10
616.2041015625
 20
560.1578369140625
 10
615.919921875
 20
559.3558959960938
 10
615.79296875
 20
558.5122680664062
 10
615.7939453125
 20
557.8344116210938
 10
615.89208984375
 20
557.1676025390625
 10
616.09765625
 20
556.5245971679688
 10
616.41259765625
 20
555.9284057617188
 10
616.82373046875
 20
555.3954467773438
 10
617.3154296875
 20
554.9323120117188
 10
617.994140625
 20
554.473388671875
 10
618.7333984375
 20
554.1185302734375
 10
619.51171875
 20
553.846923828125
 10
620.7333984375
 20
553.5513305664062
 10
621.97705078125
 20
553.359130859375
 10
623.23193359375
 20
553.2276611328125
 10
632.45556640625
 20
552.4632568359375
 10
638.9033203125
 20
551.98486328125
 10
649.1337890625
 20
551.381103515625
 10
662.1845703125
 20
550.4422607421875
 10
666.18505859375
 20
550.1878051757812
 10
676.7412109375
 20
549.6693115234375
 10
677.2529296875
 20
547.4142456054688
 10
678.193359375
 20
542.911865234375
 10
679.0634765625
 20
538.3946533203125
 10
679.87255859375
 20
533.8074951171875
 10
680.57568359375
 20
529.2037963867188
 10
681.16455078125
 20
524.3339233398438
 10
681.60302734375
 20
519.4478149414062
 10
681.72412109375
 20
517.3939208984375
  0
TEXT
  5
D7
330
17
100
AcDbEntity
  8
ANNOTATION
100
AcDbText
 10
593.7707133121628
 20
549.1442778882363
 30
0.0
 40
12.5
  1
P01 0deg
100
AcDbText
  0
LWPOLYLINE
  5
D8
330
17
100
AcDbEntity
  8
PIECES
100
AcDbPolyline
 90
263
 70
1
 10
862.61669921875
 20
514.6961059570312
 10
854.6923828125
 20
516.2849731445312
 10
845.87255859375
 20
517.8880004882812
 10
841.0068359375
 20
518.8123168945312
 10
837.001953125
 20
519.7053833007812
 10
829.2001953125
 20
521.5935668945312
 10
825.37841796875
 20
522.4758911132812
 10
820.9462890625
 20
523.3425903320312
 10
818.9111328125
 20
523.6233520507812
 10
817.8916015625
 20
523.6633911132812
 10
816.87353515625
 20
523.5911254882812
 10
815.8193359375
 20
523.3650512695312
 10
814.81494140625
 20
522.9876098632812
 10
813.87451171875
 20
522.4690551757812
 10
813.01318359375
 20
521.8181762695312
 10
812.2119140625
 20
521.0046997070312
 10
811.5419921875
 20
520.0833129882812
 10
811.015625
 20
519.0701293945312
 10
810.669921875
 20
518.0930786132812
 10
810.4443359375
 20
517.0857543945312
 10
810.32373046875
 20
516.0569458007812
 10
810.294921875
 20
515.0159301757812
 10
810.34326171875
 20
513.9719848632812
 10
810.6220703125
 20
511.87579345703125
 10
812.62451171875
 20
502.63067626953125
 10
813.0556640625
 20
499.78985595703125
 10
813.19140625
 20
498.15899658203125
 10
813.22265625
 20
496.52471923828125
 10
813.12939453125
 20
494.89288330078125
 10
812.9482421875
 20
493.58135986328125
 10
812.666015625
 20
492.29034423828125
 10
812.27783203125
 20
491.02813720703125
 10
811.779296875
 20
489.80303955078125
 10
811.2099609375
 20
488.70050048828125
 10
810.5458984375
 20
487.65802001953125
 10
809.78857421875
 20
486.68438720703125
 10
808.9404296875
 20
485.78839111328125
 10
808.00341796875
 20
484.97930908203125
 10
806.94189453125
 20
484.24151611328125
 10
805.81298828125
 20
483.61895751953125
 10
804.62646484375
 20
483.10919189453125
 10
803.39501953125
 20
482.71173095703125
 10
801.82763671875
 20
482.37042236328125
 10
800.23583984375
 20
482.17901611328125
 10
798.6298828125
 20
482.11407470703125
 10
797.02001953125
 20
482.15313720703125
 10
794.67431640625
 20
482.34796142578125
 10
792.33984375
 20
482.65802001953125
 10
787.1435546875
 20
483.50860595703125
 10
784.2646484375
 20
483.92510986328125
 10
781.7578125
 20
484.19073486328125
 10
779.2421875
 20
484.36407470703125
 10
776.48681640625
 20
484.45782470703125
 10
774.95068359375
 20
484.45343017578125
 10
774.54736328125
 20
483.65460205078125
 10
774.150390625
 20
484.45635986328125
 10
772.6123046875
 20
484.47296142578125
 10
769.8564453125
 20
484.40118408203125
 10
767.33984375
 20
484.24786376953125
 10
764.83056640625
 20
484.00177001953125
 10
761.94873046875
 20
483.60772705078125
 10
756.74609375
 20
482.79815673828125
 10
754.4091796875
 20
482.50665283203125
 10
752.06201171875
 20
482.32989501953125
 10
750.45166015625
 20
482.30401611328125
 10
748.84619140625
 20
482.38116455078125
 10
747.25634765625
 20
482.58526611328125
 10
745.69140625
 20
482.93927001953125
 10
744.462890625
 20
483.34649658203125
 10
743.28076171875
 20
483.86505126953125
 10
742.15673828125
 20
484.49688720703125
 10
741.1015625
 20
485.24298095703125
 10
740.17041015625
 20
486.05889892578125
 10
739.32958984375
 20
486.96173095703125
 10
738.57958984375
 20
487.94171142578125
 10
737.923828125
 20
488.98956298828125
 10
737.36376953125
 20
490.09649658203125
 10
736.87451171875
 20
491.32501220703125
 10
736.49658203125
 20
492.59014892578125
 10
736.22412109375
 20
493.88360595703125
 10
736.05322265625
 20
495.19659423828125
 10
735.97314453125
 20
496.82940673828125
 10
736.01708984375
 20
498.46319580078125
 10
736.16552734375
 20
500.09307861328125
 10
736.61962890625
 20
502.92999267578125
 10
738.69482421875
 20
512.1589965820312
 10
738.98974609375
 20
514.2532348632812
 10
739.04638671875
 20
515.2966918945312
 10
739.02587890625
 20
516.3377075195312
 10
738.91357421875
 20
517.3674926757812
 10
738.6953125
 20
518.3767700195312
 10
738.35791015625
 20
519.3562622070312
 10
737.83935546875
 20
520.3738403320312
 10
737.1767578125
 20
521.3005981445312
 10
736.38134765625
 20
522.1204223632812
 10
735.525390625
 20
522.7776489257812
 10
734.58935546875
 20
523.3040161132812
 10
733.587890625
 20
523.6892700195312
 10
732.53515625
 20
523.9236450195312
 10
731.51806640625
 20
524.0037231445312
 10
730.498046875
 20
523.9714965820312
 10
728.4609375
 20
523.7068481445312
 10
724.02197265625
 20
522.8753051757812
 10
720.193359375
 20
522.0227661132812
 10
712.37744140625
 20
520.1965942382812
 10
708.365234375
 20
519.3352661132812
 10
703.49267578125
 20
518.4490356445312
 10
694.66015625
 20
516.9153442382812
 10
686.72412109375
 20
515.3894653320312
 10
687.08935546875
 20
519.9246215820312
 10
687.6337890625
 20
524.7996215820312
 10
688.294921875
 20
529.4094848632812
 10
689.06201171875
 20
534.0037231445312
 10
689.89111328125
 20
538.5286254882812
 10
690.79052734375
 20
543.0398559570312
 10
691.7822265625
 20
547.5960083007812
 10
701.27978515625
 20
548.2434692382812
 10
728.4072265625
 20
549.7849731445312
 10
740.77685546875
 20
550.3372192382812
 10
746.587890625
 20
550.7048950195312
 10
747.98779296875
 20
550.9148559570312
 10
748.63720703125
 20
551.0881958007812
 10
749.2607421875
 20
551.3274536132812
 10
749.841796875
 20
551.6458129882812
 10
750.361328125
 20
552.0574340820312
 10
750.92041015625
 20
552.7468872070312
 10
751.302734375
 20
553.5501098632812
 10
751.51025390625
 20
554.5042114257812
 10
751.498046875
 20
555.4817504882812
 10
751.3193359375
 20
556.2888793945312
 10
750.95654296875
 20
557.0261840820312
 10
750.39892578125
 20
557.6340942382812
 10
749.705078125
 20
558.0891723632812
 10
748.7470703125
 20
558.4592895507812
 10
747.73779296875
 20
558.6775512695312
 10
746.09228515625
 20
558.8718872070312
 10
741.76171875
 20
559.0794067382812
 10
739.08544921875
 20
559.1472778320312
 10
736.0
 20
559.1653442382812
 10
717.13623046875
 20
558.9973754882812
 10
707.5556640625
 20
558.7908325195312
 10
704.21875
 20
558.7859497070312
 10
697.1552734375
 20
558.9329223632812
 10
698.3818359375
 20
563.2874145507812
 10
699.7724609375
 20
567.8059692382812
 10
700.923828125
 20
571.2883911132812
 10
702.14990234375
 20
574.7459106445312
 10
706.98046875
 20
587.3445434570312
 10
709.41015625
 20
587.2083129882812
 10
712.29736328125
 20
586.9622192382812
 10
715.39990234375
 20
586.5950317382812
 10
722.8310546875
 20
585.6038208007812
 10
727.17041015625
 20
585.0662231445312
 10
744.0693359375
 20
583.2024536132812
 10
746.09619140625
 20
583.1033325195312
 10
747.37451171875
 20
583.1526489257812
 10
748.63134765625
 20
583.3670043945312
 10
749.35009765625
 20
583.6008911132812
 10
750.02587890625
 20
583.9260864257812
 10
750.63818359375
 20
584.3489379882812
 10
751.1669921875
 20
584.8767700195312
 10
751.5810546875
 20
585.4920043945312
 10
751.87451171875
 20
586.1668090820312
 10
752.05810546875
 20
586.8845825195312
 10
752.14453125
 20
587.6292114257812
 10
752.14453125
 20
588.3845825195312
 10
752.01611328125
 20
589.4758911132812
 10
751.7822265625
 20
590.5515747070312
 10
748.5068359375
 20
602.2219848632812
 10
747.5068359375
 20
606.2073364257812
 10
746.68896484375
 20
610.2327270507812
 10
746.18408203125
 20
613.5213012695312
 10
745.78076171875
 20
616.8245239257812
 10
745.279296875
 20
621.7600708007812
 10
744.91015625
 20
626.7068481445312
 10
744.84765625
 20
628.0247192382812
 10
747.84912109375
 20
628.9158325195312
 10
750.6484375
 20
629.6179809570312
 10
753.4765625
 20
630.1936645507812
 10
756.34765625
 20
630.6399536132812
 10
759.23291015625
 20
630.9846801757812
 10
765.69140625
 20
631.5867309570312
 10
769.2626953125
 20
631.8181762695312
 10
773.13037109375
 20
631.9143676757812
 10
775.12255859375
 20
629.9065551757812
 10
777.1298828125
 20
631.8982543945312
 10
780.998046875
 20
631.7717895507812
 10
784.56689453125
 20
631.5125122070312
 10
791.0205078125
 20
630.8596801757812
 10
793.9033203125
 20
630.4915161132812
 10
796.7705078125
 20
630.0227661132812
 10
799.59375
 20
629.4251098632812
 10
802.3876953125
 20
628.7009887695312
 10
805.38232421875
 20
627.7859497070312
 10
805.30908203125
 20
626.4690551757812
 10
804.9013671875
 20
621.5252075195312
 10
804.36083984375
 20
616.5940551757812
 10
803.93115234375
 20
613.2937622070312
 10
803.40087890625
 20
610.0090942382812
 10
802.55126953125
 20
605.9905395507812
 10
801.52001953125
 20
602.0134887695312
 10
798.15234375
 20
590.3684692382812
 10
797.91015625
 20
589.2947387695312
 10
797.7734375
 20
588.2048950195312
 10
797.76708984375
 20
587.4495239257812
 10
797.84765625
 20
586.7039184570312
 10
798.02587890625
 20
585.9846801757812
 10
798.3134765625
 20
585.3079223632812
 10
798.72265625
 20
584.6892700195312
 10
799.24755859375
 20
584.1575317382812
 10
799.85693359375
 20
583.7297973632812
 10
800.52978515625
 20
583.3992309570312
 10
801.24658203125
 20
583.1594848632812
 10
802.501953125
 20
582.9353637695312
 10
803.779296875
 20
582.8757934570312
 10
805.80712890625
 20
582.9588012695312
 10
822.72021484375
 20
584.6897583007812
 10
827.06396484375
 20
585.1931762695312
 10
834.5029296875
 20
586.1257934570312
 10
837.607421875
 20
586.4685668945312
 10
840.4970703125
 20
586.6921997070312
 10
842.927734375
 20
586.8088989257812
 10
846.43115234375
 20
577.4846801757812
 10
848.14013671875
 20
572.7805786132812
 10
846.1806640625
 20
570.7874145507812
 10
848.95068359375
 20
570.4153442382812
 10
849.9814453125
 20
567.2141723632812
 10
851.33642578125
 20
562.6843872070312
 10
852.52880859375
 20
558.3206176757812
 10
845.46435546875
 20
558.2297973632812
 10
842.12744140625
 20
558.2605590820312
 10
832.54833984375
 20
558.5427856445312
 10
813.6865234375
 20
558.8591918945312
 10
810.6015625
 20
558.8655395507812
 10
807.9248046875
 20
558.8186645507812
 10
803.59228515625
 20
558.6453247070312
 10
801.94580078125
 20
558.4636840820312
 10
800.9345703125
 20
558.2537231445312
 10
799.9736328125
 20
557.8909301757812
 10
799.2763671875
 20
557.4412231445312
 10
798.7138671875
 20
556.8377075195312
 10
798.345703125
 20
556.1038208007812
 10
798.16015625
 20
555.2981567382812
 10
798.140625
 20
554.3201293945312
 10
798.3408203125
 20
553.3645629882812
 10
798.71630859375
 20
552.5584106445312
 10
799.27001953125
 20
551.8645629882812
 10
799.78662109375
 20
551.4490356445312
 10
800.36474609375
 20
551.1257934570312
 10
800.98681640625
 20
550.8821411132812
 10
801.634765625
 20
550.7034301757812
 10
803.03271484375
 20
550.4822387695312
 10
808.8408203125
 20
550.0691528320312
 10
821.20556640625
 20
549.4192504882812
 10
848.3203125
 20
547.6638793945312
 10
857.8125
 20
546.9421997070312
 10
858.76806640625
 20
542.3782348632812
 10
859.6318359375
 20
537.8601684570312
 10
860.4248046875
 20
533.3289184570312
 10
861.15576171875
 20
528.7288208007812
 10
861.78076171875
 20
524.1135864257812
 10
862.28662109375
 20
519.2341918945312
 10
862.61669921875
 20
514.6961059570312
  0
TEXT
  5
D9
330
17
100
AcDbEntity
  8
ANNOTATION
100
AcDbText
 10
775.6704974156369
 20
545.671927680534
 30
0.0
 40
12.5
  1
P02 0deg
100
AcDbText
  0
LWPOLYLINE
  5
DA
330
17
100
AcDbEntity
  8
PIECES
100
AcDbPolyline
 90
264
 70
1
 10
1041.51416015625
 20
514.3425903320312
 10
1033.5986328125
 20
515.7493286132812
 10
1025.40869140625
 20
517.3430786132812
 10
1020.677734375
 20
518.3518676757812
 10
1008.0615234375
 20
521.3201293945312
 10
1002.896484375
 20
522.4319458007812
 10
1000.56494140625
 20
522.8333129882812
 10
999.5
 20
522.9714965820312
 10
998.431640625
 20
523.0569458007812
 10
997.3642578125
 20
523.0637817382812
 10
996.30078125
 20
522.9666137695312
 10
995.259765625
 20
522.7444458007812
 10
994.26171875
 20
522.3919067382812
 10
993.32373046875
 20
521.9070434570312
 10
992.46240234375
 20
521.2883911132812
 10
991.6083984375
 20
520.4363403320312
 10
990.91259765625
 20
519.4544067382812
 10
990.38525390625
 20
518.3679809570312
 10
990.0673828125
 20
517.3518676757812
 10
989.88037109375
 20
516.3093872070312
 10
989.80615234375
 20
515.2488403320312
 10
989.82763671875
 20
514.1770629882812
 10
989.9267578125
 20
513.1033325195312
 10
990.08642578125
 20
512.0344848632812
 10
990.54541015625
 20
509.8372192382813
 10
991.6669921875
 20
505.4856567382813
 10
992.10546875
 20
503.55841064453125
 10
992.44921875
 20
501.61358642578125
 10
992.67724609375
 20
499.65216064453125
 10
992.76220703125
 20
498.03155517578125
 10
992.73681640625
 20
496.41094970703125
 10
992.58203125
 20
494.79766845703125
 10
992.27099609375
 20
493.14385986328125
 10
991.79833984375
 20
491.53204345703125
 10
991.15771484375
 20
489.97735595703125
 10
990.568359375
 20
488.86846923828125
 10
989.88671875
 20
487.81866455078125
 10
989.115234375
 20
486.83575439453125
 10
988.2548828125
 20
485.92950439453125
 10
987.30810546875
 20
485.10772705078125
 10
986.2275390625
 20
484.34796142578125
 10
985.078125
 20
483.70245361328125
 10
983.87060546875
 20
483.17071533203125
 10
982.615234375
 20
482.75323486328125
 10
980.99267578125
 20
482.38653564453125
 10
979.34326171875
 20
482.18145751953125
 10
977.67822265625
 20
482.11407470703125
 10
976.0087890625
 20
482.16339111328125
 10
973.6748046875
 20
482.38311767578125
 10
971.35546875
 20
482.72784423828125
 10
963.2763671875
 20
484.17657470703125
 10
960.63623046875
 20
484.54718017578125
 10
957.9814453125
 20
484.78399658203125
 10
955.703125
 20
484.84503173828125
 10
954.927734375
 20
484.82305908203125
 10
954.52685546875
 20
484.02374267578125
 10
954.1279296875
 20
484.82403564453125
 10
953.3525390625
 20
484.84796142578125
 10
951.07421875
 20
484.79278564453125
 10
948.4189453125
 20
484.56280517578125
 10
945.77783203125
 20
484.19903564453125
 10
937.6953125
 20
482.77032470703125
 10
935.37451171875
 20
482.43194580078125
 10
933.04052734375
 20
482.21759033203125
 10
931.37109375
 20
482.17315673828125
 10
929.7060546875
 20
482.24444580078125
 10
928.05712890625
 20
482.45391845703125
 10
926.43505859375
 20
482.82452392578125
 10
925.18115234375
 20
483.24542236328125
 10
923.97509765625
 20
483.77960205078125
 10
922.8271484375
 20
484.42852783203125
 10
921.74853515625
 20
485.19122314453125
 10
920.8037109375
 20
486.01495361328125
 10
919.94580078125
 20
486.92364501953125
 10
919.1767578125
 20
487.90802001953125
 10
918.498046875
 20
488.95977783203125
 10
917.9111328125
 20
490.07061767578125
 10
917.27490234375
 20
491.62628173828125
 10
916.80615234375
 20
493.23956298828125
 10
916.4990234375
 20
494.89385986328125
 10
916.3486328125
 20
496.50811767578125
 10
916.3271484375
 20
498.12872314453125
 10
916.416015625
 20
499.74884033203125
 10
916.6494140625
 20
501.70977783203125
 10
916.998046875
 20
503.65362548828125
 10
917.44140625
 20
505.5798950195313
 10
918.57373046875
 20
509.9285278320313
 10
919.03857421875
 20
512.1248168945312
 10
919.20068359375
 20
513.1931762695312
 10
919.302734375
 20
514.2669067382812
 10
919.3271484375
 20
515.3381958007812
 10
919.25537109375
 20
516.3987426757812
 10
919.07080078125
 20
517.4417114257812
 10
918.755859375
 20
518.4588012695312
 10
918.2314453125
 20
519.5466918945312
 10
917.53759765625
 20
520.5300903320312
 10
916.68603515625
 20
521.3845825195312
 10
915.826171875
 20
522.0051879882812
 10
914.88916015625
 20
522.4924926757812
 10
913.89208984375
 20
522.8479614257812
 10
912.85205078125
 20
523.0725708007812
 10
911.78857421875
 20
523.1721801757812
 10
910.72119140625
 20
523.1682739257812
 10
909.65283203125
 20
523.0857543945312
 10
908.58740234375
 20
522.9500122070312
 10
906.2548828125
 20
522.5545043945312
 10
903.9365234375
 20
522.0813598632812
 10
898.2431640625
 20
520.8059692382812
 10
888.46337890625
 20
518.5193481445312
 10
883.72998046875
 20
517.5227661132812
 10
875.53564453125
 20
515.9500122070312
 10
867.61669921875
 20
514.5632934570312
 10
867.79150390625
 20
517.5798950195312
 10
868.22119140625
 20
522.5374145507812
 10
868.75048828125
 20
527.1511840820312
 10
869.400390625
 20
531.7493286132812
 10
870.16162109375
 20
536.2864379882812
 10
871.03955078125
 20
540.8025512695312
 10
872.05517578125
 20
545.3826293945312
 10
894.28662109375
 20
546.9583129882812
 10
907.9326171875
 20
547.7713012695312
 10
914.8759765625
 20
548.2239379882812
 10
924.3984375
 20
549.0076293945312
 10
927.45361328125
 20
549.3084106445312
 10
928.28369140625
 20
549.4573364257812
 10
929.0888671875
 20
549.6868286132812
 10
929.845703125
 20
550.0383911132812
 10
930.36767578125
 20
550.4065551757812
 10
930.81396484375
 20
550.8582153320312
 10
931.16357421875
 20
551.3894653320312
 10
931.42578125
 20
552.1043090820312
 10
931.525390625
 20
552.8606567382812
 10
931.49267578125
 20
553.6316528320312
 10
931.3271484375
 20
554.4724731445312
 10
931.015625
 20
555.2693481445312
 10
930.55224609375
 20
555.9788208007812
 10
929.9306640625
 20
556.5471801757812
 10
929.42822265625
 20
556.8196411132812
 10
928.88671875
 20
557.0042114257812
 10
927.74365234375
 20
557.1990356445312
 10
926.0712890625
 20
557.3001098632812
 10
915.654296875
 20
557.2722778320312
 10
912.49560546875
 20
557.2395629882812
 10
900.97998046875
 20
556.9319458007812
 10
887.26123046875
 20
556.6775512695312
 10
882.26708984375
 20
556.6682739257812
 10
877.42626953125
 20
556.7229614257812
 10
881.4130859375
 20
568.6663208007812
 10
882.6494140625
 20
572.2092895507812
 10
883.85791015625
 20
575.3430786132812
 10
887.892578125
 20
585.2434692382812
 10
898.4013671875
 20
583.7756958007812
 10
916.3740234375
 20
581.1502075195312
 10
924.34716796875
 20
580.0447387695312
 10
926.37451171875
 20
579.9021606445312
 10
927.22900390625
 20
579.9114379882812
 10
928.0771484375
 20
579.9900512695312
 10
928.91064453125
 20
580.1643676757812
 10
929.84033203125
 20
580.5173950195312
 10
930.67724609375
 20
581.0491333007812
 10
931.27099609375
 20
581.6345825195312
 10
931.744140625
 20
582.3191528320312
 10
932.0947265625
 20
583.0794067382812
 10
932.3115234375
 20
583.8513793945312
 10
932.42138671875
 20
584.6438598632812
 10
932.43896484375
 20
585.4480590820312
 10
932.37939453125
 20
586.2537231445312
 10
932.19482421875
 20
587.3665161132812
 10
931.9228515625
 20
588.4627075195312
 10
931.59814453125
 20
589.5462036132812
 10
930.2646484375
 20
593.5676879882812
 10
929.427734375
 20
596.2859497070312
 10
928.6826171875
 20
599.0310668945312
 10
927.76708984375
 20
603.0379028320312
 10
927.01611328125
 20
607.0794067382812
 10
926.51171875
 20
610.3401489257812
 10
926.078125
 20
613.6111450195312
 10
925.70166015625
 20
616.9285278320312
 10
925.38671875
 20
620.2517700195312
 10
925.07275390625
 20
624.7327270507812
 10
928.95458984375
 20
625.6716918945312
 10
933.345703125
 20
626.5256958007812
 10
937.66162109375
 20
627.1624145507812
 10
941.9990234375
 20
627.6355590820312
 10
945.4775390625
 20
627.9177856445312
 10
948.96142578125
 20
628.1155395507812
 10
952.7099609375
 20
628.2244262695312
 10
954.70703125
 20
626.2219848632812
 10
956.70947265625
 20
628.2195434570312
 10
960.45751953125
 20
628.1008911132812
 10
963.94140625
 20
627.8943481445312
 10
967.4189453125
 20
627.6033325195312
 10
971.75537109375
 20
627.1189575195312
 10
976.06982421875
 20
626.4714965820312
 10
980.45849609375
 20
625.6062622070312
 10
984.337890625
 20
624.6575317382812
 10
984.01220703125
 20
620.1770629882812
 10
983.689453125
 20
616.8547973632812
 10
983.30419921875
 20
613.5388793945312
 10
982.86279296875
 20
610.2688598632812
 10
982.349609375
 20
607.0090942382812
 10
981.5888671875
 20
602.9695434570312
 10
980.66259765625
 20
598.9651489257812
 10
979.91064453125
 20
596.2219848632812
 10
979.06689453125
 20
593.5056762695312
 10
977.72314453125
 20
589.4876098632812
 10
977.3955078125
 20
588.4050903320312
 10
977.12109375
 20
587.3093872070312
 10
976.93359375
 20
586.1970825195312
 10
976.8720703125
 20
585.3914184570312
 10
976.88720703125
 20
584.5877075195312
 10
976.9951171875
 20
583.7942504882812
 10
977.21044921875
 20
583.0222778320312
 10
977.55859375
 20
582.2610473632812
 10
978.0302734375
 20
581.5755004882812
 10
978.62255859375
 20
580.9885864257812
 10
979.4580078125
 20
580.4544067382812
 10
980.38720703125
 20
580.0989379882812
 10
981.2197265625
 20
579.9226684570312
 10
982.06787109375
 20
579.8421020507812
 10
982.92236328125
 20
579.8303833007812
 10
984.9501953125
 20
579.9680786132812
 10
992.92626953125
 20
581.0530395507812
 10
1010.90478515625
 20
583.6331176757812
 10
1021.41748046875
 20
585.0740356445312
 10
1025.42724609375
 20
575.1638793945312
 10
1026.6279296875
 20
572.0271606445312
 10
1027.85498046875
 20
568.4807739257812
 10
1031.8115234375
 20
556.5271606445312
 10
1026.970703125
 20
556.4846801757812
 10
1021.9765625
 20
556.5066528320312
 10
1008.25830078125
 20
556.7962036132812
 10
996.74365234375
 20
557.1331176757812
 10
993.58544921875
 20
557.1731567382812
 10
983.16796875
 20
557.2273559570312
 10
981.49560546875
 20
557.1311645507812
 10
980.35205078125
 20
556.9392700195312
 10
979.81005859375
 20
556.7556762695312
 10
979.30712890625
 20
556.4841918945312
 10
978.68359375
 20
555.9177856445312
 10
978.21875
 20
555.2092895507812
 10
977.9052734375
 20
554.4133911132812
 10
977.73779296875
 20
553.5725708007812
 10
977.703125
 20
552.8020629882812
 10
977.80078125
 20
552.0457153320312
 10
978.06103515625
 20
551.3298950195312
 10
978.4091796875
 20
550.7981567382812
 10
978.8544921875
 20
550.3450317382812
 10
979.37548828125
 20
549.9754028320312
 10
980.13134765625
 20
549.6218872070312
 10
980.93603515625
 20
549.3909301757812
 10
981.765625
 20
549.2395629882812
 10
988.44189453125
 20
548.6008911132812
 10
994.34033203125
 20
548.1233520507812
 10
1001.28271484375
 20
547.6526489257812
 10
1014.9267578125
 20
546.8054809570312
 10
1037.15380859375
 20
545.1731567382812
 10
1038.15771484375
 20
540.5906372070312
 10
1039.0244140625
 20
536.0725708007812
 10
1039.77392578125
 20
531.5330200195312
 10
1040.41259765625
 20
526.9334106445312
 10
1040.9296875
 20
522.3181762695312
 10
1041.34716796875
 20
517.3596801757812
 10
1041.51416015625
 20
514.3425903320312
  0
TEXT
  5
DB
330
17
100
AcDbEntity
  8
ANNOTATION
100
AcDbText
 10
954.743095629143
 20
543.7334187825521
 30
0.0
 40
12.5
  1
P03 0deg
100
AcDbText
  0
LWPOLYLINE
  5
DC
330
17
100
AcDbEntity
  8
PIECES
100
AcDbPolyline
 90
277
 70
1
 10
1218.75341796875
 20
514.2058715820312
 10
1214.32080078125
 20
514.6751098632812
 10
1211.22509765625
 20
515.0603637695312
 10
1207.26513671875
 20
515.6194458007812
 10
1199.1201171875
 20
516.9285278320312
 10
1194.93798828125
 20
517.6819458007812
 10
1191.15478515625
 20
518.4338989257812
 10
1179.966796875
 20
520.9168090820312
 10
1178.1171875
 20
521.2610473632812
 10
1176.2529296875
 20
521.5115356445312
 10
1175.19482421875
 20
521.5935668945312
 10
1174.13671875
 20
521.6087036132812
 10
1173.0849609375
 20
521.5344848632812
 10
1172.046875
 20
521.3479614257812
 10
1171.04345703125
 20
521.0305786132812
 10
1170.09912109375
 20
520.5755004882812
 10
1169.234375
 20
519.9807739257812
 10
1168.5810546875
 20
519.3709106445312
 10
1168.017578125
 20
518.6809692382812
 10
1167.548828125
 20
517.9226684570312
 10
1167.1806640625
 20
517.1072387695312
 10
1166.88916015625
 20
516.1404418945312
 10
1166.72216796875
 20
515.1502075195312
 10
1166.6611328125
 20
514.1433715820312
 10
1166.6884765625
 20
513.1272583007812
 10
1166.787109375
 20
512.1087036132812
 10
1166.93896484375
 20
511.09454345703125
 10
1167.341796875
 20
509.10235595703125
 10
1168.9951171875
 20
502.53009033203125
 10
1169.50537109375
 20
499.87091064453125
 10
1169.72021484375
 20
498.23223876953125
 10
1169.8271484375
 20
496.58575439453125
 10
1169.79248046875
 20
494.93731689453125
 10
1169.64599609375
 20
493.65020751953125
 10
1169.390625
 20
492.38311767578125
 10
1169.0224609375
 20
491.14483642578125
 10
1168.53955078125
 20
489.94464111328125
 10
1167.95458984375
 20
488.81719970703125
 10
1167.26513671875
 20
487.75616455078125
 10
1166.4765625
 20
486.76934814453125
 10
1165.5927734375
 20
485.86505126953125
 10
1164.61865234375
 20
485.05108642578125
 10
1163.52734375
 20
484.31475830078125
 10
1162.36865234375
 20
483.69464111328125
 10
1161.154296875
 20
483.19122314453125
 10
1159.89453125
 20
482.80450439453125
 10
1158.56591796875
 20
482.52764892578125
 10
1157.22119140625
 20
482.36212158203125
 10
1155.865234375
 20
482.29229736328125
 10
1154.50439453125
 20
482.30401611328125
 10
1153.1435546875
 20
482.38214111328125
 10
1150.8798828125
 20
482.61846923828125
 10
1143.47509765625
 20
483.74200439453125
 10
1140.56396484375
 20
484.10089111328125
 10
1136.27197265625
 20
484.43341064453125
 10
1132.74658203125
 20
484.59552001953125
 10
1129.22265625
 20
484.40606689453125
 10
1124.93310546875
 20
484.04034423828125
 10
1122.02490234375
 20
483.65899658203125
 10
1114.62939453125
 20
482.47882080078125
 10
1112.3671875
 20
482.22442626953125
 10
1111.0068359375
 20
482.13653564453125
 10
1109.64599609375
 20
482.11407470703125
 10
1108.2900390625
 20
482.17315673828125
 10
1106.94384765625
 20
482.32843017578125
 10
1105.61328125
 20
482.59503173828125
 10
1104.3505859375
 20
482.97198486328125
 10
1103.13232421875
 20
483.46612548828125
 10
1101.96875
 20
484.07745361328125
 10
1100.87158203125
 20
484.80499267578125
 10
1099.8916015625
 20
485.61114501953125
 10
1099.0009765625
 20
486.50860595703125
 10
1098.20458984375
 20
487.48956298828125
 10
1097.50732421875
 20
488.54522705078125
 10
1096.9130859375
 20
489.66778564453125
 10
1096.4208984375
 20
490.86456298828125
 10
1096.04345703125
 20
492.09991455078125
 10
1095.77783203125
 20
493.36505126953125
 10
1095.6220703125
 20
494.65069580078125
 10
1095.57421875
 20
496.29913330078125
 10
1095.6689453125
 20
497.94610595703125
 10
1095.87060546875
 20
499.58673095703125
 10
1096.3603515625
 20
502.24981689453125
 10
1097.962890625
 20
508.83477783203125
 10
1098.3505859375
 20
510.82989501953125
 10
1098.49462890625
 20
511.84503173828125
 10
1098.5849609375
 20
512.8640747070312
 10
1098.60498046875
 20
513.8806762695312
 10
1098.5361328125
 20
514.8870239257812
 10
1098.361328125
 20
515.8757934570312
 10
1098.0625
 20
516.8406372070312
 10
1097.68798828125
 20
517.6531372070312
 10
1097.21337890625
 20
518.4080200195312
 10
1096.64501953125
 20
519.0930786132812
 10
1095.98681640625
 20
519.6980590820312
 10
1095.1171875
 20
520.2859497070312
 10
1094.16943359375
 20
520.7337036132812
 10
1093.16357421875
 20
521.0432739257812
 10
1092.12451171875
 20
521.2219848632812
 10
1091.072265625
 20
521.2879028320312
 10
1090.013671875
 20
521.2649536132812
 10
1088.95654296875
 20
521.1746215820312
 10
1087.09423828125
 20
520.9099731445312
 10
1085.2470703125
 20
520.5510864257812
 10
1074.07861328125
 20
517.9817504882812
 10
1070.30126953125
 20
517.2009887695312
 10
1066.125
 20
516.4148559570312
 10
1057.99072265625
 20
515.0432739257812
 10
1054.03515625
 20
514.4534301757812
 10
1050.9423828125
 20
514.0447387695312
 10
1046.51416015625
 20
513.5408325195312
 10
1046.70263671875
 20
516.5886840820312
 10
1047.15185546875
 20
521.5442504882812
 10
1047.69873046875
 20
526.1560668945312
 10
1048.36669921875
 20
530.7512817382812
 10
1049.14599609375
 20
535.2859497070312
 10
1050.04150390625
 20
539.7981567382812
 10
1050.87548828125
 20
543.4993286132812
 10
1058.52978515625
 20
543.9700317382812
 10
1063.009765625
 20
544.2883911132812
 10
1076.2119140625
 20
545.3128051757812
 10
1093.1474609375
 20
546.4324340820312
 10
1098.77734375
 20
546.7654418945312
 10
1104.20947265625
 20
547.1589965820312
 10
1105.904296875
 20
547.3440551757812
 10
1106.71240234375
 20
547.5061645507812
 10
1107.49072265625
 20
547.7581176757812
 10
1108.2109375
 20
548.1384887695312
 10
1108.7197265625
 20
548.5515747070312
 10
1109.1416015625
 20
549.0491333007812
 10
1109.46142578125
 20
549.6199340820312
 10
1109.673828125
 20
550.2791137695312
 10
1109.76318359375
 20
550.9656372070312
 10
1109.74755859375
 20
551.6629028320312
 10
1109.59375
 20
552.5344848632812
 10
1109.2734375
 20
553.3567504882812
 10
1108.7744140625
 20
554.0803833007812
 10
1108.111328125
 20
554.6550903320312
 10
1107.38720703125
 20
555.0164184570312
 10
1106.6025390625
 20
555.2322387695312
 10
1105.78857421875
 20
555.3460083007812
 10
1104.150390625
 20
555.4050903320312
 10
1083.533203125
 20
554.5989379882812
 10
1075.212890625
 20
554.2044067382812
 10
1056.05712890625
 20
553.7005004882812
 10
1057.03369140625
 20
557.5154418945312
 10
1058.1884765625
 20
561.4075317382812
 10
1059.39013671875
 20
564.9690551757812
 10
1060.69921875
 20
568.4929809570312
 10
1061.93408203125
 20
571.5950317382812
 10
1063.22900390625
 20
574.6721801757812
 10
1064.7490234375
 20
578.1018676757812
 10
1066.46044921875
 20
581.7493286132812
 10
1076.46826171875
 20
580.6599731445312
 10
1085.39453125
 20
579.5364379882812
 10
1097.3232421875
 20
577.9348754882812
 10
1102.36474609375
 20
577.3880004882812
 10
1104.39453125
 20
577.2986450195312
 10
1105.67041015625
 20
577.3479614257812
 10
1106.92529296875
 20
577.5588989257812
 10
1107.65283203125
 20
577.7957153320312
 10
1108.3359375
 20
578.1257934570312
 10
1108.9541015625
 20
578.5559692382812
 10
1109.486328125
 20
579.0935668945312
 10
1109.955078125
 20
579.8196411132812
 10
1110.2646484375
 20
580.6253051757812
 10
1110.4248046875
 20
581.4802856445312
 10
1110.44482421875
 20
582.3757934570312
 10
1110.341796875
 20
583.2634887695312
 10
1110.14697265625
 20
584.1433715820312
 10
1109.892578125
 20
585.0159301757812
 10
1107.953125
 20
590.8621215820312
 10
1107.10888671875
 20
593.5740356445312
 10
1106.3330078125
 20
596.3059692382812
 10
1105.34130859375
 20
600.3601684570312
 10
1104.55029296875
 20
604.4578247070312
 10
1104.08447265625
 20
607.7180786132812
 10
1103.73583984375
 20
610.9939575195312
 10
1103.40283203125
 20
615.5188598632812
 10
1103.248046875
 20
620.0530395507812
 10
1103.2529296875
 20
620.9602661132812
 10
1107.0185546875
 20
621.7752075195312
 10
1110.77294921875
 20
622.4758911132812
 10
1115.083984375
 20
623.1458129882812
 10
1119.41455078125
 20
623.6741333007812
 10
1122.8896484375
 20
623.9944458007812
 10
1126.3720703125
 20
624.2258911132812
 10
1130.15478515625
 20
624.3738403320312
 10
1132.16357421875
 20
622.3831176757812
 10
1134.154296875
 20
624.3914184570312
 10
1138.04296875
 20
624.2708129882812
 10
1141.52685546875
 20
624.0662231445312
 10
1145.00439453125
 20
623.7732543945312
 10
1149.3388671875
 20
623.2781372070312
 10
1153.6552734375
 20
622.6414184570312
 10
1157.41455078125
 20
621.9700317382812
 10
1161.1865234375
 20
621.1838989257812
 10
1161.1982421875
 20
620.2766723632812
 10
1161.07861328125
 20
615.7415161132812
 10
1160.78076171875
 20
611.2141723632812
 10
1160.45751953125
 20
607.9358520507812
 10
1160.01708984375
 20
604.6716918945312
 10
1159.25732421875
 20
600.5686645507812
 10
1158.296875
 20
596.5066528320312
 10
1157.5419921875
 20
593.7688598632812
 10
1156.71875
 20
591.0501098632812
 10
1154.82470703125
 20
585.1892700195312
 10
1154.57666015625
 20
584.3147583007812
 10
1154.38916015625
 20
583.4334106445312
 10
1154.29296875
 20
582.5452270507812
 10
1154.31982421875
 20
581.6497192382812
 10
1154.486328125
 20
580.7962036132812
 10
1154.80224609375
 20
579.9924926757812
 10
1155.2763671875
 20
579.2698364257812
 10
1155.81298828125
 20
578.7371215820312
 10
1156.4345703125
 20
578.3113403320312
 10
1157.1201171875
 20
577.9866333007812
 10
1157.84912109375
 20
577.7556762695312
 10
1159.10595703125
 20
577.5545043945312
 10
1160.38232421875
 20
577.5149536132812
 10
1162.4111328125
 20
577.6194458007812
 10
1167.4482421875
 20
578.2058715820312
 10
1179.3642578125
 20
579.8987426757812
 10
1188.28173828125
 20
581.0916137695312
 10
1198.28076171875
 20
582.2581176757812
 10
1200.0205078125
 20
578.6238403320312
 10
1201.48681640625
 20
575.3831176757812
 10
1199.6865234375
 20
573.2449340820312
 10
1202.4775390625
 20
573.0877075195312
 10
1202.6748046875
 20
572.6287231445312
 10
1200.83935546875
 20
570.5208129882812
 10
1203.626953125
 20
570.3171997070312
 10
1203.8154296875
 20
569.8538208007812
 10
1201.93994140625
 20
567.7820434570312
 10
1204.72314453125
 20
567.5247192382812
 10
1204.90087890625
 20
567.0574340820312
 10
1202.98681640625
 20
565.0203247070312
 10
1205.7646484375
 20
564.7117309570312
 10
1205.92822265625
 20
564.2390747070312
 10
1203.97119140625
 20
562.2434692382812
 10
1206.74169921875
 20
561.8753051757812
 10
1207.89404296875
 20
558.0979614257812
 10
1208.900390625
 20
554.2903442382812
 10
1189.74072265625
 20
554.6463012695312
 10
1181.41796875
 20
554.9768676757812
 10
1160.79541015625
 20
555.6238403320312
 10
1159.1572265625
 20
555.5520629882812
 10
1158.3447265625
 20
555.4319458007812
 10
1157.5615234375
 20
555.2102661132812
 10
1156.84033203125
 20
554.8430786132812
 10
1156.181640625
 20
554.2634887695312
 10
1155.68798828125
 20
553.5359497070312
 10
1155.3740234375
 20
552.7112426757812
 10
1155.22705078125
 20
551.8386840820312
 10
1155.216796875
 20
551.1409301757812
 10
1155.3115234375
 20
550.4548950195312
 10
1155.52880859375
 20
549.7976684570312
 10
1155.853515625
 20
549.2293090820312
 10
1156.27880859375
 20
548.7351684570312
 10
1156.79052734375
 20
548.3259887695312
 10
1157.51416015625
 20
547.9509887695312
 10
1158.2939453125
 20
547.7053833007812
 10
1159.103515625
 20
547.5496215820312
 10
1160.7998046875
 20
547.3772583007812
 10
1166.23486328125
 20
547.0261840820312
 10
1171.8671875
 20
546.7361450195312
 10
1188.810546875
 20
545.7473754882812
 10
1202.0205078125
 20
544.8245239257812
 10
1206.50244140625
 20
544.5413208007812
 10
1214.16015625
 20
544.1292114257812
 10
1215.02294921875
 20
540.4353637695312
 10
1215.953125
 20
535.9295043945312
 10
1216.767578125
 20
531.4016723632812
 10
1217.47119140625
 20
526.8113403320312
 10
1218.0537109375
 20
522.2039184570312
 10
1218.541015625
 20
517.2517700195312
 10
1218.75341796875
 20
514.2058715820312
  0
TEXT
  5
DD
330
17
100
AcDbEntity
  8
ANNOTATION
100
AcDbText
 10
1135.3790878130642
 20
543.787204783746
 30
0.0
 40
12.5
  1
P04 0deg
100
AcDbText
  0
LWPOLYLINE
  5
DE
330
17
100
AcDbEntity
  8
PIECES
100
AcDbPolyline
 90
289
 70
1
 10
1391.4736328125
 20
512.2288208007812
 10
1381.935546875
 20
513.4490356445312
 10
1377.22705078125
 20
514.1262817382812
 10
1372.5302734375
 20
514.8806762695312
 10
1368.54833984375
 20
515.6072387695312
 10
1364.57763671875
 20
516.3938598632812
 10
1360.60595703125
 20
517.2258911132812
 10
1352.28173828125
 20
519.0784301757812
 10
1350.89892578125
 20
519.3372192382812
 10
1349.50732421875
 20
519.5198364257812
 10
1348.1064453125
 20
519.5818481445312
 10
1347.22265625
 20
519.5379028320312
 10
1346.3505859375
 20
519.4148559570312
 10
1345.5029296875
 20
519.2014770507812
 10
1344.69189453125
 20
518.8855590820312
 10
1343.93017578125
 20
518.4558715820312
 10
1343.166015625
 20
517.8450317382812
 10
1342.5146484375
 20
517.1199340820312
 10
1341.98046875
 20
516.3010864257812
 10
1341.56884765625
 20
515.4085083007812
 10
1341.2744140625
 20
514.4192504882812
 10
1341.1142578125
 20
513.4060668945312
 10
1341.06884765625
 20
512.3767700195312
 10
1341.1181640625
 20
511.33868408203125
 10
1341.24267578125
 20
510.29815673828125
 10
1341.42236328125
 20
509.26348876953125
 10
1341.92626953125
 20
507.03741455078125
 10
1342.9423828125
 20
502.95831298828125
 10
1343.3232421875
 20
501.07745361328125
 10
1343.60986328125
 20
499.17999267578125
 10
1343.7568359375
 20
497.63653564453125
 10
1343.81298828125
 20
496.08917236328125
 10
1343.76318359375
 20
494.54132080078125
 10
1343.6357421875
 20
493.30303955078125
 10
1343.42041015625
 20
492.07989501953125
 10
1343.10595703125
 20
490.88018798828125
 10
1342.6826171875
 20
489.71319580078125
 10
1342.13720703125
 20
488.57940673828125
 10
1341.48046875
 20
487.51300048828125
 10
1340.7177734375
 20
486.52130126953125
 10
1339.8544921875
 20
485.61456298828125
 10
1338.896484375
 20
484.80059814453125
 10
1337.7900390625
 20
484.05157470703125
 10
1336.61083984375
 20
483.42852783203125
 10
1335.37255859375
 20
482.93048095703125
 10
1334.08740234375
 20
482.55499267578125
 10
1332.49365234375
 20
482.25958251953125
 10
1330.88037109375
 20
482.11993408203125
 10
1329.2568359375
 20
482.11407470703125
 10
1327.63330078125
 20
482.22003173828125
 10
1325.3857421875
 20
482.51055908203125
 10
1317.98095703125
 20
483.81915283203125
 10
1313.0673828125
 20
484.57647705078125
 10
1311.09228515625
 20
484.81085205078125
 10
1308.89453125
 20
484.92901611328125
 10
1307.83740234375
 20
484.91925048828125
 10
1307.43212890625
 20
484.12188720703125
 10
1307.03759765625
 20
484.92413330078125
 10
1305.97998046875
 20
484.94757080078125
 10
1303.78076171875
 20
484.85723876953125
 10
1301.802734375
 20
484.64776611328125
 10
1296.8798828125
 20
483.95294189453125
 10
1289.45947265625
 20
482.73858642578125
 10
1287.2080078125
 20
482.47637939453125
 10
1285.58349609375
 20
482.39093017578125
 10
1283.9599609375
 20
482.41729736328125
 10
1282.3486328125
 20
482.57745361328125
 10
1280.7587890625
 20
482.89337158203125
 10
1279.47900390625
 20
483.28497314453125
 10
1278.24658203125
 20
483.79864501953125
 10
1277.07568359375
 20
484.43634033203125
 10
1275.978515625
 20
485.19903564453125
 10
1275.03076171875
 20
486.02520751953125
 10
1274.17919921875
 20
486.94317626953125
 10
1273.42919921875
 20
487.94415283203125
 10
1272.7861328125
 20
489.01934814453125
 10
1272.2548828125
 20
490.15948486328125
 10
1271.8466796875
 20
491.33184814453125
 10
1271.54736328125
 20
492.53546142578125
 10
1271.34765625
 20
493.76104736328125
 10
1271.23583984375
 20
495.00079345703125
 10
1271.20556640625
 20
496.54913330078125
 10
1271.28173828125
 20
498.09600830078125
 10
1271.44775390625
 20
499.63751220703125
 10
1271.75830078125
 20
501.53106689453125
 10
1272.1630859375
 20
503.40704345703125
 10
1273.23095703125
 20
507.47296142578125
 10
1273.7626953125
 20
509.69219970703125
 10
1273.9560546875
 20
510.72491455078125
 10
1274.09375
 20
511.76348876953125
 10
1274.15625
 20
512.8010864257812
 10
1274.12353515625
 20
513.8308715820312
 10
1273.97607421875
 20
514.8455200195312
 10
1273.6943359375
 20
515.8386840820312
 10
1273.29443359375
 20
516.7366333007812
 10
1272.7705078125
 20
517.5618286132812
 10
1272.12841796875
 20
518.2952270507812
 10
1271.3720703125
 20
518.9158325195312
 10
1270.61572265625
 20
519.3552856445312
 10
1269.80908203125
 20
519.6809692382812
 10
1268.9638671875
 20
519.9055786132812
 10
1268.09375
 20
520.0393676757812
 10
1267.21044921875
 20
520.0945434570312
 10
1265.80908203125
 20
520.0505981445312
 10
1264.4150390625
 20
519.8855590820312
 10
1263.029296875
 20
519.6443481445312
 10
1254.68212890625
 20
517.8972778320312
 10
1250.69970703125
 20
517.1160278320312
 10
1246.7197265625
 20
516.3796997070312
 10
1242.72900390625
 20
515.7034301757812
 10
1238.02294921875
 20
515.0086059570312
 10
1233.30615234375
 20
514.3914184570312
 10
1223.75341796875
 20
513.2918090820312
 10
1224.3427734375
 20
518.7200317382812
 10
1224.7626953125
 20
522.0471801757812
 10
1225.41162109375
 20
526.6458129882812
 10
1226.16259765625
 20
531.2283325195312
 10
1227.02880859375
 20
535.7468872070312
 10
1228.0166015625
 20
540.2400512695312
 10
1228.61328125
 20
542.6550903320312
 10
1239.1259765625
 20
543.3269653320312
 10
1248.8369140625
 20
543.8416137695312
 10
1262.4853515625
 20
544.4988403320312
 10
1273.87646484375
 20
544.9578247070312
 10
1278.64404296875
 20
545.1057739257812
 10
1280.3818359375
 20
545.2127075195312
 10
1282.107421875
 20
545.4299926757812
 10
1283.32958984375
 20
545.7180786132812
 10
1283.9013671875
 20
545.9553833007812
 10
1284.42333984375
 20
546.2869262695312
 10
1284.90673828125
 20
546.7644653320312
 10
1285.27783203125
 20
547.3328247070312
 10
1285.53515625
 20
547.9661254882812
 10
1285.70263671875
 20
548.9451293945312
 10
1285.64013671875
 20
549.9392700195312
 10
1285.51025390625
 20
550.4959106445312
 10
1285.2998046875
 20
551.0213012695312
 10
1284.99072265625
 20
551.4944458007812
 10
1284.41064453125
 20
552.0090942382812
 10
1283.71435546875
 20
552.3660278320312
 10
1282.837890625
 20
552.6199340820312
 10
1281.93212890625
 20
552.7537231445312
 10
1280.33642578125
 20
552.8504028320312
 10
1273.27197265625
 20
552.9260864257812
 10
1270.12353515625
 20
552.9036254882812
 10
1263.34130859375
 20
552.7644653320312
 10
1251.3125
 20
552.3884887695312
 10
1247.10791015625
 20
552.2883911132812
 10
1242.90234375
 20
552.2415161132812
 10
1239.54736328125
 20
552.2542114257812
 10
1232.8173828125
 20
552.4114379882812
 10
1234.005859375
 20
556.6448364257812
 10
1235.4326171875
 20
561.1121215820312
 10
1237.0166015625
 20
565.5271606445312
 10
1238.78466796875
 20
569.9514770507812
 10
1240.71044921875
 20
574.3084106445312
 10
1242.79150390625
 20
578.5940551757812
 10
1243.345703125
 20
579.6380004882812
 10
1248.09521484375
 20
579.1726684570312
 10
1257.39697265625
 20
578.1355590820312
 10
1261.7890625
 20
577.5598754882812
 10
1278.7666015625
 20
574.9343872070312
 10
1280.74755859375
 20
574.7410278320312
 10
1281.60107421875
 20
574.7249145507812
 10
1282.44873046875
 20
574.7839965820312
 10
1283.27978515625
 20
574.9524536132812
 10
1283.96728515625
 20
575.2063598632812
 10
1284.603515625
 20
575.5584106445312
 10
1285.17626953125
 20
576.0056762695312
 10
1285.6708984375
 20
576.5432739257812
 10
1286.13232421875
 20
577.2761840820312
 10
1286.45166015625
 20
578.0798950195312
 10
1286.6337890625
 20
578.9304809570312
 10
1286.68701171875
 20
579.8030395507812
 10
1286.62841796875
 20
580.6726684570312
 10
1286.48388671875
 20
581.5383911132812
 10
1286.0361328125
 20
583.2507934570312
 10
1284.4248046875
 20
588.2459106445312
 10
1283.59814453125
 20
590.9631958007812
 10
1282.8525390625
 20
593.7039184570312
 10
1281.9013671875
 20
597.7678833007812
 10
1281.1416015625
 20
601.8709106445312
 10
1280.69677734375
 20
605.1345825195312
 10
1280.384765625
 20
608.4138793945312
 10
1280.1845703125
 20
612.1516723632812
 10
1280.150390625
 20
615.8948364257812
 10
1280.2001953125
 20
617.3108520507812
 10
1283.20166015625
 20
618.1199340820312
 10
1286.81494140625
 20
618.8923950195312
 10
1289.48046875
 20
619.3245239257812
 10
1292.16015625
 20
619.6585083007812
 10
1294.84912109375
 20
619.9168090820312
 10
1297.54345703125
 20
620.1209106445312
 10
1301.10546875
 20
620.3323364257812
 10
1304.669921875
 20
620.4690551757812
 10
1306.29443359375
 20
620.4895629882812
 10
1308.28125
 20
618.4773559570312
 10
1310.29345703125
 20
620.4641723632812
 10
1311.92236328125
 20
620.4226684570312
 10
1315.48486328125
 20
620.2410278320312
 10
1319.0439453125
 20
619.9846801757812
 10
1321.7353515625
 20
619.7463989257812
 10
1324.4208984375
 20
619.4539184570312
 10
1327.095703125
 20
619.0857543945312
 10
1329.755859375
 20
618.6204223632812
 10
1333.35888671875
 20
617.8020629882812
 10
1336.3505859375
 20
616.9548950195312
 10
1336.38232421875
 20
615.5383911132812
 10
1336.30029296875
 20
611.7962036132812
 10
1336.052734375
 20
608.0613403320312
 10
1335.69921875
 20
604.7859497070312
 10
1335.212890625
 20
601.5281372070312
 10
1334.4013671875
 20
597.4348754882812
 10
1333.3984375
 20
593.3836059570312
 10
1332.6181640625
 20
590.6526489257812
 10
1331.75732421875
 20
587.9456176757812
 10
1330.0830078125
 20
582.9714965820312
 10
1329.61328125
 20
581.2649536132812
 10
1329.4580078125
 20
580.4011840820312
 10
1329.38818359375
 20
579.5325317382812
 10
1329.4306640625
 20
578.6594848632812
 10
1329.60205078125
 20
577.8064575195312
 10
1329.91064453125
 20
576.9988403320312
 10
1330.36328125
 20
576.2600708007812
 10
1330.85107421875
 20
575.7161254882812
 10
1331.41748046875
 20
575.2620239257812
 10
1332.0498046875
 20
574.9016723632812
 10
1332.73388671875
 20
574.6389770507812
 10
1333.56298828125
 20
574.4597778320312
 10
1334.40966796875
 20
574.3899536132812
 10
1335.26318359375
 20
574.3953247070312
 10
1337.24658203125
 20
574.5637817382812
 10
1354.255859375
 20
576.9739379882812
 10
1358.65478515625
 20
577.4934692382812
 10
1367.96923828125
 20
578.4129028320312
 10
1372.7236328125
 20
578.8181762695312
 10
1373.2646484375
 20
577.7669067382812
 10
1375.29150390625
 20
573.4553833007812
 10
1376.20849609375
 20
571.3074340820312
 10
1374.39794921875
 20
569.1780395507812
 10
1377.1875
 20
569.0071411132812
 10
1377.3671875
 20
568.5408325195312
 10
1375.4833984375
 20
566.4758911132812
 10
1378.265625
 20
566.2078247070312
 10
1378.4453125
 20
565.7410278320312
 10
1376.52294921875
 20
563.7117309570312
 10
1379.2998046875
 20
563.3919067382812
 10
1379.46240234375
 20
562.9192504882812
 10
1377.505859375
 20
560.9231567382812
 10
1380.27685546875
 20
560.5554809570312
 10
1381.771484375
 20
555.7083129882812
 10
1382.90625
 20
551.4597778320312
 10
1376.1748046875
 20
551.3880004882812
 10
1372.81982421875
 20
551.4182739257812
 10
1368.615234375
 20
551.5178833007812
 10
1352.38916015625
 20
552.2000122070312
 10
1345.609375
 20
552.4251098632812
 10
1342.4619140625
 20
552.4876098632812
 10
1335.39697265625
 20
552.5012817382812
 10
1333.7998046875
 20
552.4246215820312
 10
1332.892578125
 20
552.3025512695312
 10
1332.0126953125
 20
552.0598754882812
 10
1331.3125
 20
551.7122192382812
 10
1330.7255859375
 20
551.2044067382812
 10
1330.41064453125
 20
550.7351684570312
 10
1330.193359375
 20
550.2122192382812
 10
1330.056640625
 20
549.6575317382812
 10
1329.9814453125
 20
548.6643676757812
 10
1330.13623046875
 20
547.6834106445312
 10
1330.3857421875
 20
547.0466918945312
 10
1330.74951171875
 20
546.4739379882812
 10
1331.2265625
 20
545.9900512695312
 10
1331.74462890625
 20
545.6521606445312
 10
1332.3134765625
 20
545.4075317382812
 10
1333.53173828125
 20
545.1038208007812
 10
1335.25439453125
 20
544.8650512695312
 10
1336.99072265625
 20
544.7361450195312
 10
1341.755859375
 20
544.5276489257812
 10
1353.14013671875
 20
543.9241333007812
 10
1366.77978515625
 20
543.0940551757812
 10
1376.4833984375
 20
542.4563598632812
 10
1386.98681640625
 20
541.6511840820312
 10
1387.552734375
 20
539.2288208007812
 10
1388.4833984375
 20
534.7234497070312
 10
1389.29248046875
 20
530.1941528320312
 10
1389.98486328125
 20
525.6023559570312
 10
1390.5751953125
 20
520.9963989257812
 10
1390.953125
 20
517.6638793945312
 10
1391.4736328125
 20
512.2288208007812
  0
TEXT
  5
DF
330
17
100
AcDbEntity
  8
ANNOTATION
100
AcDbText
 10
1310.0533578206098
 20
542.9882214820096
 30
0.0
 40
12.5
  1
P05 0deg
100
AcDbText
  0
LWPOLYLINE
  5
E0
330
17
100
AcDbEntity
  8
PIECES
100
AcDbPolyline
 90
266
 70
1
 10
1475.6533203125
 20
616.9241333007812
 10
1477.6181640625
 20
618.9579467773438
 10
1479.6513671875
 20
616.99365234375
 10
1486.4228515625
 20
616.7938842773438
 10
1489.5888671875
 20
616.6251220703125
 10
1492.748046875
 20
616.3773803710938
 10
1495.89453125
 20
616.0239868164062
 10
1499.0244140625
 20
615.5376586914062
 10
1502.640625
 20
614.7823486328125
 10
1505.5654296875
 20
614.0206909179688
 10
1505.611328125
 20
609.779541015625
 10
1505.466796875
 20
606.0390625
 10
1505.203125
 20
602.7554321289062
 10
1504.806640625
 20
599.4852905273438
 10
1504.107421875
 20
595.3715209960938
 10
1503.216796875
 20
591.2943725585938
 10
1502.5126953125
 20
588.54248046875
 10
1501.7255859375
 20
585.813232421875
 10
1500.1748046875
 20
580.7985229492188
 10
1499.75
 20
579.0838012695312
 10
1499.61328125
 20
578.217529296875
 10
1499.5576171875
 20
577.3473510742188
 10
1499.60546875
 20
576.4747314453125
 10
1499.7763671875
 20
575.614990234375
 10
1500.08203125
 20
574.7998046875
 10
1500.53515625
 20
574.0546875
 10
1501.0341796875
 20
573.5025634765625
 10
1501.6171875
 20
573.045166015625
 10
1502.2666015625
 20
572.6851196289062
 10
1502.9677734375
 20
572.4236450195312
 10
1503.8154296875
 20
572.2443237304688
 10
1504.6806640625
 20
572.1744995117188
 10
1505.5517578125
 20
572.1830444335938
 10
1507.4990234375
 20
572.3674926757812
 10
1515.7265625
 20
573.717041015625
 10
1524.4560546875
 20
575.2897338867188
 10
1528.8330078125
 20
575.9889526367188
 10
1533.2216796875
 20
576.6166381835938
 10
1538.125
 20
577.2578735351562
 10
1542.5009765625
 20
577.7689819335938
 10
1544.6982421875
 20
573.5609741210938
 10
1546.7490234375
 20
569.2618408203125
 10
1548.6455078125
 20
564.8905639648438
 10
1550.3564453125
 20
560.5237426757812
 10
1551.9130859375
 20
556.0995483398438
 10
1553.306640625
 20
551.6353759765625
 10
1547.234375
 20
551.3502807617188
 10
1543.8935546875
 20
551.2521362304688
 10
1539.419921875
 20
551.1856079101562
 10
1530.8896484375
 20
551.1881713867188
 10
1513.32421875
 20
551.2887573242188
 10
1506.1728515625
 20
551.2069702148438
 10
1504.6015625
 20
551.1265258789062
 10
1503.6328125
 20
550.9938354492188
 10
1502.7041015625
 20
550.7088623046875
 10
1502.009765625
 20
550.3081665039062
 10
1501.435546875
 20
549.7531127929688
 10
1501.0185546875
 20
549.0537719726562
 10
1500.77734375
 20
548.2725219726562
 10
1500.705078125
 20
547.4326171875
 10
1500.833984375
 20
546.6025390625
 10
1501.203125
 20
545.8060913085938
 10
1501.7861328125
 20
545.1508178710938
 10
1502.353515625
 20
544.7748413085938
 10
1502.982421875
 20
544.5119018554688
 10
1503.8740234375
 20
544.3011474609375
 10
1504.7861328125
 20
544.1897583007812
 10
1511.4208984375
 20
543.7485961914062
 10
1514.314453125
 20
543.6099243164062
 10
1524.302734375
 20
543.2760620117188
 10
1533.9853515625
 20
542.7635498046875
 10
1547.404296875
 20
542.1968383789062
 10
1551.9951171875
 20
541.8873901367188
 10
1557.828125
 20
541.3524780273438
 10
1559.02734375
 20
536.1526489257812
 10
1559.7275390625
 20
532.6254272460938
 10
1557.4921875
 20
530.9483032226562
 10
1560.1748046875
 20
530.1659545898438
 10
1560.2587890625
 20
529.673095703125
 10
1558.0048828125
 20
528.0202026367188
 10
1560.6796875
 20
527.2085571289062
 10
1560.755859375
 20
526.7146606445312
 10
1558.4658203125
 20
525.1121215820312
 10
1561.1220703125
 20
524.2413940429688
 10
1561.826171875
 20
519.1443481445312
 10
1562.5029296875
 20
513.2437133789062
 10
1557.5791015625
 20
513.7545776367188
 10
1553.0126953125
 20
514.362548828125
 10
1549.7138671875
 20
514.8898315429688
 10
1543.138671875
 20
516.07568359375
 10
1536.5166015625
 20
517.3299560546875
 10
1527.669921875
 20
519.2124633789062
 10
1522.1328125
 20
520.0650024414062
 10
1521.0791015625
 20
520.1917114257812
 10
1520.0283203125
 20
520.2338256835938
 10
1518.98046875
 20
520.1410522460938
 10
1518.0205078125
 20
519.8965454101562
 10
1517.1142578125
 20
519.5068969726562
 10
1516.2705078125
 20
518.9882202148438
 10
1515.5029296875
 20
518.3558959960938
 10
1514.76171875
 20
517.5482788085938
 10
1514.15625
 20
516.6399536132812
 10
1513.7109375
 20
515.6415405273438
 10
1513.478515625
 20
514.7819213867188
 10
1513.35546875
 20
513.902587890625
 10
1513.322265625
 20
513.0107421875
 10
1513.361328125
 20
512.1136474609375
 10
1513.455078125
 20
511.21771240234375
 10
1513.8330078125
 20
509.02105712890625
 10
1514.8095703125
 20
504.71990966796875
 10
1515.24609375
 20
502.58575439453125
 10
1515.5966796875
 20
500.43646240234375
 10
1515.771484375
 20
498.91510009765625
 10
1515.865234375
 20
497.38848876953125
 10
1515.8564453125
 20
495.85919189453125
 10
1515.7099609375
 20
494.2371826171875
 10
1515.4033203125
 20
492.64190673828125
 10
1514.919921875
 20
491.090087890625
 10
1514.4208984375
 20
489.94732666015625
 10
1513.8154296875
 20
488.86273193359375
 10
1513.107421875
 20
487.84442138671875
 10
1512.302734375
 20
486.89947509765625
 10
1511.4033203125
 20
486.03704833984375
 10
1510.3701171875
 20
485.232666015625
 10
1509.26171875
 20
484.54254150390625
 10
1508.0869140625
 20
483.97222900390625
 10
1506.8564453125
 20
483.52655029296875
 10
1505.505859375
 20
483.19281005859375
 10
1504.1318359375
 20
482.99237060546875
 10
1502.7421875
 20
482.9080810546875
 10
1501.345703125
 20
482.9228515625
 10
1499.94921875
 20
483.01910400390625
 10
1497.7333984375
 20
483.29803466796875
 10
1493.330078125
 20
484.07037353515625
 10
1490.3681640625
 20
484.54608154296875
 10
1487.3916015625
 20
484.91510009765625
 10
1482.654296875
 20
485.22711181640625
 10
1477.251953125
 20
485.13262939453125
 10
1472.5283203125
 20
484.65570068359375
 10
1469.56640625
 20
484.18304443359375
 10
1466.6220703125
 20
483.60406494140625
 10
1462.2490234375
 20
482.67877197265625
 10
1460.0439453125
 20
482.322509765625
 10
1458.65234375
 20
482.1773681640625
 10
1457.2568359375
 20
482.11407470703125
 10
1455.865234375
 20
482.14996337890625
 10
1454.484375
 20
482.30230712890625
 10
1453.123046875
 20
482.58856201171875
 10
1451.8779296875
 20
482.99114990234375
 10
1450.68359375
 20
483.5201416015625
 10
1449.552734375
 20
484.17083740234375
 10
1448.4921875
 20
484.93865966796875
 10
1447.5634765625
 20
485.76971435546875
 10
1446.7255859375
 20
486.68548583984375
 10
1445.982421875
 20
487.67864990234375
 10
1445.33984375
 20
488.74176025390625
 10
1444.80078125
 20
489.86627197265625
 10
1444.263671875
 20
491.39996337890625
 10
1443.90234375
 20
492.98382568359375
 10
1443.69921875
 20
494.59979248046875
 10
1443.63671875
 20
496.12774658203125
 10
1443.6767578125
 20
497.65692138671875
 10
1443.798828125
 20
499.18310546875
 10
1444.0732421875
 20
501.34344482421875
 10
1444.435546875
 20
503.49139404296875
 10
1445.26171875
 20
507.82403564453125
 10
1445.5625
 20
510.03289794921875
 10
1445.625
 20
510.93121337890625
 10
1445.6328125
 20
511.82940673828125
 10
1445.568359375
 20
512.7195434570312
 10
1445.4140625
 20
513.5939331054688
 10
1445.15234375
 20
514.4451293945312
 10
1444.6728515625
 20
515.4270629882812
 10
1444.0361328125
 20
516.3137817382812
 10
1443.267578125
 20
517.0949096679688
 10
1442.4765625
 20
517.7000732421875
 10
1441.6171875
 20
518.1891479492188
 10
1440.697265625
 20
518.546875
 10
1439.728515625
 20
518.7576293945312
 10
1438.6787109375
 20
518.81396484375
 10
1437.6298828125
 20
518.7350463867188
 10
1433.3037109375
 20
517.9658203125
 10
1431.0771484375
 20
517.5265502929688
 10
1422.3017578125
 20
515.3362426757812
 10
1415.7275390625
 20
513.8516235351562
 10
1409.197265625
 20
512.4370727539062
 10
1405.919921875
 20
511.79510498046875
 10
1401.3759765625
 20
511.02813720703125
 10
1396.4736328125
 20
510.34564208984375
 10
1396.943359375
 20
516.2662353515625
 10
1397.26953125
 20
519.6043090820312
 10
1397.7890625
 20
524.2188110351562
 10
1398.4091796875
 20
528.8209838867188
 10
1399.1484375
 20
533.3619995117188
 10
1400.1650390625
 20
538.6002807617188
 10
1405.9755859375
 20
539.3385620117188
 10
1410.552734375
 20
539.8079223632812
 10
1423.9443359375
 20
540.8425903320312
 10
1433.6025390625
 20
541.6926879882812
 10
1443.5732421875
 20
542.3751831054688
 10
1446.4599609375
 20
542.6146850585938
 10
1453.0751953125
 20
543.2872924804688
 10
1453.9833984375
 20
543.4302368164062
 10
1454.8662109375
 20
543.6721801757812
 10
1455.486328125
 20
543.9569702148438
 10
1456.0400390625
 20
544.3521118164062
 10
1456.6005859375
 20
545.0272827148438
 10
1456.94140625
 20
545.8361206054688
 10
1457.041015625
 20
546.6704711914062
 10
1456.939453125
 20
547.5073852539062
 10
1456.6708984375
 20
548.2798461914062
 10
1456.23046875
 20
548.9641723632812
 10
1455.63671875
 20
549.4986572265625
 10
1454.9296875
 20
549.8749389648438
 10
1453.990234375
 20
550.1273193359375
 10
1453.017578125
 20
550.2261352539062
 10
1451.4453125
 20
550.2515258789062
 10
1444.2939453125
 20
550.0840454101562
 10
1426.7431640625
 20
549.3704223632812
 10
1418.21875
 20
549.0700073242188
 10
1413.7451171875
 20
548.9807739257812
 10
1410.4033203125
 20
548.9619750976562
 10
1404.32421875
 20
549.0347290039062
 10
1405.5625
 20
553.5453491210938
 10
1406.962890625
 20
558.0208129882812
 10
1408.5205078125
 20
562.4447021484375
 10
1410.2626953125
 20
566.87939453125
 10
1412.1630859375
 20
571.2474975585938
 10
1414.2109375
 20
575.5296020507812
 10
1418.6025390625
 20
575.17138671875
 10
1423.5263671875
 20
574.7020263671875
 10
1427.93359375
 20
574.2277221679688
 10
1432.33203125
 20
573.6818237304688
 10
1441.111328125
 20
572.4148559570312
 10
1449.380859375
 20
571.3530883789062
 10
1451.3330078125
 20
571.2368774414062
 10
1452.2041015625
 20
571.2584838867188
 10
1453.06640625
 20
571.3583374023438
 10
1453.9072265625
 20
571.5671997070312
 10
1454.5986328125
 20
571.8530883789062
 10
1455.236328125
 20
572.235595703125
 10
1455.8017578125
 20
572.7129516601562
 10
1456.2822265625
 20
573.2822875976562
 10
1456.7080078125
 20
574.0425415039062
 10
1456.9853515625
 20
574.8680419921875
 10
1457.1259765625
 20
575.7330932617188
 10
1457.1435546875
 20
576.6071166992188
 10
1457.0576171875
 20
577.4747924804688
 10
1456.890625
 20
578.3359375
 10
1456.40625
 20
580.0347290039062
 10
1454.681640625
 20
584.9920654296875
 10
1453.798828125
 20
587.6919555664062
 10
1453.0
 20
590.4177856445312
 10
1451.9677734375
 20
594.461669921875
 10
1451.125
 20
598.5484008789062
 10
1450.6142578125
 20
601.8026733398438
 10
1450.2373046875
 20
605.0752563476562
 10
1449.9619140625
 20
608.80810546875
 10
1449.859375
 20
613.0484008789062
 10
1452.755859375
 20
613.9118041992188
 10
1456.34375
 20
614.792724609375
 10
1459.455078125
 20
615.3880004882812
 10
1462.5869140625
 20
615.85107421875
 10
1465.7353515625
 20
616.2089233398438
 10
1468.89453125
 20
616.4881591796875
 10
1475.6533203125
 20
616.9241333007812
  0
TEXT
  5
E1
330
17
100
AcDbEntity
  8
ANNOTATION
100
AcDbText
 10
1480.7691200657894
 20
540.5621828925341
 30
0.0
 40
12.5
  1
P06 0deg
100
AcDbText
  0
LWPOLYLINE
  5
E2
330
17
100
AcDbEntity
  8
PIECES
100
AcDbPolyline
 90
276
 70
1
 10
1730.78173828125
 20
510.44122314453125
 10
1726.31884765625
 20
510.77032470703125
 10
1721.38623046875
 20
511.36065673828125
 10
1716.58349609375
 20
512.1614379882812
 10
1711.81103515625
 20
513.1311645507812
 10
1701.84912109375
 20
515.3728637695312
 10
1690.79736328125
 20
517.7859497070312
 10
1689.75634765625
 20
517.9436645507812
 10
1688.71142578125
 20
518.0296020507812
 10
1687.66259765625
 20
518.0173950195312
 10
1686.75244140625
 20
517.9075317382812
 10
1685.86572265625
 20
517.6980590820312
 10
1685.01611328125
 20
517.3826293945312
 10
1684.21923828125
 20
516.9568481445312
 10
1683.48974609375
 20
516.4148559570312
 10
1682.90087890625
 20
515.8235473632812
 10
1682.40087890625
 20
515.1589965820312
 10
1681.99365234375
 20
514.4329223632812
 10
1681.67919921875
 20
513.6575317382812
 10
1681.44775390625
 20
512.7771606445312
 10
1681.32373046875
 20
511.87872314453125
 10
1681.29345703125
 20
510.96905517578125
 10
1681.34130859375
 20
510.05548095703125
 10
1681.45556640625
 20
509.14434814453125
 10
1681.87744140625
 20
507.13995361328125
 10
1683.06884765625
 20
502.69659423828125
 10
1683.59912109375
 20
500.20587158203125
 10
1683.90185546875
 20
497.95977783203125
 10
1684.00244140625
 20
495.69708251953125
 10
1683.95458984375
 20
494.39874267578125
 10
1683.81689453125
 20
493.10968017578125
 10
1683.57568359375
 20
491.83819580078125
 10
1683.21826171875
 20
490.59259033203125
 10
1682.75244140625
 20
489.42364501953125
 10
1682.17431640625
 20
488.31134033203125
 10
1681.48681640625
 20
487.26690673828125
 10
1680.69287109375
 20
486.29913330078125
 10
1679.79638671875
 20
485.41827392578125
 10
1678.85205078125
 20
484.66973876953125
 10
1677.84033203125
 20
484.02325439453125
 10
1676.77001953125
 20
483.48077392578125
 10
1675.64990234375
 20
483.04180908203125
 10
1674.48974609375
 20
482.70831298828125
 10
1673.06884765625
 20
482.44708251953125
 10
1671.63232421875
 20
482.32305908203125
 10
1670.18603515625
 20
482.31475830078125
 10
1668.73779296875
 20
482.40118408203125
 10
1667.2919921875
 20
482.56134033203125
 10
1664.2626953125
 20
483.05401611328125
 10
1661.24462890625
 20
483.61846923828125
 10
1657.97607421875
 20
484.14288330078125
 10
1654.68701171875
 20
484.50274658203125
 10
1651.939453125
 20
484.64385986328125
 10
1646.5830078125
 20
484.61895751953125
 10
1643.8369140625
 20
484.45245361328125
 10
1640.55078125
 20
484.06182861328125
 10
1637.28759765625
 20
483.50665283203125
 10
1634.27490234375
 20
482.91387939453125
 10
1631.25
 20
482.39288330078125
 10
1629.806640625
 20
482.21954345703125
 10
1628.35888671875
 20
482.11944580078125
 10
1626.91259765625
 20
482.11407470703125
 10
1625.47509765625
 20
482.22491455078125
 10
1624.05126953125
 20
482.47247314453125
 10
1622.88818359375
 20
482.79571533203125
 10
1621.7646484375
 20
483.22393798828125
 10
1620.68896484375
 20
483.75665283203125
 10
1619.6708984375
 20
484.39337158203125
 10
1618.7197265625
 20
485.13311767578125
 10
1617.81494140625
 20
486.00518798828125
 10
1617.01220703125
 20
486.96563720703125
 10
1616.314453125
 20
488.00421142578125
 10
1615.72607421875
 20
489.11065673828125
 10
1615.25
 20
490.27520751953125
 10
1614.880859375
 20
491.51739501953125
 10
1614.6279296875
 20
492.78643798828125
 10
1614.4775390625
 20
494.07452392578125
 10
1614.41796875
 20
495.37237548828125
 10
1614.49755859375
 20
497.63555908203125
 10
1614.779296875
 20
499.88458251953125
 10
1615.28662109375
 20
502.38018798828125
 10
1616.43603515625
 20
506.83428955078125
 10
1616.83935546875
 20
508.84259033203125
 10
1616.9443359375
 20
509.75469970703125
 10
1616.984375
 20
510.66876220703125
 10
1616.9453125
 20
511.57794189453125
 10
1616.8125
 20
512.4754028320312
 10
1616.57275390625
 20
513.3533325195312
 10
1616.251953125
 20
514.1257934570312
 10
1615.83740234375
 20
514.8479614257812
 10
1615.33154296875
 20
515.5076293945312
 10
1614.7373046875
 20
516.0935668945312
 10
1614.00244140625
 20
516.6292114257812
 10
1613.20166015625
 20
517.0476684570312
 10
1612.349609375
 20
517.3547973632812
 10
1611.46044921875
 20
517.5559692382812
 10
1610.548828125
 20
517.6575317382812
 10
1609.50048828125
 20
517.6599731445312
 10
1608.4560546875
 20
517.5637817382812
 10
1607.4169921875
 20
517.3963012695312
 10
1596.38818359375
 20
514.8801879882812
 10
1586.4482421875
 20
512.5457153320312
 10
1581.68505859375
 20
511.53155517578125
 10
1576.8896484375
 20
510.68585205078125
 10
1571.962890625
 20
510.04962158203125
 10
1567.5029296875
 20
509.67852783203125
 10
1568.06103515625
 20
514.9739379882812
 10
1568.47021484375
 20
518.3025512695312
 10
1569.10400390625
 20
522.9026489257812
 10
1569.83984375
 20
527.4876098632812
 10
1570.69140625
 20
532.0090942382812
 10
1571.7939453125
 20
537.0388793945312
 10
1581.41796875
 20
538.1004028320312
 10
1591.1416015625
 20
538.9895629882812
 10
1598.42724609375
 20
539.5481567382812
 10
1614.64794921875
 20
540.5960083007812
 10
1620.61279296875
 20
541.0774536132812
 10
1622.34326171875
 20
541.1843872070312
 10
1624.06689453125
 20
541.3528442382812
 10
1624.8603515625
 20
541.4885864257812
 10
1625.6298828125
 20
541.7039184570312
 10
1626.35107421875
 20
542.0408325195312
 10
1626.88037109375
 20
542.4260864257812
 10
1627.32373046875
 20
542.9021606445312
 10
1627.66064453125
 20
543.4607543945312
 10
1627.8671875
 20
544.0696411132812
 10
1627.94970703125
 20
544.7058715820312
 10
1627.92236328125
 20
545.3528442382812
 10
1627.80615234375
 20
545.9426879882812
 10
1627.5947265625
 20
546.4993286132812
 10
1627.2734375
 20
547.0003051757812
 10
1626.8740234375
 20
547.3928833007812
 10
1626.40576171875
 20
547.6985473632812
 10
1625.88818359375
 20
547.9221801757812
 10
1624.96533203125
 20
548.1306762695312
 10
1624.01611328125
 20
548.2063598632812
 10
1620.92919921875
 20
548.2254028320312
 10
1618.22021484375
 20
548.1380004882812
 10
1593.6416015625
 20
547.0784301757812
 10
1589.38720703125
 20
546.9441528320312
 10
1585.1318359375
 20
546.8757934570312
 10
1581.6025390625
 20
546.8782348632812
 10
1576.076171875
 20
546.9973754882812
 10
1577.24951171875
 20
551.2590942382812
 10
1578.646484375
 20
555.7337036132812
 10
1580.19580078125
 20
560.1580200195312
 10
1581.923828125
 20
564.5979614257812
 10
1583.8046875
 20
568.9744262695312
 10
1585.79931640625
 20
573.2058715820312
 10
1589.55224609375
 20
572.8430786132812
 10
1594.4677734375
 20
572.2962036132812
 10
1598.8671875
 20
571.7512817382812
 10
1603.25634765625
 20
571.1301879882812
 10
1612.013671875
 20
569.7224731445312
 10
1615.16943359375
 20
569.2654418945312
 10
1620.19384765625
 20
568.6350708007812
 10
1622.0625
 20
568.4983520507812
 10
1622.98193359375
 20
568.4866333007812
 10
1623.89453125
 20
568.5540161132812
 10
1624.7861328125
 20
568.7459106445312
 10
1625.47265625
 20
569.0159301757812
 10
1626.10546875
 20
569.3855590820312
 10
1626.6708984375
 20
569.8494262695312
 10
1627.15673828125
 20
570.4026489257812
 10
1627.6044921875
 20
571.1458129882812
 10
1627.91015625
 20
571.9558715820312
 10
1628.07958984375
 20
572.8103637695312
 10
1628.11962890625
 20
573.6834106445312
 10
1628.04931640625
 20
574.5520629882812
 10
1627.8935546875
 20
575.4158325195312
 10
1627.42626953125
 20
577.1223754882812
 10
1625.77783203125
 20
582.1057739257812
 10
1624.93798828125
 20
584.8191528320312
 10
1624.18017578125
 20
587.5564575195312
 10
1623.2099609375
 20
591.6155395507812
 10
1622.4306640625
 20
595.7151489257812
 10
1621.97021484375
 20
598.9768676757812
 10
1621.64306640625
 20
602.2546997070312
 10
1621.42529296875
 20
605.9915161132812
 10
1621.384765625
 20
608.9133911132812
 10
1623.9658203125
 20
609.6399536132812
 10
1627.56689453125
 20
610.4656372070312
 10
1630.6865234375
 20
611.0125122070312
 10
1633.82568359375
 20
611.4275512695312
 10
1636.97900390625
 20
611.7371215820312
 10
1640.1416015625
 20
611.9675903320312
 10
1643.30859375
 20
612.1458129882812
 10
1646.66552734375
 20
612.2918090820312
 10
1648.67431640625
 20
610.3015747070312
 10
1650.6640625
 20
612.3103637695312
 10
1657.19091796875
 20
612.0471801757812
 10
1660.35546875
 20
611.8460083007812
 10
1663.51171875
 20
611.5662231445312
 10
1666.654296875
 20
611.1804809570312
 10
1669.77880859375
 20
610.6624145507812
 10
1673.38818359375
 20
609.8704223632812
 10
1675.97509765625
 20
609.1682739257812
 10
1675.96240234375
 20
606.2463989257812
 10
1675.77880859375
 20
602.5076293945312
 10
1675.48291015625
 20
599.2268676757812
 10
1675.05322265625
 20
595.9607543945312
 10
1674.31201171875
 20
591.8543090820312
 10
1673.37939453125
 20
587.7864379882812
 10
1672.64794921875
 20
585.0418090820312
 10
1671.83349609375
 20
582.3211059570312
 10
1670.23095703125
 20
577.3220825195312
 10
1669.77978515625
 20
575.6116333007812
 10
1669.63232421875
 20
574.7463989257812
 10
1669.56982421875
 20
573.8767700195312
 10
1669.61767578125
 20
573.0042114257812
 10
1669.79541015625
 20
572.1516723632812
 10
1670.10888671875
 20
571.3440551757812
 10
1670.56298828125
 20
570.6052856445312
 10
1671.05419921875
 20
570.0569458007812
 10
1671.62451171875
 20
569.5979614257812
 10
1672.26025390625
 20
569.2341918945312
 10
1672.94970703125
 20
568.9710083007812
 10
1673.84228515625
 20
568.7869262695312
 10
1674.75537109375
 20
568.7283325195312
 10
1675.67529296875
 20
568.7488403320312
 10
1677.54248046875
 20
568.9026489257812
 10
1682.56103515625
 20
569.5798950195312
 10
1685.71240234375
 20
570.0667114257812
 10
1694.45654296875
 20
571.5564575195312
 10
1698.83935546875
 20
572.2180786132812
 10
1703.23291015625
 20
572.8045043945312
 10
1708.14306640625
 20
573.3967895507812
 10
1711.89306640625
 20
573.7947387695312
 10
1713.92724609375
 20
569.5823364257812
 10
1715.84814453125
 20
565.2234497070312
 10
1716.26904296875
 20
564.1731567382812
 10
1714.41162109375
 20
562.0838012695312
 10
1717.19677734375
 20
561.8518676757812
 10
1717.38330078125
 20
561.3880004882812
 10
1715.47314453125
 20
559.3469848632812
 10
1718.25146484375
 20
559.0437622070312
 10
1719.20849609375
 20
556.3899536132812
 10
1720.64697265625
 20
551.9290161132812
 10
1721.85986328125
 20
547.6780395507812
 10
1716.33544921875
 20
547.5076293945312
 10
1712.80615234375
 20
547.4719848632812
 10
1708.55029296875
 20
547.5007934570312
 10
1704.29541015625
 20
547.5950317382812
 10
1679.70751953125
 20
548.4251098632812
 10
1676.99755859375
 20
548.4876098632812
 10
1673.91064453125
 20
548.4392700195312
 10
1672.96240234375
 20
548.3547973632812
 10
1672.04248046875
 20
548.1380004882812
 10
1671.52685546875
 20
547.9094848632812
 10
1671.06103515625
 20
547.5989379882812
 10
1670.66552734375
 20
547.2024536132812
 10
1670.34912109375
 20
546.6985473632812
 10
1670.14208984375
 20
546.1404418945312
 10
1670.03173828125
 20
545.5496215820312
 10
1670.01025390625
 20
544.9026489257812
 10
1670.09912109375
 20
544.2669067382812
 10
1670.31103515625
 20
543.6599731445312
 10
1670.65283203125
 20
543.1047973632812
 10
1671.10107421875
 20
542.6326293945312
 10
1671.63427734375
 20
542.2522583007812
 10
1672.35791015625
 20
541.9221801757812
 10
1673.12939453125
 20
541.7141723632812
 10
1673.92431640625
 20
541.5857543945312
 10
1675.64990234375
 20
541.4334106445312
 10
1677.38134765625
 20
541.3425903320312
 10
1683.35009765625
 20
540.9168090820312
 10
1699.57958984375
 20
540.0203247070312
 10
1706.87060546875
 20
539.5296020507812
 10
1716.60205078125
 20
538.7312622070312
 10
1726.23583984375
 20
537.7600708007812
 10
1727.38525390625
 20
532.7410278320312
 10
1728.27880859375
 20
528.2278442382812
 10
1729.05712890625
 20
523.6497192382812
 10
1729.73388671875
 20
519.0554809570312
 10
1730.17431640625
 20
515.7307739257812
 10
1730.78173828125
 20
510.44122314453125
  0
TEXT
  5
E3
330
17
100
AcDbEntity
  8
ANNOTATION
100
AcDbText
 10
1650.5038797129755
 20
539.0438683551291
 30
0.0
 40
12.5
  1
P07 0deg
100
AcDbText
  0
LWPOLYLINE
  5
E4
330
17
100
AcDbEntity
  8
PIECES
100
AcDbPolyline
 90
265
 70
1
 10
1897.06201171875
 20
508.33233642578125
 10
1893.06103515625
 20
508.76202392578125
 10
1890.39794921875
 20
509.10870361328125
 10
1887.29345703125
 20
509.56964111328125
 10
1884.19970703125
 20
510.09503173828125
 10
1881.08642578125
 20
510.69464111328125
 10
1877.98583984375
 20
511.35968017578125
 10
1863.71044921875
 20
514.7390747070312
 10
1859.15185546875
 20
515.7283325195312
 10
1857.78369140625
 20
515.9685668945312
 10
1856.40771484375
 20
516.1282348632812
 10
1855.02490234375
 20
516.1536254882812
 10
1854.15966796875
 20
516.0774536132812
 10
1853.31005859375
 20
515.9177856445312
 10
1852.49072265625
 20
515.6638793945312
 10
1851.71630859375
 20
515.3054809570312
 10
1851.00146484375
 20
514.8313598632812
 10
1850.32861328125
 20
514.2014770507812
 10
1849.77294921875
 20
513.4719848632812
 10
1849.33544921875
 20
512.6624145507812
 10
1849.01708984375
 20
511.79229736328125
 10
1848.81787109375
 20
510.88751220703125
 10
1848.72705078125
 20
509.96807861328125
 10
1848.72412109375
 20
509.03936767578125
 10
1848.90380859375
 20
507.17901611328125
 10
1849.27392578125
 20
505.08380126953125
 10
1850.14599609375
 20
500.91632080078125
 10
1850.45654296875
 20
499.01055908203125
 10
1850.65771484375
 20
497.09259033203125
 10
1850.72021484375
 20
495.16485595703125
 10
1850.64990234375
 20
493.61944580078125
 10
1850.44677734375
 20
492.08966064453125
 10
1850.08154296875
 20
490.59014892578125
 10
1849.61669921875
 20
489.33184814453125
 10
1849.01611328125
 20
488.13800048828125
 10
1848.28271484375
 20
487.02227783203125
 10
1847.41845703125
 20
485.99932861328125
 10
1846.49951171875
 20
485.14239501953125
 10
1845.49658203125
 20
484.39678955078125
 10
1844.42138671875
 20
483.76153564453125
 10
1843.28564453125
 20
483.23321533203125
 10
1842.10009765625
 20
482.81036376953125
 10
1840.87744140625
 20
482.49102783203125
 10
1839.22314453125
 20
482.22296142578125
 10
1837.55322265625
 20
482.11407470703125
 10
1835.87451171875
 20
482.13946533203125
 10
1834.19873046875
 20
482.27423095703125
 10
1832.12451171875
 20
482.55645751953125
 10
1825.72412109375
 20
483.75421142578125
 10
1823.43505859375
 20
484.12969970703125
 10
1821.13134765625
 20
484.39923095703125
 10
1818.57080078125
 20
484.53302001953125
 10
1816.22216796875
 20
484.51202392578125
 10
1813.87646484375
 20
484.57110595703125
 10
1811.31396484375
 20
484.47930908203125
 10
1809.00634765625
 20
484.24688720703125
 10
1806.71044921875
 20
483.90899658203125
 10
1800.29248046875
 20
482.81524658203125
 10
1798.21337890625
 20
482.56719970703125
 10
1796.53466796875
 20
482.45977783203125
 10
1794.85693359375
 20
482.46173095703125
 10
1793.18798828125
 20
482.59747314453125
 10
1791.53857421875
 20
482.89239501953125
 10
1790.32177734375
 20
483.23175048828125
 10
1789.14404296875
 20
483.67364501953125
 10
1788.01611328125
 20
484.22003173828125
 10
1786.95166015625
 20
484.87335205078125
 10
1785.96044921875
 20
485.63458251953125
 10
1785.05517578125
 20
486.50665283203125
 10
1784.20849609375
 20
487.54376220703125
 10
1783.49267578125
 20
488.67120361328125
 10
1782.91259765625
 20
489.87481689453125
 10
1782.46826171875
 20
491.14044189453125
 10
1782.12744140625
 20
492.64532470703125
 10
1781.94873046875
 20
494.17852783203125
 10
1781.90380859375
 20
495.72491455078125
 10
1781.99755859375
 20
497.65118408203125
 10
1782.22998046875
 20
499.56573486328125
 10
1782.57177734375
 20
501.46612548828125
 10
1783.51123046875
 20
505.61895751953125
 10
1783.91552734375
 20
507.70782470703125
 10
1784.12548828125
 20
509.56524658203125
 10
1784.13720703125
 20
510.49346923828125
 10
1784.06103515625
 20
511.41436767578125
 10
1783.87744140625
 20
512.3225708007812
 10
1783.57275390625
 20
513.1975708007812
 10
1783.14892578125
 20
514.0139770507812
 10
1782.60498046875
 20
514.7522583007812
 10
1781.94287109375
 20
515.3933715820312
 10
1781.23486328125
 20
515.8787231445312
 10
1780.46630859375
 20
516.2498168945312
 10
1779.65185546875
 20
516.5173950195312
 10
1778.80517578125
 20
516.6907348632812
 10
1777.94091796875
 20
516.7805786132812
 10
1776.55810546875
 20
516.7781372070312
 10
1775.18017578125
 20
516.6404418945312
 10
1773.80810546875
 20
516.4226684570312
 10
1769.23291015625
 20
515.5076293945312
 10
1754.90478515625
 20
512.3611450195312
 10
1751.79443359375
 20
511.74639892578125
 10
1748.67138671875
 20
511.19805908203125
 10
1745.56982421875
 20
510.72247314453125
 10
1742.45849609375
 20
510.31231689453125
 10
1739.78955078125
 20
510.00958251953125
 10
1735.78173828125
 20
509.64483642578125
 10
1736.02490234375
 20
512.1013793945312
 10
1736.42333984375
 20
515.4319458007812
 10
1736.89501953125
 20
518.7527465820312
 10
1737.67236328125
 20
523.3533325195312
 10
1738.55615234375
 20
527.9348754882812
 10
1739.48681640625
 20
532.3909301757812
 10
1740.34716796875
 20
536.2156372070312
 10
1745.10791015625
 20
536.6521606445312
 10
1749.74755859375
 20
537.0208129882812
 10
1759.23583984375
 20
537.6482543945312
 10
1766.60888671875
 20
538.2337036132812
 10
1769.70361328125
 20
538.3982543945312
 10
1779.82568359375
 20
538.7922973632812
 10
1788.86767578125
 20
539.2634887695312
 10
1793.03369140625
 20
539.6433715820312
 10
1793.77294921875
 20
539.7703247070312
 10
1794.48095703125
 20
540.0056762695312
 10
1795.33447265625
 20
540.5935668945312
 10
1795.70751953125
 20
541.0955200195312
 10
1795.95947265625
 20
541.6702270507812
 10
1796.10791015625
 20
542.3352661132812
 10
1796.13525390625
 20
543.0144653320312
 10
1796.05224609375
 20
543.6936645507812
 10
1795.90185546875
 20
544.2512817382812
 10
1795.66845703125
 20
544.7742309570312
 10
1795.33740234375
 20
545.2405395507812
 10
1794.85302734375
 20
545.6633911132812
 10
1794.28271484375
 20
545.9636840820312
 10
1793.63427734375
 20
546.1497192382812
 10
1792.96142578125
 20
546.2366333007812
 10
1789.34814453125
 20
546.3264770507812
 10
1783.84912109375
 20
546.2478637695312
 10
1766.18115234375
 20
545.6726684570312
 10
1758.16845703125
 20
545.4954223632812
 10
1750.26806640625
 20
545.4846801757812
 10
1744.55908203125
 20
545.5979614257812
 10
1746.07958984375
 20
550.5027465820312
 10
1747.63232421875
 20
554.9255981445312
 10
1749.33447265625
 20
559.2932739257812
 10
1751.21728515625
 20
563.6697387695312
 10
1753.24951171875
 20
567.9778442382812
 10
1754.56884765625
 20
570.5408325195312
 10
1766.89892578125
 20
569.0120239257812
 10
1771.40771484375
 20
568.4133911132812
 10
1783.11572265625
 20
566.7214965820312
 10
1786.15966796875
 20
566.3450317382812
 10
1788.14111328125
 20
566.1638793945312
 10
1790.12744140625
 20
566.0701293945312
 10
1791.09228515625
 20
566.0725708007812
 10
1792.05322265625
 20
566.1394653320312
 10
1792.99853515625
 20
566.3059692382812
 10
1793.68212890625
 20
566.5139770507812
 10
1794.32958984375
 20
566.8030395507812
 10
1794.92431640625
 20
567.1804809570312
 10
1795.44970703125
 20
567.6541137695312
 10
1795.91259765625
 20
568.2673950195312
 10
1796.25048828125
 20
568.9534301757812
 10
1796.46630859375
 20
569.6912231445312
 10
1796.56396484375
 20
570.4602661132812
 10
1796.53759765625
 20
571.3587036132812
 10
1796.39013671875
 20
572.2439575195312
 10
1796.15478515625
 20
573.1184692382812
 10
1794.76318359375
 20
577.3455200195312
 10
1793.30615234375
 20
582.6101684570312
 10
1792.63818359375
 20
585.3709106445312
 10
1791.81103515625
 20
589.4612426757812
 10
1791.18212890625
 20
593.5867309570312
 10
1790.83837890625
 20
596.8630981445312
 10
1790.62939453125
 20
600.1506958007812
 10
1790.54541015625
 20
603.8928833007812
 10
1790.59033203125
 20
605.9382934570312
 10
1792.26904296875
 20
606.3875122070312
 10
1795.87646484375
 20
607.1882934570312
 10
1799.56005859375
 20
607.8406372070312
 10
1803.26904296875
 20
608.3328247070312
 10
1807.39599609375
 20
608.6941528320312
 10
1811.53466796875
 20
608.8792114257812
 10
1815.23486328125
 20
608.9016723632812
 10
1817.21826171875
 20
606.8855590820312
 10
1819.23486328125
 20
608.8694458007812
 10
1822.93408203125
 20
608.7869262695312
 10
1827.06982421875
 20
608.5339965820312
 10
1831.19091796875
 20
608.1057739257812
 10
1834.89013671875
 20
607.5530395507812
 10
1838.56298828125
 20
606.8406372070312
 10
1842.15673828125
 20
605.9817504882812
 10
1843.82861328125
 20
605.5051879882812
 10
1843.83935546875
 20
603.4592895507812
 10
1843.69482421875
 20
599.7185668945312
 10
1843.43212890625
 20
596.4348754882812
 10
1843.03564453125
 20
593.1648559570312
 10
1842.33935546875
 20
589.0501098632812
 10
1841.44580078125
 20
584.9734497070312
 10
1840.73388671875
 20
582.2244262695312
 10
1839.19091796875
 20
576.9837036132812
 10
1837.72998046875
 20
572.7800903320312
 10
1837.48095703125
 20
571.9094848632812
 10
1837.31884765625
 20
571.0271606445312
 10
1837.27783203125
 20
570.1287231445312
 10
1837.36376953125
 20
569.3582153320312
 10
1837.56689453125
 20
568.6170043945312
 10
1837.89306640625
 20
567.9260864257812
 10
1838.34716796875
 20
567.3049926757812
 10
1838.86376953125
 20
566.8230590820312
 10
1839.45263671875
 20
566.4358520507812
 10
1840.09521484375
 20
566.1365356445312
 10
1840.77490234375
 20
565.9172973632812
 10
1841.71826171875
 20
565.7351684570312
 10
1842.67724609375
 20
565.6526489257812
 10
1843.64208984375
 20
565.6345825195312
 10
1845.63037109375
 20
565.6961059570312
 10
1847.61376953125
 20
565.8450317382812
 10
1850.66455078125
 20
566.1721801757812
 10
1862.39697265625
 20
567.6726684570312
 10
1866.91552734375
 20
568.1980590820312
 10
1879.26806640625
 20
569.5261840820312
 10
1880.54638671875
 20
566.9421997070312
 10
1882.50830078125
 20
562.6013793945312
 10
1884.31884765625
 20
558.1951293945312
 10
1884.87841796875
 20
556.6882934570312
 10
1882.97021484375
 20
554.6463012695312
 10
1885.74853515625
 20
554.3445434570312
 10
1887.43115234375
 20
549.3523559570312
 10
1888.87060546875
 20
544.4236450195312
 10
1883.16162109375
 20
544.4031372070312
 10
1879.58837890625
 20
544.4431762695312
 10
1870.93896484375
 20
544.6917114257812
 10
1849.59716796875
 20
545.7131958007812
 10
1844.10009765625
 20
545.8806762695312
 10
1840.48583984375
 20
545.8499145507812
 10
1839.81201171875
 20
545.7737426757812
 10
1839.16064453125
 20
545.5989379882812
 10
1838.58544921875
 20
545.3074340820312
 10
1838.09326171875
 20
544.8923950195312
 10
1837.75537109375
 20
544.4314575195312
 10
1837.51318359375
 20
543.9129028320312
 10
1837.35400390625
 20
543.3572387695312
 10
1837.26025390625
 20
542.6795043945312
 10
1837.27587890625
 20
542.0003051757812
 10
1837.41357421875
 20
541.3333129882812
 10
1837.65673828125
 20
540.7542114257812
 10
1838.02099609375
 20
540.2463989257812
 10
1838.86572265625
 20
539.6448364257812
 10
1839.56982421875
 20
539.3977661132812
 10
1840.30712890625
 20
539.2586059570312
 10
1844.46630859375
 20
538.8108520507812
 10
1853.49853515625
 20
538.1931762695312
 10
1863.61279296875
 20
537.6340942382812
 10
1866.70458984375
 20
537.4192504882812
 10
1874.06689453125
 20
536.7136840820312
 10
1883.54443359375
 20
535.9324340820312
 10
1888.17626953125
 20
535.4880981445312
 10
1892.93017578125
 20
534.9744262695312
 10
1893.72802734375
 20
531.1355590820312
 10
1894.58642578125
 20
526.6653442382812
 10
1895.39501953125
 20
522.0696411132812
 10
1896.09716796875
 20
517.4573364257812
 10
1896.51513671875
 20
514.1292114257812
 10
1896.85888671875
 20
510.79278564453125
 10
1897.06201171875
 20
508.33233642578125
  0
TEXT
  5
E5
330
17
100
AcDbEntity
  8
ANNOTATION
100
AcDbText
 10
1817.4844063237028
 20
536.2594387990124
 30
0.0
 40
12.5
  1
P08 0deg
100
AcDbText
  0
LWPOLYLINE
  5
E6
330
17
100
AcDbEntity
  8
PIECES
100
AcDbPolyline
 90
254
 70
1
 10
164.1484375
 20
667.697509765625
 10
159.3681640625
 20
668.375732421875
 10
155.3701171875
 20
668.996337890625
 10
150.8583984375
 20
669.754638671875
 10
141.783203125
 20
671.395751953125
 10
137.220703125
 20
672.266845703125
 10
128.0146484375
 20
674.114013671875
 10
125.873046875
 20
674.470458984375
 10
124.5712890625
 20
674.616943359375
 10
123.2666015625
 20
674.666748046875
 10
121.9658203125
 20
674.572998046875
 10
121.00390625
 20
674.383056640625
 10
120.078125
 20
674.076904296875
 10
119.2109375
 20
673.643798828125
 10
118.423828125
 20
673.072509765625
 10
117.740234375
 20
672.358642578125
 10
117.189453125
 20
671.540283203125
 10
116.7705078125
 20
670.641357421875
 10
116.490234375
 20
669.715576171875
 10
116.3291015625
 20
668.763427734375
 10
116.2724609375
 20
667.796142578125
 10
116.3076171875
 20
666.823974609375
 10
116.4912109375
 20
665.419189453125
 10
117.1064453125
 20
662.646728515625
 10
118.0419921875
 20
658.117919921875
 10
118.271484375
 20
656.591064453125
 10
118.4189453125
 20
655.056396484375
 10
118.4482421875
 20
653.515869140625
 10
118.3583984375
 20
652.238037109375
 10
118.15625
 20
650.976806640625
 10
117.8359375
 20
649.741943359375
 10
117.390625
 20
648.543701171875
 10
116.8125
 20
647.388427734375
 10
116.1142578125
 20
646.307373046875
 10
115.2998046875
 20
645.310791015625
 10
114.376953125
 20
644.408447265625
 10
113.373046875
 20
643.626220703125
 10
112.2939453125
 20
642.959716796875
 10
111.1494140625
 20
642.409912109375
 10
109.9501953125
 20
641.979736328125
 10
108.755859375
 20
641.678466796875
 10
107.5419921875
 20
641.481689453125
 10
106.3134765625
 20
641.375732421875
 10
105.078125
 20
641.347412109375
 10
103.8408203125
 20
641.382568359375
 10
101.6240234375
 20
641.565673828125
 10
94.318359375
 20
642.594970703125
 10
91.4130859375
 20
642.910888671875
 10
87.896484375
 20
643.087646484375
 10
81.4853515625
 20
643.056884765625
 10
77.9697265625
 20
642.846435546875
 10
75.068359375
 20
642.502685546875
 10
67.7734375
 20
641.403564453125
 10
65.5576171875
 20
641.198974609375
 10
64.3203125
 20
641.152099609375
 10
63.0849609375
 20
641.168701171875
 10
61.8564453125
 20
641.262939453125
 10
60.6396484375
 20
641.447509765625
 10
59.4423828125
 20
641.737548828125
 10
58.240234375
 20
642.156494140625
 10
57.08984375
 20
642.695068359375
 10
56.00390625
 20
643.351318359375
 10
54.9931640625
 20
644.123779296875
 10
54.0615234375
 20
645.017333984375
 10
53.2373046875
 20
646.006103515625
 10
52.5283203125
 20
647.080322265625
 10
51.9404296875
 20
648.229736328125
 10
51.4833984375
 20
649.423583984375
 10
51.150390625
 20
650.655517578125
 10
50.9365234375
 20
651.914794921875
 10
50.8349609375
 20
653.191650390625
 10
50.849609375
 20
654.732177734375
 10
50.982421875
 20
656.268310546875
 10
51.1962890625
 20
657.797607421875
 10
52.0888671875
 20
662.334716796875
 10
52.677734375
 20
665.113525390625
 10
52.84765625
 20
666.520263671875
 10
52.873046875
 20
667.492431640625
 10
52.8076171875
 20
668.459228515625
 10
52.63671875
 20
669.409423828125
 10
52.34765625
 20
670.332763671875
 10
51.9208984375
 20
671.227294921875
 10
51.3623046875
 20
672.040771484375
 10
50.671875
 20
672.747802734375
 10
49.87890625
 20
673.311767578125
 10
49.0078125
 20
673.736572265625
 10
48.0791015625
 20
674.033447265625
 10
47.115234375
 20
674.214111328125
 10
45.8134765625
 20
674.295166015625
 10
44.509765625
 20
674.233154296875
 10
43.208984375
 20
674.074462890625
 10
41.0712890625
 20
673.697509765625
 10
31.8837890625
 20
671.762451171875
 10
27.3291015625
 20
670.847412109375
 10
18.2705078125
 20
669.119384765625
 10
13.765625
 20
668.317626953125
 10
9.7744140625
 20
667.658447265625
 10
5.0
 20
666.934814453125
 10
5.3046875
 20
669.969482421875
 10
5.693359375
 20
673.300537109375
 10
6.1435546875
 20
676.624267578125
 10
6.8857421875
 20
681.315673828125
 10
7.7041015625
 20
685.995361328125
 10
8.9970703125
 20
693.020751953125
 10
21.671875
 20
694.117919921875
 10
26.5634765625
 20
694.478271484375
 10
34.08984375
 20
694.913818359375
 10
47.298828125
 20
695.769287109375
 10
56.1767578125
 20
696.438720703125
 10
59.6845703125
 20
696.804931640625
 10
60.41015625
 20
696.915283203125
 10
61.1220703125
 20
697.075927734375
 10
61.8056640625
 20
697.326416015625
 10
62.384765625
 20
697.657470703125
 10
62.880859375
 20
698.092041015625
 10
63.2529296875
 20
698.634033203125
 10
63.4619140625
 20
699.257568359375
 10
63.5166015625
 20
699.915283203125
 10
63.455078125
 20
700.582763671875
 10
63.328125
 20
701.154541015625
 10
63.1162109375
 20
701.692138671875
 10
62.7939453125
 20
702.169677734375
 10
62.365234375
 20
702.544677734375
 10
61.861328125
 20
702.814697265625
 10
61.3134765625
 20
702.993896484375
 10
60.46484375
 20
703.122314453125
 10
59.6044921875
 20
703.150634765625
 10
47.791015625
 20
702.923095703125
 10
33.412109375
 20
702.538330078125
 10
21.0732421875
 20
702.140869140625
 10
13.2421875
 20
701.997802734375
 10
14.50390625
 20
706.063232421875
 10
16.044921875
 20
710.489990234375
 10
17.736328125
 20
714.862548828125
 10
19.607421875
 20
719.243896484375
 10
21.62890625
 20
723.557373046875
 10
22.92578125
 20
726.092041015625
 10
25.224609375
 20
725.931884765625
 10
29.787109375
 20
725.534912109375
 10
33.2451171875
 20
725.180908203125
 10
39.69140625
 20
724.406005859375
 10
48.076171875
 20
723.274169921875
 10
53.2939453125
 20
722.704833984375
 10
58.0078125
 20
722.270751953125
 10
58.9716796875
 20
722.228759765625
 10
59.93359375
 20
722.245361328125
 10
60.88671875
 20
722.360595703125
 10
61.5869140625
 20
722.534423828125
 10
62.251953125
 20
722.796630859375
 10
62.86328125
 20
723.156494140625
 10
63.400390625
 20
723.624267578125
 10
63.7998046875
 20
724.138427734375
 10
64.099609375
 20
724.710205078125
 10
64.3037109375
 20
725.324951171875
 10
64.4169921875
 20
725.968505859375
 10
64.443359375
 20
726.627685546875
 10
64.35546875
 20
727.494384765625
 10
64.1572265625
 20
728.342041015625
 10
63.8828125
 20
729.176025390625
 10
63.244140625
 20
730.826416015625
 10
62.388671875
 20
733.369384765625
 10
60.888671875
 20
738.760009765625
 10
60.1962890625
 20
741.585693359375
 10
59.435546875
 20
745.497314453125
 10
58.85546875
 20
749.440185546875
 10
58.53125
 20
752.219482421875
 10
58.2783203125
 20
755.006103515625
 10
58.1142578125
 20
757.560791015625
 10
58.0078125
 20
760.703857421875
 10
61.576171875
 20
761.538818359375
 10
65.1337890625
 20
762.205810546875
 10
69.126953125
 20
762.758056640625
 10
73.1396484375
 20
763.156494140625
 10
77.0947265625
 20
763.449462890625
 10
82.11328125
 20
763.701904296875
 10
84.1220703125
 20
761.712158203125
 10
86.111328125
 20
763.720947265625
 10
91.1328125
 20
763.516845703125
 10
95.08984375
 20
763.261474609375
 10
99.1064453125
 20
762.901611328125
 10
103.10546875
 20
762.387939453125
 10
106.6689453125
 20
761.754638671875
 10
110.2451171875
 20
760.954345703125
 10
110.16796875
 20
757.810302734375
 10
110.029296875
 20
755.254150390625
 10
109.8037109375
 20
752.465087890625
 10
109.5048828125
 20
749.682861328125
 10
108.962890625
 20
745.734619140625
 10
108.240234375
 20
741.816162109375
 10
107.57421875
 20
738.983642578125
 10
106.1259765625
 20
733.578857421875
 10
105.294921875
 20
731.028076171875
 10
104.6728515625
 20
729.371337890625
 10
104.40625
 20
728.534912109375
 10
104.2158203125
 20
727.685791015625
 10
104.13671875
 20
726.817626953125
 10
104.1689453125
 20
726.159423828125
 10
104.2880859375
 20
725.516357421875
 10
104.498046875
 20
724.903564453125
 10
104.8037109375
 20
724.334716796875
 10
105.2080078125
 20
723.824462890625
 10
105.7490234375
 20
723.362060546875
 10
106.3642578125
 20
723.008056640625
 10
107.0322265625
 20
722.752197265625
 10
107.734375
 20
722.585205078125
 10
108.6884765625
 20
722.478759765625
 10
109.6494140625
 20
722.471923828125
 10
110.61328125
 20
722.523193359375
 10
115.322265625
 20
723.002197265625
 10
120.53515625
 20
723.621337890625
 10
128.908203125
 20
724.833251953125
 10
135.3466796875
 20
725.670166015625
 10
138.8017578125
 20
726.057373046875
 10
143.359375
 20
726.498291015625
 10
145.6572265625
 20
726.680419921875
 10
146.978515625
 20
724.157958984375
 10
149.041015625
 20
719.864013671875
 10
150.9541015625
 20
715.500732421875
 10
152.6875
 20
711.144775390625
 10
154.2705078125
 20
706.733154296875
 10
155.5712890625
 20
702.679931640625
 10
147.7392578125
 20
702.747802734375
 10
135.3974609375
 20
703.027099609375
 10
121.0146484375
 20
703.273681640625
 10
109.2001953125
 20
703.388427734375
 10
108.33984375
 20
703.351806640625
 10
107.4931640625
 20
703.215087890625
 10
106.9462890625
 20
703.030517578125
 10
106.4453125
 20
702.755615234375
 10
106.0205078125
 20
702.376708984375
 10
105.7021484375
 20
701.896240234375
 10
105.49609375
 20
701.356201171875
 10
105.3740234375
 20
700.783447265625
 10
105.3193359375
 20
700.115478515625
 10
105.3798828125
 20
699.458251953125
 10
105.5947265625
 20
698.837158203125
 10
105.97265625
 20
698.298583984375
 10
106.47265625
 20
697.868896484375
 10
107.0546875
 20
697.543212890625
 10
107.740234375
 20
697.299560546875
 10
108.4541015625
 20
697.145263671875
 10
109.1806640625
 20
697.042236328125
 10
112.6923828125
 20
696.709716796875
 10
121.576171875
 20
696.125244140625
 10
134.79296875
 20
695.396240234375
 10
142.322265625
 20
695.032958984375
 10
147.216796875
 20
694.719482421875
 10
159.90234375
 20
693.743896484375
 10
161.2626953125
 20
686.731201171875
 10
162.125
 20
682.059814453125
 10
162.912109375
 20
677.375244140625
 10
163.39453125
 20
674.056396484375
 10
163.8154296875
 20
670.728759765625
 10
164.1484375
 20
667.697509765625
  0
TEXT
  5
E7
330
17
100
AcDbEntity
  8
ANNOTATION
100
AcDbText
 10
84.75656680610236
 20
694.7040823388287
 30
0.0
 40
12.5
  1
P09 0deg
100
AcDbText
  0
LWPOLYLINE
  5
E8
330
17
100
AcDbEntity
  8
PIECES
100
AcDbPolyline
 90
278
 70
1
 10
169.1484375
 20
759.9102783203125
 10
176.4013671875
 20
758.6074829101562
 10
181.29345703125
 20
757.6619262695312
 10
202.57666015625
 20
753.2040405273438
 10
209.02490234375
 20
751.921875
 10
211.32275390625
 20
751.591796875
 10
212.728515625
 20
751.4893798828125
 10
214.13330078125
 20
751.508056640625
 10
215.52490234375
 20
751.6890869140625
 10
216.39599609375
 20
751.9064331054688
 10
217.23681640625
 20
752.2073364257812
 10
218.03466796875
 20
752.5938720703125
 10
218.77734375
 20
753.0692749023438
 10
219.451171875
 20
753.6362915039062
 10
220.04443359375
 20
754.2966918945312
 10
220.54541015625
 20
755.0531005859375
 10
220.93359375
 20
755.8661499023438
 10
221.21875
 20
756.7233276367188
 10
221.4130859375
 20
757.6130981445312
 10
221.52587890625
 20
758.5243530273438
 10
221.56787109375
 20
759.4446411132812
 10
221.5
 20
761.0687255859375
 10
221.29296875
 20
762.6820678710938
 10
220.99755859375
 20
764.2855834960938
 10
220.30078125
 20
767.4701538085938
 10
218.9072265625
 20
773.57470703125
 10
218.39794921875
 20
776.5305786132812
 10
218.212890625
 20
778.2600708007812
 10
218.14306640625
 20
779.9949340820312
 10
218.21923828125
 20
781.7294311523438
 10
218.3916015625
 20
783.025634765625
 10
218.66748046875
 20
784.3006591796875
 10
219.05078125
 20
785.5468139648438
 10
219.5439453125
 20
786.7562866210938
 10
220.1298828125
 20
787.8862915039062
 10
220.81640625
 20
788.95263671875
 10
221.60009765625
 20
789.9464721679688
 10
222.478515625
 20
790.85791015625
 10
223.44921875
 20
791.6781616210938
 10
224.53955078125
 20
792.4190063476562
 10
225.6982421875
 20
793.0429077148438
 10
226.91357421875
 20
793.5524291992188
 10
228.1728515625
 20
793.949462890625
 10
229.8271484375
 20
794.2991943359375
 10
231.505859375
 20
794.4926147460938
 10
233.19873046875
 20
794.5568237304688
 10
234.896484375
 20
794.52001953125
 10
237.11474609375
 20
794.3634033203125
 10
239.32568359375
 20
794.1240844726562
 10
247.41796875
 20
793.1201782226562
 10
250.2080078125
 20
792.8509521484375
 10
253.0048828125
 20
792.6712036132812
 10
255.98681640625
 20
792.6119384765625
 10
257.34814453125
 20
792.6439819335938
 10
257.73779296875
 20
793.4492797851562
 10
258.14794921875
 20
792.654541015625
 10
259.5107421875
 20
792.6572875976562
 10
262.490234375
 20
792.7938232421875
 10
265.28173828125
 20
793.0457153320312
 10
268.06396484375
 20
793.3867797851562
 10
276.12744140625
 20
794.5994873046875
 10
278.33203125
 20
794.8958129882812
 10
280.544921875
 20
795.1098022460938
 10
282.2412109375
 20
795.1901245117188
 10
283.935546875
 20
795.169921875
 10
285.61865234375
 20
795.0200805664062
 10
287.28125
 20
794.7130737304688
 10
288.55078125
 20
794.3489379882812
 10
289.7783203125
 20
793.8707885742188
 10
290.95263671875
 20
793.2769165039062
 10
292.06201171875
 20
792.5647583007812
 10
293.05322265625
 20
791.7699584960938
 10
293.955078125
 20
790.8812866210938
 10
294.76416015625
 20
789.9078979492188
 10
295.47802734375
 20
788.8596801757812
 10
296.09326171875
 20
787.7452392578125
 10
296.6171875
 20
786.5491333007812
 10
297.03271484375
 20
785.3130493164062
 10
297.341796875
 20
784.0452270507812
 10
297.546875
 20
782.7542114257812
 10
297.66845703125
 20
781.0226440429688
 10
297.64306640625
 20
779.2861328125
 10
297.5029296875
 20
777.5524291992188
 10
297.06982421875
 20
774.58447265625
 10
295.83447265625
 20
768.4462280273438
 10
295.22021484375
 20
765.24462890625
 10
294.96630859375
 20
763.6339721679688
 10
294.80126953125
 20
762.015625
 10
294.775390625
 20
760.3909301757812
 10
294.84130859375
 20
759.4714965820312
 10
294.9775390625
 20
758.5635986328125
 10
295.1943359375
 20
757.6790771484375
 10
295.501953125
 20
756.8292846679688
 10
295.9111328125
 20
756.0267944335938
 10
296.431640625
 20
755.2837524414062
 10
297.04150390625
 20
754.6386108398438
 10
297.72998046875
 20
754.0894775390625
 10
298.484375
 20
753.6333618164062
 10
299.2919921875
 20
753.2675170898438
 10
300.140625
 20
752.9883422851562
 10
301.01708984375
 20
752.7936401367188
 10
302.41259765625
 20
752.6484985351562
 10
303.8173828125
 20
752.6661987304688
 10
305.22021484375
 20
752.8049926757812
 10
307.5087890625
 20
753.1940307617188
 10
313.921875
 20
754.6426391601562
 10
335.08251953125
 20
759.6489868164062
 10
339.94873046875
 20
760.7203979492188
 10
347.1650390625
 20
762.2102661132812
 10
347.09765625
 20
760.1536254882812
 10
346.78564453125
 20
755.2582397460938
 10
346.322265625
 20
750.3749389648438
 10
345.73876953125
 20
745.7542114257812
 10
345.04833984375
 20
741.147705078125
 10
344.294921875
 20
736.6099243164062
 10
343.47119140625
 20
732.0841064453125
 10
343.01806640625
 20
729.8170776367188
 10
332.478515625
 20
729.0255737304688
 10
328.486328125
 20
728.6682739257812
 10
315.4638671875
 20
727.3924560546875
 10
305.25244140625
 20
726.524658203125
 10
298.8193359375
 20
725.8795776367188
 10
288.36767578125
 20
724.7135620117188
 10
287.12939453125
 20
724.4888305664062
 10
285.91552734375
 20
724.1619262695312
 10
285.14453125
 20
723.87060546875
 10
284.41455078125
 20
723.4964599609375
 10
283.748046875
 20
723.0203857421875
 10
283.26806640625
 20
722.544677734375
 10
282.87109375
 20
722.0010375976562
 10
282.57177734375
 20
721.3970947265625
 10
282.3828125
 20
720.7491455078125
 10
282.30224609375
 20
720.0796508789062
 10
282.318359375
 20
719.402099609375
 10
282.46728515625
 20
718.5623168945312
 10
282.77197265625
 20
717.7677001953125
 10
283.25048828125
 20
717.0459594726562
 10
283.8779296875
 20
716.4484252929688
 10
284.55078125
 20
716.0333251953125
 10
285.28466796875
 20
715.7345581054688
 10
286.05517578125
 20
715.5287475585938
 10
287.23779296875
 20
715.3472290039062
 10
288.43408203125
 20
715.2748413085938
 10
289.6357421875
 20
715.2674560546875
 10
301.1318359375
 20
715.5750732421875
 10
316.69970703125
 20
716.2042846679688
 10
337.380859375
 20
716.9540405273438
 10
336.283203125
 20
712.8204956054688
 10
334.96044921875
 20
708.2815551757812
 10
333.861328125
 20
704.7818603515625
 10
332.6875
 20
701.3072509765625
 10
327.5625
 20
687.2971801757812
 10
321.54296875
 20
687.8289794921875
 10
306.77294921875
 20
689.4698486328125
 10
298.0087890625
 20
690.5851440429688
 10
294.98486328125
 20
690.9235229492188
 10
289.96044921875
 20
691.38330078125
 10
287.9619140625
 20
691.408447265625
 10
286.7333984375
 20
691.2932739257812
 10
285.5390625
 20
691.0023803710938
 10
284.85546875
 20
690.7139892578125
 10
284.22265625
 20
690.336669921875
 10
283.65673828125
 20
689.8697509765625
 10
283.17529296875
 20
689.3118896484375
 10
282.74560546875
 20
688.5640869140625
 10
282.46484375
 20
687.7518920898438
 10
282.31298828125
 20
686.8975830078125
 10
282.27099609375
 20
686.023681640625
 10
282.34130859375
 20
684.9714965820312
 10
282.513671875
 20
683.929931640625
 10
282.75634765625
 20
682.8998413085938
 10
283.51025390625
 20
680.39453125
 10
285.21630859375
 20
675.2365112304688
 10
286.02685546875
 20
672.540771484375
 10
287.138671875
 20
668.49658203125
 10
288.08935546875
 20
664.4129028320312
 10
288.748046875
 20
660.8613891601562
 10
289.28515625
 20
657.2891845703125
 10
289.83349609375
 20
652.7643432617188
 10
290.23046875
 20
648.2241821289062
 10
290.337890625
 20
646.2286987304688
 10
287.6611328125
 20
645.2311401367188
 10
284.43603515625
 20
644.2166748046875
 10
281.15771484375
 20
643.3849487304688
 10
278.34130859375
 20
642.827880859375
 10
275.50439453125
 20
642.38427734375
 10
272.654296875
 20
642.02392578125
 10
269.10205078125
 20
641.6596069335938
 10
265.54150390625
 20
641.3855590820312
 10
261.70703125
 20
641.203857421875
 10
259.681640625
 20
643.1775512695312
 10
257.7080078125
 20
641.152099609375
 10
253.86669921875
 20
641.2344970703125
 10
250.30029296875
 20
641.4164428710938
 10
246.7392578125
 20
641.6892700195312
 10
243.88134765625
 20
641.9754028320312
 10
241.03369140625
 20
642.3456420898438
 10
238.20361328125
 20
642.8300170898438
 10
234.9052734375
 20
643.5767822265625
 10
231.65478515625
 20
644.5075073242188
 10
228.95361328125
 20
645.4356079101562
 10
229.00927734375
 20
647.4329833984375
 10
229.28857421875
 20
651.9824829101562
 10
229.72021484375
 20
656.52001953125
 10
230.16455078125
 20
660.1044921875
 10
230.7314453125
 20
663.6715698242188
 10
231.576171875
 20
667.7786865234375
 10
232.5830078125
 20
671.8506469726562
 10
233.32373046875
 20
674.5661010742188
 10
234.89599609375
 20
679.7667236328125
 10
235.5849609375
 20
682.2903442382812
 10
235.80078125
 20
683.3264770507812
 10
235.9462890625
 20
684.3721313476562
 10
235.9892578125
 20
685.42578125
 10
235.92529296875
 20
686.29833984375
 10
235.7509765625
 20
687.1484985351562
 10
235.44921875
 20
687.952880859375
 10
235.00048828125
 20
688.6893310546875
 10
234.50439453125
 20
689.2344360351562
 10
233.92724609375
 20
689.6868286132812
 10
233.28466796875
 20
690.0477294921875
 10
232.59375
 20
690.3179931640625
 10
231.39208984375
 20
690.5783081054688
 10
230.16162109375
 20
690.6613159179688
 10
228.1640625
 20
690.58447265625
 10
223.1533203125
 20
689.9954223632812
 10
220.138671875
 20
689.5789794921875
 10
211.40673828125
 20
688.2379150390625
 10
196.68359375
 20
686.2155151367188
 10
190.68017578125
 20
685.5286254882812
 10
185.75830078125
 20
697.9646606445312
 10
187.64697265625
 20
700.0252685546875
 10
184.865234375
 20
700.2999877929688
 10
184.693359375
 20
700.7692260742188
 10
186.61474609375
 20
702.7987060546875
 10
183.83837890625
 20
703.118408203125
 10
182.74267578125
 20
706.3151245117188
 10
181.302734375
 20
710.8185424804688
 10
180.0986328125
 20
714.9221801757812
 10
200.79248046875
 20
714.7066040039062
 10
216.37158203125
 20
714.4799194335938
 10
227.87158203125
 20
714.4697265625
 10
229.07275390625
 20
714.5082397460938
 10
230.2666015625
 20
714.6111450195312
 10
231.4443359375
 20
714.8231201171875
 10
232.208984375
 20
715.0488891601562
 10
232.93505859375
 20
715.3663330078125
 10
233.59716796875
 20
715.798828125
 10
234.208984375
 20
716.4121704101562
 10
234.66845703125
 20
717.1463623046875
 10
234.95263671875
 20
717.9483032226562
 10
235.07958984375
 20
718.7919311523438
 10
235.07861328125
 20
719.4697875976562
 10
234.98046875
 20
720.1365966796875
 10
234.77490234375
 20
720.7796020507812
 10
234.4599609375
 20
721.3757934570312
 10
234.048828125
 20
721.9087524414062
 10
233.55712890625
 20
722.3718872070312
 10
232.87841796875
 20
722.830810546875
 10
232.13916015625
 20
723.1856689453125
 10
231.36083984375
 20
723.457275390625
 10
230.13916015625
 20
723.7528686523438
 10
228.8955078125
 20
723.945068359375
 10
227.640625
 20
724.0765380859375
 10
218.4169921875
 20
724.8409423828125
 10
211.96923828125
 20
725.3193359375
 10
201.73876953125
 20
725.923095703125
 10
188.68798828125
 20
726.8619384765625
 10
184.6875
 20
727.1163940429688
 10
174.13134765625
 20
727.6348876953125
 10
173.61962890625
 20
729.8899536132812
 10
172.67919921875
 20
734.392333984375
 10
171.80908203125
 20
738.9095458984375
 10
171.0
 20
743.4967041015625
 10
170.296875
 20
748.1004028320312
 10
169.7080078125
 20
752.9702758789062
 10
169.26953125
 20
757.8563842773438
 10
169.1484375
 20
759.9102783203125
  0
TEXT
  5
E9
330
17
100
AcDbEntity
  8
ANNOTATION
100
AcDbText
 10
257.1018452815872
 20
728.1599213305137
 30
0.0
 40
12.5
  1
P01 180deg
100
AcDbText
  0
LWPOLYLINE
  5
EA
330
17
100
AcDbEntity
  8
PIECES
100
AcDbPolyline
 90
263
 70
1
 10
352.1650390625
 20
758.370361328125
 10
360.08935546875
 20
756.781494140625
 10
368.9091796875
 20
755.178466796875
 10
373.77490234375
 20
754.254150390625
 10
377.77978515625
 20
753.361083984375
 10
385.58154296875
 20
751.472900390625
 10
389.4033203125
 20
750.590576171875
 10
393.83544921875
 20
749.723876953125
 10
395.87060546875
 20
749.443115234375
 10
396.89013671875
 20
749.403076171875
 10
397.908203125
 20
749.475341796875
 10
398.96240234375
 20
749.701416015625
 10
399.966796875
 20
750.078857421875
 10
400.9072265625
 20
750.597412109375
 10
401.7685546875
 20
751.248291015625
 10
402.56982421875
 20
752.061767578125
 10
403.23974609375
 20
752.983154296875
 10
403.76611328125
 20
753.996337890625
 10
404.11181640625
 20
754.973388671875
 10
404.33740234375
 20
755.980712890625
 10
404.4580078125
 20
757.009521484375
 10
404.48681640625
 20
758.050537109375
 10
404.4384765625
 20
759.094482421875
 10
404.15966796875
 20
761.190673828125
 10
402.1572265625
 20
770.435791015625
 10
401.72607421875
 20
773.276611328125
 10
401.59033203125
 20
774.907470703125
 10
401.55908203125
 20
776.541748046875
 10
401.65234375
 20
778.173583984375
 10
401.83349609375
 20
779.485107421875
 10
402.11572265625
 20
780.776123046875
 10
402.50390625
 20
782.038330078125
 10
403.00244140625
 20
783.263427734375
 10
403.57177734375
 20
784.365966796875
 10
404.23583984375
 20
785.408447265625
 10
404.9931640625
 20
786.382080078125
 10
405.84130859375
 20
787.278076171875
 10
406.7783203125
 20
788.087158203125
 10
407.83984375
 20
788.824951171875
 10
408.96875
 20
789.447509765625
 10
410.1552734375
 20
789.957275390625
 10
411.38671875
 20
790.354736328125
 10
412.9541015625
 20
790.696044921875
 10
414.5458984375
 20
790.887451171875
 10
416.15185546875
 20
790.952392578125
 10
417.76171875
 20
790.913330078125
 10
420.107421875
 20
790.718505859375
 10
422.44189453125
 20
790.408447265625
 10
427.63818359375
 20
789.557861328125
 10
430.51708984375
 20
789.141357421875
 10
433.02392578125
 20
788.875732421875
 10
435.53955078125
 20
788.702392578125
 10
438.294921875
 20
788.608642578125
 10
439.8310546875
 20
788.613037109375
 10
440.234375
 20
789.411865234375
 10
440.63134765625
 20
788.610107421875
 10
442.16943359375
 20
788.593505859375
 10
444.92529296875
 20
788.665283203125
 10
447.44189453125
 20
788.818603515625
 10
449.951171875
 20
789.064697265625
 10
452.8330078125
 20
789.458740234375
 10
458.03564453125
 20
790.268310546875
 10
460.37255859375
 20
790.559814453125
 10
462.7197265625
 20
790.736572265625
 10
464.330078125
 20
790.762451171875
 10
465.935546875
 20
790.685302734375
 10
467.525390625
 20
790.481201171875
 10
469.09033203125
 20
790.127197265625
 10
470.31884765625
 20
789.719970703125
 10
471.5009765625
 20
789.201416015625
 10
472.625
 20
788.569580078125
 10
473.68017578125
 20
787.823486328125
 10
474.611328125
 20
787.007568359375
 10
475.4521484375
 20
786.104736328125
 10
476.2021484375
 20
785.124755859375
 10
476.85791015625
 20
784.076904296875
 10
477.41796875
 20
782.969970703125
 10
477.9072265625
 20
781.741455078125
 10
478.28515625
 20
780.476318359375
 10
478.5576171875
 20
779.182861328125
 10
478.728515625
 20
777.869873046875
 10
478.80859375
 20
776.237060546875
 10
478.7646484375
 20
774.603271484375
 10
478.6162109375
 20
772.973388671875
 10
478.162109375
 20
770.136474609375
 10
476.0869140625
 20
760.907470703125
 10
475.7919921875
 20
758.813232421875
 10
475.7353515625
 20
757.769775390625
 10
475.755859375
 20
756.728759765625
 10
475.8681640625
 20
755.698974609375
 10
476.08642578125
 20
754.689697265625
 10
476.423828125
 20
753.710205078125
 10
476.9423828125
 20
752.692626953125
 10
477.60498046875
 20
751.765869140625
 10
478.400390625
 20
750.946044921875
 10
479.25634765625
 20
750.288818359375
 10
480.1923828125
 20
749.762451171875
 10
481.19384765625
 20
749.377197265625
 10
482.24658203125
 20
749.142822265625
 10
483.263671875
 20
749.062744140625
 10
484.28369140625
 20
749.094970703125
 10
486.32080078125
 20
749.359619140625
 10
490.759765625
 20
750.191162109375
 10
494.58837890625
 20
751.043701171875
 10
502.404296875
 20
752.869873046875
 10
506.41650390625
 20
753.731201171875
 10
511.2890625
 20
754.617431640625
 10
520.12158203125
 20
756.151123046875
 10
528.0576171875
 20
757.677001953125
 10
527.6923828125
 20
753.141845703125
 10
527.14794921875
 20
748.266845703125
 10
526.48681640625
 20
743.656982421875
 10
525.7197265625
 20
739.062744140625
 10
524.890625
 20
734.537841796875
 10
523.9912109375
 20
730.026611328125
 10
522.99951171875
 20
725.470458984375
 10
513.501953125
 20
724.822998046875
 10
486.37451171875
 20
723.281494140625
 10
474.0048828125
 20
722.729248046875
 10
468.19384765625
 20
722.361572265625
 10
466.7939453125
 20
722.151611328125
 10
466.14453125
 20
721.978271484375
 10
465.52099609375
 20
721.739013671875
 10
464.93994140625
 20
721.420654296875
 10
464.42041015625
 20
721.009033203125
 10
463.861328125
 20
720.319580078125
 10
463.47900390625
 20
719.516357421875
 10
463.271484375
 20
718.562255859375
 10
463.28369140625
 20
717.584716796875
 10
463.46240234375
 20
716.777587890625
 10
463.8251953125
 20
716.040283203125
 10
464.3828125
 20
715.432373046875
 10
465.07666015625
 20
714.977294921875
 10
466.03466796875
 20
714.607177734375
 10
467.0439453125
 20
714.388916015625
 10
468.689453125
 20
714.194580078125
 10
473.02001953125
 20
713.987060546875
 10
475.6962890625
 20
713.919189453125
 10
478.78173828125
 20
713.901123046875
 10
497.6455078125
 20
714.069091796875
 10
507.22607421875
 20
714.275634765625
 10
510.56298828125
 20
714.280517578125
 10
517.62646484375
 20
714.133544921875
 10
516.39990234375
 20
709.779052734375
 10
515.00927734375
 20
705.260498046875
 10
513.85791015625
 20
701.778076171875
 10
512.6318359375
 20
698.320556640625
 10
507.80126953125
 20
685.721923828125
 10
505.37158203125
 20
685.858154296875
 10
502.484375
 20
686.104248046875
 10
499.3818359375
 20
686.471435546875
 10
491.95068359375
 20
687.462646484375
 10
487.611328125
 20
688.000244140625
 10
470.71240234375
 20
689.864013671875
 10
468.685546875
 20
689.963134765625
 10
467.4072265625
 20
689.913818359375
 10
466.150390625
 20
689.699462890625
 10
465.431640625
 20
689.465576171875
 10
464.755859375
 20
689.140380859375
 10
464.1435546875
 20
688.717529296875
 10
463.61474609375
 20
688.189697265625
 10
463.20068359375
 20
687.574462890625
 10
462.9072265625
 20
686.899658203125
 10
462.7236328125
 20
686.181884765625
 10
462.63720703125
 20
685.437255859375
 10
462.63720703125
 20
684.681884765625
 10
462.765625
 20
683.590576171875
 10
462.99951171875
 20
682.514892578125
 10
466.27490234375
 20
670.844482421875
 10
467.27490234375
 20
666.859130859375
 10
468.0927734375
 20
662.833740234375
 10
468.59765625
 20
659.545166015625
 10
469.0009765625
 20
656.241943359375
 10
469.50244140625
 20
651.306396484375
 10
469.87158203125
 20
646.359619140625
 10
469.93408203125
 20
645.041748046875
 10
466.9326171875
 20
644.150634765625
 10
464.13330078125
 20
643.448486328125
 10
461.30517578125
 20
642.872802734375
 10
458.43408203125
 20
642.426513671875
 10
455.548828125
 20
642.081787109375
 10
449.09033203125
 20
641.479736328125
 10
445.51904296875
 20
641.248291015625
 10
441.6513671875
 20
641.152099609375
 10
439.6591796875
 20
643.159912109375
 10
437.65185546875
 20
641.168212890625
 10
433.78369140625
 20
641.294677734375
 10
430.21484375
 20
641.553955078125
 10
423.76123046875
 20
642.206787109375
 10
420.87841796875
 20
642.574951171875
 10
418.01123046875
 20
643.043701171875
 10
415.18798828125
 20
643.641357421875
 10
412.39404296875
 20
644.365478515625
 10
409.3994140625
 20
645.280517578125
 10
409.47265625
 20
646.597412109375
 10
409.88037109375
 20
651.541259765625
 10
410.4208984375
 20
656.472412109375
 10
410.8505859375
 20
659.772705078125
 10
411.380859375
 20
663.057373046875
 10
412.23046875
 20
667.075927734375
 10
413.26171875
 20
671.052978515625
 10
416.62939453125
 20
682.697998046875
 10
416.87158203125
 20
683.771728515625
 10
417.00830078125
 20
684.861572265625
 10
417.0146484375
 20
685.616943359375
 10
416.93408203125
 20
686.362548828125
 10
416.755859375
 20
687.081787109375
 10
416.46826171875
 20
687.758544921875
 10
416.05908203125
 20
688.377197265625
 10
415.5341796875
 20
688.908935546875
 10
414.9248046875
 20
689.336669921875
 10
414.251953125
 20
689.667236328125
 10
413.53515625
 20
689.906982421875
 10
412.27978515625
 20
690.131103515625
 10
411.00244140625
 20
690.190673828125
 10
408.974609375
 20
690.107666015625
 10
392.0615234375
 20
688.376708984375
 10
387.7177734375
 20
687.873291015625
 10
380.27880859375
 20
686.940673828125
 10
377.17431640625
 20
686.597900390625
 10
374.28466796875
 20
686.374267578125
 10
371.85400390625
 20
686.257568359375
 10
368.3505859375
 20
695.581787109375
 10
366.6416015625
 20
700.285888671875
 10
368.60107421875
 20
702.279052734375
 10
365.8310546875
 20
702.651123046875
 10
364.80029296875
 20
705.852294921875
 10
363.4453125
 20
710.382080078125
 10
362.2529296875
 20
714.745849609375
 10
369.3173828125
 20
714.836669921875
 10
372.654296875
 20
714.805908203125
 10
382.2333984375
 20
714.523681640625
 10
401.09521484375
 20
714.207275390625
 10
404.18017578125
 20
714.200927734375
 10
406.85693359375
 20
714.247802734375
 10
411.189453125
 20
714.421142578125
 10
412.8359375
 20
714.602783203125
 10
413.84716796875
 20
714.812744140625
 10
414.80810546875
 20
715.175537109375
 10
415.50537109375
 20
715.625244140625
 10
416.06787109375
 20
716.228759765625
 10
416.43603515625
 20
716.962646484375
 10
416.62158203125
 20
717.768310546875
 10
416.64111328125
 20
718.746337890625
 10
416.44091796875
 20
719.701904296875
 10
416.0654296875
 20
720.508056640625
 10
415.51171875
 20
721.201904296875
 10
414.9951171875
 20
721.617431640625
 10
414.4169921875
 20
721.940673828125
 10
413.794921875
 20
722.184326171875
 10
413.14697265625
 20
722.363037109375
 10
411.7490234375
 20
722.584228515625
 10
405.94091796875
 20
722.997314453125
 10
393.576171875
 20
723.647216796875
 10
366.46142578125
 20
725.402587890625
 10
356.96923828125
 20
726.124267578125
 10
356.013671875
 20
730.688232421875
 10
355.14990234375
 20
735.206298828125
 10
354.35693359375
 20
739.737548828125
 10
353.6259765625
 20
744.337646484375
 10
353.0009765625
 20
748.952880859375
 10
352.4951171875
 20
753.832275390625
 10
352.1650390625
 20
758.370361328125
  0
TEXT
  5
EB
330
17
100
AcDbEntity
  8
ANNOTATION
100
AcDbText
 10
439.1112408656131
 20
727.3945396046222
 30
0.0
 40
12.5
  1
P02 180deg
100
AcDbText
  0
LWPOLYLINE
  5
EC
330
17
100
AcDbEntity
  8
PIECES
100
AcDbPolyline
 90
264
 70
1
 10
533.0576171875
 20
755.033935546875
 10
540.97314453125
 20
753.627197265625
 10
549.1630859375
 20
752.033447265625
 10
553.89404296875
 20
751.024658203125
 10
566.51025390625
 20
748.056396484375
 10
571.67529296875
 20
746.944580078125
 10
574.0068359375
 20
746.543212890625
 10
575.07177734375
 20
746.405029296875
 10
576.14013671875
 20
746.319580078125
 10
577.20751953125
 20
746.312744140625
 10
578.27099609375
 20
746.409912109375
 10
579.31201171875
 20
746.632080078125
 10
580.31005859375
 20
746.984619140625
 10
581.248046875
 20
747.469482421875
 10
582.109375
 20
748.088134765625
 10
582.96337890625
 20
748.940185546875
 10
583.6591796875
 20
749.922119140625
 10
584.1865234375
 20
751.008544921875
 10
584.50439453125
 20
752.024658203125
 10
584.69140625
 20
753.067138671875
 10
584.765625
 20
754.127685546875
 10
584.744140625
 20
755.199462890625
 10
584.64501953125
 20
756.273193359375
 10
584.4853515625
 20
757.342041015625
 10
584.0263671875
 20
759.539306640625
 10
582.90478515625
 20
763.890869140625
 10
582.46630859375
 20
765.818115234375
 10
582.12255859375
 20
767.762939453125
 10
581.89453125
 20
769.724365234375
 10
581.8095703125
 20
771.344970703125
 10
581.8349609375
 20
772.965576171875
 10
581.98974609375
 20
774.578857421875
 10
582.30078125
 20
776.232666015625
 10
582.7734375
 20
777.844482421875
 10
583.4140625
 20
779.399169921875
 10
584.00341796875
 20
780.508056640625
 10
584.68505859375
 20
781.557861328125
 10
585.45654296875
 20
782.540771484375
 10
586.31689453125
 20
783.447021484375
 10
587.263671875
 20
784.268798828125
 10
588.34423828125
 20
785.028564453125
 10
589.49365234375
 20
785.674072265625
 10
590.701171875
 20
786.205810546875
 10
591.95654296875
 20
786.623291015625
 10
593.5791015625
 20
786.989990234375
 10
595.228515625
 20
787.195068359375
 10
596.8935546875
 20
787.262451171875
 10
598.56298828125
 20
787.213134765625
 10
600.89697265625
 20
786.993408203125
 10
603.21630859375
 20
786.648681640625
 10
611.29541015625
 20
785.199951171875
 10
613.935546875
 20
784.829345703125
 10
616.59033203125
 20
784.592529296875
 10
618.86865234375
 20
784.531494140625
 10
619.64404296875
 20
784.553466796875
 10
620.044921875
 20
785.352783203125
 10
620.44384765625
 20
784.552490234375
 10
621.21923828125
 20
784.528564453125
 10
623.49755859375
 20
784.583740234375
 10
626.15283203125
 20
784.813720703125
 10
628.7939453125
 20
785.177490234375
 10
636.87646484375
 20
786.606201171875
 10
639.197265625
 20
786.944580078125
 10
641.53125
 20
787.158935546875
 10
643.20068359375
 20
787.203369140625
 10
644.86572265625
 20
787.132080078125
 10
646.5146484375
 20
786.922607421875
 10
648.13671875
 20
786.552001953125
 10
649.390625
 20
786.131103515625
 10
650.5966796875
 20
785.596923828125
 10
651.74462890625
 20
784.947998046875
 10
652.8232421875
 20
784.185302734375
 10
653.76806640625
 20
783.361572265625
 10
654.6259765625
 20
782.452880859375
 10
655.39501953125
 20
781.468505859375
 10
656.07373046875
 20
780.416748046875
 10
656.66064453125
 20
779.305908203125
 10
657.296875
 20
777.750244140625
 10
657.765625
 20
776.136962890625
 10
658.07275390625
 20
774.482666015625
 10
658.22314453125
 20
772.868408203125
 10
658.24462890625
 20
771.247802734375
 10
658.15576171875
 20
769.627685546875
 10
657.92236328125
 20
767.666748046875
 10
657.57373046875
 20
765.722900390625
 10
657.13037109375
 20
763.796630859375
 10
655.998046875
 20
759.447998046875
 10
655.533203125
 20
757.251708984375
 10
655.37109375
 20
756.183349609375
 10
655.26904296875
 20
755.109619140625
 10
655.24462890625
 20
754.038330078125
 10
655.31640625
 20
752.977783203125
 10
655.5009765625
 20
751.934814453125
 10
655.81591796875
 20
750.917724609375
 10
656.34033203125
 20
749.829833984375
 10
657.0341796875
 20
748.846435546875
 10
657.8857421875
 20
747.991943359375
 10
658.74560546875
 20
747.371337890625
 10
659.6826171875
 20
746.884033203125
 10
660.6796875
 20
746.528564453125
 10
661.7197265625
 20
746.303955078125
 10
662.783203125
 20
746.204345703125
 10
663.8505859375
 20
746.208251953125
 10
664.9189453125
 20
746.290771484375
 10
665.984375
 20
746.426513671875
 10
668.31689453125
 20
746.822021484375
 10
670.63525390625
 20
747.295166015625
 10
676.32861328125
 20
748.570556640625
 10
686.1083984375
 20
750.857177734375
 10
690.841796875
 20
751.853759765625
 10
699.0361328125
 20
753.426513671875
 10
706.955078125
 20
754.813232421875
 10
706.7802734375
 20
751.796630859375
 10
706.3505859375
 20
746.839111328125
 10
705.8212890625
 20
742.225341796875
 10
705.17138671875
 20
737.627197265625
 10
704.41015625
 20
733.090087890625
 10
703.5322265625
 20
728.573974609375
 10
702.5166015625
 20
723.993896484375
 10
680.28515625
 20
722.418212890625
 10
666.63916015625
 20
721.605224609375
 10
659.69580078125
 20
721.152587890625
 10
650.17333984375
 20
720.368896484375
 10
647.1181640625
 20
720.068115234375
 10
646.2880859375
 20
719.919189453125
 10
645.48291015625
 20
719.689697265625
 10
644.72607421875
 20
719.338134765625
 10
644.2041015625
 20
718.969970703125
 10
643.7578125
 20
718.518310546875
 10
643.408203125
 20
717.987060546875
 10
643.14599609375
 20
717.272216796875
 10
643.04638671875
 20
716.515869140625
 10
643.0791015625
 20
715.744873046875
 10
643.24462890625
 20
714.904052734375
 10
643.55615234375
 20
714.107177734375
 10
644.01953125
 20
713.397705078125
 10
644.64111328125
 20
712.829345703125
 10
645.1435546875
 20
712.556884765625
 10
645.68505859375
 20
712.372314453125
 10
646.828125
 20
712.177490234375
 10
648.50048828125
 20
712.076416015625
 10
658.91748046875
 20
712.104248046875
 10
662.076171875
 20
712.136962890625
 10
673.591796875
 20
712.444580078125
 10
687.310546875
 20
712.698974609375
 10
692.3046875
 20
712.708251953125
 10
697.1455078125
 20
712.653564453125
 10
693.15869140625
 20
700.710205078125
 10
691.92236328125
 20
697.167236328125
 10
690.7138671875
 20
694.033447265625
 10
686.67919921875
 20
684.133056640625
 10
676.17041015625
 20
685.600830078125
 10
658.19775390625
 20
688.226318359375
 10
650.224609375
 20
689.331787109375
 10
648.197265625
 20
689.474365234375
 10
647.3427734375
 20
689.465087890625
 10
646.49462890625
 20
689.386474609375
 10
645.6611328125
 20
689.212158203125
 10
644.7314453125
 20
688.859130859375
 10
643.89453125
 20
688.327392578125
 10
643.30078125
 20
687.741943359375
 10
642.82763671875
 20
687.057373046875
 10
642.47705078125
 20
686.297119140625
 10
642.26025390625
 20
685.525146484375
 10
642.150390625
 20
684.732666015625
 10
642.1328125
 20
683.928466796875
 10
642.1923828125
 20
683.122802734375
 10
642.376953125
 20
682.010009765625
 10
642.64892578125
 20
680.913818359375
 10
642.9736328125
 20
679.830322265625
 10
644.30712890625
 20
675.808837890625
 10
645.14404296875
 20
673.090576171875
 10
645.88916015625
 20
670.345458984375
 10
646.8046875
 20
666.338623046875
 10
647.5556640625
 20
662.297119140625
 10
648.06005859375
 20
659.036376953125
 10
648.49365234375
 20
655.765380859375
 10
648.8701171875
 20
652.447998046875
 10
649.18505859375
 20
649.124755859375
 10
649.4990234375
 20
644.643798828125
 10
645.6171875
 20
643.704833984375
 10
641.22607421875
 20
642.850830078125
 10
636.91015625
 20
642.214111328125
 10
632.57275390625
 20
641.740966796875
 10
629.09423828125
 20
641.458740234375
 10
625.6103515625
 20
641.260986328125
 10
621.86181640625
 20
641.152099609375
 10
619.86474609375
 20
643.154541015625
 10
617.8623046875
 20
641.156982421875
 10
614.1142578125
 20
641.275634765625
 10
610.63037109375
 20
641.482177734375
 10
607.15283203125
 20
641.773193359375
 10
602.81640625
 20
642.257568359375
 10
598.501953125
 20
642.905029296875
 10
594.11328125
 20
643.770263671875
 10
590.23388671875
 20
644.718994140625
 10
590.5595703125
 20
649.199462890625
 10
590.88232421875
 20
652.521728515625
 10
591.267578125
 20
655.837646484375
 10
591.708984375
 20
659.107666015625
 10
592.22216796875
 20
662.367431640625
 10
592.98291015625
 20
666.406982421875
 10
593.9091796875
 20
670.411376953125
 10
594.6611328125
 20
673.154541015625
 10
595.5048828125
 20
675.870849609375
 10
596.8486328125
 20
679.888916015625
 10
597.17626953125
 20
680.971435546875
 10
597.45068359375
 20
682.067138671875
 10
597.63818359375
 20
683.179443359375
 10
597.69970703125
 20
683.985107421875
 10
597.6845703125
 20
684.788818359375
 10
597.57666015625
 20
685.582275390625
 10
597.361328125
 20
686.354248046875
 10
597.01318359375
 20
687.115478515625
 10
596.54150390625
 20
687.801025390625
 10
595.94921875
 20
688.387939453125
 10
595.11376953125
 20
688.922119140625
 10
594.1845703125
 20
689.277587890625
 10
593.35205078125
 20
689.453857421875
 10
592.50390625
 20
689.534423828125
 10
591.6494140625
 20
689.546142578125
 10
589.62158203125
 20
689.408447265625
 10
581.6455078125
 20
688.323486328125
 10
563.6669921875
 20
685.743408203125
 10
553.154296875
 20
684.302490234375
 10
549.14453125
 20
694.212646484375
 10
547.94384765625
 20
697.349365234375
 10
546.716796875
 20
700.895751953125
 10
542.76025390625
 20
712.849365234375
 10
547.60107421875
 20
712.891845703125
 10
552.59521484375
 20
712.869873046875
 10
566.3134765625
 20
712.580322265625
 10
577.828125
 20
712.243408203125
 10
580.986328125
 20
712.203369140625
 10
591.40380859375
 20
712.149169921875
 10
593.076171875
 20
712.245361328125
 10
594.2197265625
 20
712.437255859375
 10
594.76171875
 20
712.620849609375
 10
595.2646484375
 20
712.892333984375
 10
595.88818359375
 20
713.458740234375
 10
596.35302734375
 20
714.167236328125
 10
596.66650390625
 20
714.963134765625
 10
596.833984375
 20
715.803955078125
 10
596.86865234375
 20
716.574462890625
 10
596.77099609375
 20
717.330810546875
 10
596.5107421875
 20
718.046630859375
 10
596.16259765625
 20
718.578369140625
 10
595.71728515625
 20
719.031494140625
 10
595.1962890625
 20
719.401123046875
 10
594.4404296875
 20
719.754638671875
 10
593.6357421875
 20
719.985595703125
 10
592.80615234375
 20
720.136962890625
 10
586.1298828125
 20
720.775634765625
 10
580.2314453125
 20
721.253173828125
 10
573.2890625
 20
721.723876953125
 10
559.64501953125
 20
722.571044921875
 10
537.41796875
 20
724.203369140625
 10
536.4140625
 20
728.785888671875
 10
535.54736328125
 20
733.303955078125
 10
534.7978515625
 20
737.843505859375
 10
534.1591796875
 20
742.443115234375
 10
533.64208984375
 20
747.058349609375
 10
533.224609375
 20
752.016845703125
 10
533.0576171875
 20
755.033935546875
  0
TEXT
  5
ED
330
17
100
AcDbEntity
  8
ANNOTATION
100
AcDbText
 10
619.828681714607
 20
725.6431070963541
 30
0.0
 40
12.5
  1
P03 180deg
100
AcDbText
  0
LWPOLYLINE
  5
EE
330
17
100
AcDbEntity
  8
PIECES
100
AcDbPolyline
 90
277
 70
1
 10
711.955078125
 20
751.337646484375
 10
716.3876953125
 20
750.868408203125
 10
719.4833984375
 20
750.483154296875
 10
723.443359375
 20
749.924072265625
 10
731.58837890625
 20
748.614990234375
 10
735.7705078125
 20
747.861572265625
 10
739.5537109375
 20
747.109619140625
 10
750.74169921875
 20
744.626708984375
 10
752.59130859375
 20
744.282470703125
 10
754.45556640625
 20
744.031982421875
 10
755.513671875
 20
743.949951171875
 10
756.57177734375
 20
743.934814453125
 10
757.62353515625
 20
744.009033203125
 10
758.66162109375
 20
744.195556640625
 10
759.6650390625
 20
744.512939453125
 10
760.609375
 20
744.968017578125
 10
761.47412109375
 20
745.562744140625
 10
762.12744140625
 20
746.172607421875
 10
762.69091796875
 20
746.862548828125
 10
763.15966796875
 20
747.620849609375
 10
763.52783203125
 20
748.436279296875
 10
763.8193359375
 20
749.403076171875
 10
763.986328125
 20
750.393310546875
 10
764.04736328125
 20
751.400146484375
 10
764.02001953125
 20
752.416259765625
 10
763.92138671875
 20
753.434814453125
 10
763.76953125
 20
754.448974609375
 10
763.36669921875
 20
756.441162109375
 10
761.71337890625
 20
763.013427734375
 10
761.203125
 20
765.672607421875
 10
760.98828125
 20
767.311279296875
 10
760.88134765625
 20
768.957763671875
 10
760.916015625
 20
770.606201171875
 10
761.0625
 20
771.893310546875
 10
761.31787109375
 20
773.160400390625
 10
761.68603515625
 20
774.398681640625
 10
762.1689453125
 20
775.598876953125
 10
762.75390625
 20
776.726318359375
 10
763.443359375
 20
777.787353515625
 10
764.23193359375
 20
778.774169921875
 10
765.11572265625
 20
779.678466796875
 10
766.08984375
 20
780.492431640625
 10
767.18115234375
 20
781.228759765625
 10
768.33984375
 20
781.848876953125
 10
769.55419921875
 20
782.352294921875
 10
770.81396484375
 20
782.739013671875
 10
772.142578125
 20
783.015869140625
 10
773.4873046875
 20
783.181396484375
 10
774.84326171875
 20
783.251220703125
 10
776.2041015625
 20
783.239501953125
 10
777.56494140625
 20
783.161376953125
 10
779.82861328125
 20
782.925048828125
 10
787.2333984375
 20
781.801513671875
 10
790.14453125
 20
781.442626953125
 10
794.4365234375
 20
781.110107421875
 10
797.9619140625
 20
780.947998046875
 10
801.48583984375
 20
781.137451171875
 10
805.775390625
 20
781.503173828125
 10
808.68359375
 20
781.884521484375
 10
816.0791015625
 20
783.064697265625
 10
818.34130859375
 20
783.319091796875
 10
819.70166015625
 20
783.406982421875
 10
821.0625
 20
783.429443359375
 10
822.41845703125
 20
783.370361328125
 10
823.7646484375
 20
783.215087890625
 10
825.09521484375
 20
782.948486328125
 10
826.35791015625
 20
782.571533203125
 10
827.576171875
 20
782.077392578125
 10
828.73974609375
 20
781.466064453125
 10
829.8369140625
 20
780.738525390625
 10
830.81689453125
 20
779.932373046875
 10
831.70751953125
 20
779.034912109375
 10
832.50390625
 20
778.053955078125
 10
833.201171875
 20
776.998291015625
 10
833.79541015625
 20
775.875732421875
 10
834.28759765625
 20
774.678955078125
 10
834.6650390625
 20
773.443603515625
 10
834.9306640625
 20
772.178466796875
 10
835.08642578125
 20
770.892822265625
 10
835.13427734375
 20
769.244384765625
 10
835.03955078125
 20
767.597412109375
 10
834.837890625
 20
765.956787109375
 10
834.34814453125
 20
763.293701171875
 10
832.74560546875
 20
756.708740234375
 10
832.35791015625
 20
754.713623046875
 10
832.2138671875
 20
753.698486328125
 10
832.12353515625
 20
752.679443359375
 10
832.103515625
 20
751.662841796875
 10
832.17236328125
 20
750.656494140625
 10
832.34716796875
 20
749.667724609375
 10
832.64599609375
 20
748.702880859375
 10
833.0205078125
 20
747.890380859375
 10
833.4951171875
 20
747.135498046875
 10
834.0634765625
 20
746.450439453125
 10
834.7216796875
 20
745.845458984375
 10
835.59130859375
 20
745.257568359375
 10
836.5390625
 20
744.809814453125
 10
837.544921875
 20
744.500244140625
 10
838.583984375
 20
744.321533203125
 10
839.63623046875
 20
744.255615234375
 10
840.69482421875
 20
744.278564453125
 10
841.751953125
 20
744.368896484375
 10
843.6142578125
 20
744.633544921875
 10
845.46142578125
 20
744.992431640625
 10
856.6298828125
 20
747.561767578125
 10
860.4072265625
 20
748.342529296875
 10
864.58349609375
 20
749.128662109375
 10
872.7177734375
 20
750.500244140625
 10
876.67333984375
 20
751.090087890625
 10
879.76611328125
 20
751.498779296875
 10
884.1943359375
 20
752.002685546875
 10
884.005859375
 20
748.954833984375
 10
883.556640625
 20
743.999267578125
 10
883.009765625
 20
739.387451171875
 10
882.341796875
 20
734.792236328125
 10
881.5625
 20
730.257568359375
 10
880.6669921875
 20
725.745361328125
 10
879.8330078125
 20
722.044189453125
 10
872.1787109375
 20
721.573486328125
 10
867.69873046875
 20
721.255126953125
 10
854.49658203125
 20
720.230712890625
 10
837.56103515625
 20
719.111083984375
 10
831.93115234375
 20
718.778076171875
 10
826.4990234375
 20
718.384521484375
 10
824.80419921875
 20
718.199462890625
 10
823.99609375
 20
718.037353515625
 10
823.2177734375
 20
717.785400390625
 10
822.49755859375
 20
717.405029296875
 10
821.98876953125
 20
716.991943359375
 10
821.56689453125
 20
716.494384765625
 10
821.2470703125
 20
715.923583984375
 10
821.03466796875
 20
715.264404296875
 10
820.9453125
 20
714.577880859375
 10
820.9609375
 20
713.880615234375
 10
821.11474609375
 20
713.009033203125
 10
821.43505859375
 20
712.186767578125
 10
821.93408203125
 20
711.463134765625
 10
822.59716796875
 20
710.888427734375
 10
823.3212890625
 20
710.527099609375
 10
824.10595703125
 20
710.311279296875
 10
824.919921875
 20
710.197509765625
 10
826.55810546875
 20
710.138427734375
 10
847.17529296875
 20
710.944580078125
 10
855.49560546875
 20
711.339111328125
 10
874.6513671875
 20
711.843017578125
 10
873.6748046875
 20
708.028076171875
 10
872.52001953125
 20
704.135986328125
 10
871.318359375
 20
700.574462890625
 10
870.00927734375
 20
697.050537109375
 10
868.7744140625
 20
693.948486328125
 10
867.4794921875
 20
690.871337890625
 10
865.95947265625
 20
687.441650390625
 10
864.248046875
 20
683.794189453125
 10
854.240234375
 20
684.883544921875
 10
845.31396484375
 20
686.007080078125
 10
833.38525390625
 20
687.608642578125
 10
828.34375
 20
688.155517578125
 10
826.31396484375
 20
688.244873046875
 10
825.0380859375
 20
688.195556640625
 10
823.783203125
 20
687.984619140625
 10
823.0556640625
 20
687.747802734375
 10
822.37255859375
 20
687.417724609375
 10
821.75439453125
 20
686.987548828125
 10
821.22216796875
 20
686.449951171875
 10
820.75341796875
 20
685.723876953125
 10
820.44384765625
 20
684.918212890625
 10
820.28369140625
 20
684.063232421875
 10
820.263671875
 20
683.167724609375
 10
820.36669921875
 20
682.280029296875
 10
820.5615234375
 20
681.400146484375
 10
820.81591796875
 20
680.527587890625
 10
822.75537109375
 20
674.681396484375
 10
823.599609375
 20
671.969482421875
 10
824.37548828125
 20
669.237548828125
 10
825.3671875
 20
665.183349609375
 10
826.158203125
 20
661.085693359375
 10
826.6240234375
 20
657.825439453125
 10
826.97265625
 20
654.549560546875
 10
827.3056640625
 20
650.024658203125
 10
827.46044921875
 20
645.490478515625
 10
827.45556640625
 20
644.583251953125
 10
823.68994140625
 20
643.768310546875
 10
819.935546875
 20
643.067626953125
 10
815.62451171875
 20
642.397705078125
 10
811.2939453125
 20
641.869384765625
 10
807.81884765625
 20
641.549072265625
 10
804.33642578125
 20
641.317626953125
 10
800.5537109375
 20
641.169677734375
 10
798.544921875
 20
643.160400390625
 10
796.55419921875
 20
641.152099609375
 10
792.66552734375
 20
641.272705078125
 10
789.181640625
 20
641.477294921875
 10
785.7041015625
 20
641.770263671875
 10
781.36962890625
 20
642.265380859375
 10
777.05322265625
 20
642.902099609375
 10
773.2939453125
 20
643.573486328125
 10
769.52197265625
 20
644.359619140625
 10
769.51025390625
 20
645.266845703125
 10
769.6298828125
 20
649.802001953125
 10
769.927734375
 20
654.329345703125
 10
770.2509765625
 20
657.607666015625
 10
770.69140625
 20
660.871826171875
 10
771.451171875
 20
664.974853515625
 10
772.41162109375
 20
669.036865234375
 10
773.16650390625
 20
671.774658203125
 10
773.98974609375
 20
674.493408203125
 10
775.8837890625
 20
680.354248046875
 10
776.1318359375
 20
681.228759765625
 10
776.3193359375
 20
682.110107421875
 10
776.41552734375
 20
682.998291015625
 10
776.388671875
 20
683.893798828125
 10
776.22216796875
 20
684.747314453125
 10
775.90625
 20
685.551025390625
 10
775.43212890625
 20
686.273681640625
 10
774.8955078125
 20
686.806396484375
 10
774.27392578125
 20
687.232177734375
 10
773.58837890625
 20
687.556884765625
 10
772.859375
 20
687.787841796875
 10
771.6025390625
 20
687.989013671875
 10
770.326171875
 20
688.028564453125
 10
768.29736328125
 20
687.924072265625
 10
763.26025390625
 20
687.337646484375
 10
751.34423828125
 20
685.644775390625
 10
742.4267578125
 20
684.451904296875
 10
732.427734375
 20
683.285400390625
 10
730.68798828125
 20
686.919677734375
 10
729.2216796875
 20
690.160400390625
 10
731.02197265625
 20
692.298583984375
 10
728.23095703125
 20
692.455810546875
 10
728.03369140625
 20
692.914794921875
 10
729.869140625
 20
695.022705078125
 10
727.08154296875
 20
695.226318359375
 10
726.89306640625
 20
695.689697265625
 10
728.7685546875
 20
697.761474609375
 10
725.9853515625
 20
698.018798828125
 10
725.8076171875
 20
698.486083984375
 10
727.7216796875
 20
700.523193359375
 10
724.94384765625
 20
700.831787109375
 10
724.7802734375
 20
701.304443359375
 10
726.7373046875
 20
703.300048828125
 10
723.966796875
 20
703.668212890625
 10
722.814453125
 20
707.445556640625
 10
721.80810546875
 20
711.253173828125
 10
740.9677734375
 20
710.897216796875
 10
749.29052734375
 20
710.566650390625
 10
769.9130859375
 20
709.919677734375
 10
771.55126953125
 20
709.991455078125
 10
772.36376953125
 20
710.111572265625
 10
773.14697265625
 20
710.333251953125
 10
773.8681640625
 20
710.700439453125
 10
774.52685546875
 20
711.280029296875
 10
775.0205078125
 20
712.007568359375
 10
775.33447265625
 20
712.832275390625
 10
775.4814453125
 20
713.704833984375
 10
775.49169921875
 20
714.402587890625
 10
775.39697265625
 20
715.088623046875
 10
775.1796875
 20
715.745849609375
 10
774.85498046875
 20
716.314208984375
 10
774.4296875
 20
716.808349609375
 10
773.91796875
 20
717.217529296875
 10
773.1943359375
 20
717.592529296875
 10
772.41455078125
 20
717.838134765625
 10
771.60498046875
 20
717.993896484375
 10
769.90869140625
 20
718.166259765625
 10
764.4736328125
 20
718.517333984375
 10
758.84130859375
 20
718.807373046875
 10
741.89794921875
 20
719.796142578125
 10
728.68798828125
 20
720.718994140625
 10
724.2060546875
 20
721.002197265625
 10
716.54833984375
 20
721.414306640625
 10
715.685546875
 20
725.108154296875
 10
714.75537109375
 20
729.614013671875
 10
713.94091796875
 20
734.141845703125
 10
713.2373046875
 20
738.732177734375
 10
712.65478515625
 20
743.339599609375
 10
712.16748046875
 20
748.291748046875
 10
711.955078125
 20
751.337646484375
  0
TEXT
  5
EF
330
17
100
AcDbEntity
  8
ANNOTATION
100
AcDbText
 10
795.3294082806859
 20
721.7563132826602
 30
0.0
 40
12.5
  1
P04 180deg
100
AcDbText
  0
LWPOLYLINE
  5
F0
330
17
100
AcDbEntity
  8
PIECES
100
AcDbPolyline
 90
289
 70
1
 10
889.1943359375
 20
749.412841796875
 10
898.732421875
 20
748.192626953125
 10
903.44091796875
 20
747.515380859375
 10
908.1376953125
 20
746.760986328125
 10
912.11962890625
 20
746.034423828125
 10
916.09033203125
 20
745.247802734375
 10
920.06201171875
 20
744.415771484375
 10
928.38623046875
 20
742.563232421875
 10
929.76904296875
 20
742.304443359375
 10
931.16064453125
 20
742.121826171875
 10
932.5615234375
 20
742.059814453125
 10
933.4453125
 20
742.103759765625
 10
934.3173828125
 20
742.226806640625
 10
935.1650390625
 20
742.440185546875
 10
935.97607421875
 20
742.756103515625
 10
936.73779296875
 20
743.185791015625
 10
937.501953125
 20
743.796630859375
 10
938.1533203125
 20
744.521728515625
 10
938.6875
 20
745.340576171875
 10
939.09912109375
 20
746.233154296875
 10
939.3935546875
 20
747.222412109375
 10
939.5537109375
 20
748.235595703125
 10
939.59912109375
 20
749.264892578125
 10
939.5498046875
 20
750.302978515625
 10
939.42529296875
 20
751.343505859375
 10
939.24560546875
 20
752.378173828125
 10
938.74169921875
 20
754.604248046875
 10
937.7255859375
 20
758.683349609375
 10
937.3447265625
 20
760.564208984375
 10
937.05810546875
 20
762.461669921875
 10
936.9111328125
 20
764.005126953125
 10
936.85498046875
 20
765.552490234375
 10
936.90478515625
 20
767.100341796875
 10
937.0322265625
 20
768.338623046875
 10
937.24755859375
 20
769.561767578125
 10
937.56201171875
 20
770.761474609375
 10
937.9853515625
 20
771.928466796875
 10
938.53076171875
 20
773.062255859375
 10
939.1875
 20
774.128662109375
 10
939.9501953125
 20
775.120361328125
 10
940.8134765625
 20
776.027099609375
 10
941.771484375
 20
776.841064453125
 10
942.8779296875
 20
777.590087890625
 10
944.05712890625
 20
778.213134765625
 10
945.29541015625
 20
778.711181640625
 10
946.58056640625
 20
779.086669921875
 10
948.17431640625
 20
779.382080078125
 10
949.78759765625
 20
779.521728515625
 10
951.4111328125
 20
779.527587890625
 10
953.03466796875
 20
779.421630859375
 10
955.2822265625
 20
779.131103515625
 10
962.68701171875
 20
777.822509765625
 10
967.6005859375
 20
777.065185546875
 10
969.57568359375
 20
776.830810546875
 10
971.7734375
 20
776.712646484375
 10
972.83056640625
 20
776.722412109375
 10
973.23583984375
 20
777.519775390625
 10
973.63037109375
 20
776.717529296875
 10
974.68798828125
 20
776.694091796875
 10
976.88720703125
 20
776.784423828125
 10
978.865234375
 20
776.993896484375
 10
983.7880859375
 20
777.688720703125
 10
991.20849609375
 20
778.903076171875
 10
993.4599609375
 20
779.165283203125
 10
995.08447265625
 20
779.250732421875
 10
996.7080078125
 20
779.224365234375
 10
998.3193359375
 20
779.064208984375
 10
999.9091796875
 20
778.748291015625
 10
1001.18896484375
 20
778.356689453125
 10
1002.42138671875
 20
777.843017578125
 10
1003.59228515625
 20
777.205322265625
 10
1004.689453125
 20
776.442626953125
 10
1005.63720703125
 20
775.616455078125
 10
1006.48876953125
 20
774.698486328125
 10
1007.23876953125
 20
773.697509765625
 10
1007.8818359375
 20
772.622314453125
 10
1008.4130859375
 20
771.482177734375
 10
1008.8212890625
 20
770.309814453125
 10
1009.12060546875
 20
769.106201171875
 10
1009.3203125
 20
767.880615234375
 10
1009.43212890625
 20
766.640869140625
 10
1009.46240234375
 20
765.092529296875
 10
1009.38623046875
 20
763.545654296875
 10
1009.22021484375
 20
762.004150390625
 10
1008.90966796875
 20
760.110595703125
 10
1008.5048828125
 20
758.234619140625
 10
1007.43701171875
 20
754.168701171875
 10
1006.9052734375
 20
751.949462890625
 10
1006.7119140625
 20
750.916748046875
 10
1006.57421875
 20
749.878173828125
 10
1006.51171875
 20
748.840576171875
 10
1006.54443359375
 20
747.810791015625
 10
1006.69189453125
 20
746.796142578125
 10
1006.9736328125
 20
745.802978515625
 10
1007.37353515625
 20
744.905029296875
 10
1007.8974609375
 20
744.079833984375
 10
1008.53955078125
 20
743.346435546875
 10
1009.2958984375
 20
742.725830078125
 10
1010.05224609375
 20
742.286376953125
 10
1010.85888671875
 20
741.960693359375
 10
1011.7041015625
 20
741.736083984375
 10
1012.57421875
 20
741.602294921875
 10
1013.45751953125
 20
741.547119140625
 10
1014.85888671875
 20
741.591064453125
 10
1016.2529296875
 20
741.756103515625
 10
1017.638671875
 20
741.997314453125
 10
1025.98583984375
 20
743.744384765625
 10
1029.96826171875
 20
744.525634765625
 10
1033.9482421875
 20
745.261962890625
 10
1037.93896484375
 20
745.938232421875
 10
1042.64501953125
 20
746.633056640625
 10
1047.36181640625
 20
747.250244140625
 10
1056.91455078125
 20
748.349853515625
 10
1056.3251953125
 20
742.921630859375
 10
1055.9052734375
 20
739.594482421875
 10
1055.25634765625
 20
734.995849609375
 10
1054.50537109375
 20
730.413330078125
 10
1053.63916015625
 20
725.894775390625
 10
1052.6513671875
 20
721.401611328125
 10
1052.0546875
 20
718.986572265625
 10
1041.5419921875
 20
718.314697265625
 10
1031.8310546875
 20
717.800048828125
 10
1018.1826171875
 20
717.142822265625
 10
1006.79150390625
 20
716.683837890625
 10
1002.02392578125
 20
716.535888671875
 10
1000.2861328125
 20
716.428955078125
 10
998.560546875
 20
716.211669921875
 10
997.33837890625
 20
715.923583984375
 10
996.7666015625
 20
715.686279296875
 10
996.24462890625
 20
715.354736328125
 10
995.76123046875
 20
714.877197265625
 10
995.39013671875
 20
714.308837890625
 10
995.1328125
 20
713.675537109375
 10
994.96533203125
 20
712.696533203125
 10
995.02783203125
 20
711.702392578125
 10
995.15771484375
 20
711.145751953125
 10
995.3681640625
 20
710.620361328125
 10
995.67724609375
 20
710.147216796875
 10
996.25732421875
 20
709.632568359375
 10
996.95361328125
 20
709.275634765625
 10
997.830078125
 20
709.021728515625
 10
998.73583984375
 20
708.887939453125
 10
1000.33154296875
 20
708.791259765625
 10
1007.39599609375
 20
708.715576171875
 10
1010.54443359375
 20
708.738037109375
 10
1017.32666015625
 20
708.877197265625
 10
1029.35546875
 20
709.253173828125
 10
1033.56005859375
 20
709.353271484375
 10
1037.765625
 20
709.400146484375
 10
1041.12060546875
 20
709.387451171875
 10
1047.8505859375
 20
709.230224609375
 10
1046.662109375
 20
704.996826171875
 10
1045.2353515625
 20
700.529541015625
 10
1043.6513671875
 20
696.114501953125
 10
1041.88330078125
 20
691.690185546875
 10
1039.95751953125
 20
687.333251953125
 10
1037.87646484375
 20
683.047607421875
 10
1037.322265625
 20
682.003662109375
 10
1032.57275390625
 20
682.468994140625
 10
1023.27099609375
 20
683.506103515625
 10
1018.87890625
 20
684.081787109375
 10
1001.9013671875
 20
686.707275390625
 10
999.92041015625
 20
686.900634765625
 10
999.06689453125
 20
686.916748046875
 10
998.21923828125
 20
686.857666015625
 10
997.38818359375
 20
686.689208984375
 10
996.70068359375
 20
686.435302734375
 10
996.064453125
 20
686.083251953125
 10
995.49169921875
 20
685.635986328125
 10
994.9970703125
 20
685.098388671875
 10
994.53564453125
 20
684.365478515625
 10
994.21630859375
 20
683.561767578125
 10
994.0341796875
 20
682.711181640625
 10
993.98095703125
 20
681.838623046875
 10
994.03955078125
 20
680.968994140625
 10
994.18408203125
 20
680.103271484375
 10
994.6318359375
 20
678.390869140625
 10
996.2431640625
 20
673.395751953125
 10
997.06982421875
 20
670.678466796875
 10
997.8154296875
 20
667.937744140625
 10
998.7666015625
 20
663.873779296875
 10
999.5263671875
 20
659.770751953125
 10
999.97119140625
 20
656.507080078125
 10
1000.283203125
 20
653.227783203125
 10
1000.4833984375
 20
649.489990234375
 10
1000.517578125
 20
645.746826171875
 10
1000.4677734375
 20
644.330810546875
 10
997.46630859375
 20
643.521728515625
 10
993.85302734375
 20
642.749267578125
 10
991.1875
 20
642.317138671875
 10
988.5078125
 20
641.983154296875
 10
985.81884765625
 20
641.724853515625
 10
983.12451171875
 20
641.520751953125
 10
979.5625
 20
641.309326171875
 10
975.998046875
 20
641.172607421875
 10
974.37353515625
 20
641.152099609375
 10
972.38671875
 20
643.164306640625
 10
970.37451171875
 20
641.177490234375
 10
968.74560546875
 20
641.218994140625
 10
965.18310546875
 20
641.400634765625
 10
961.6240234375
 20
641.656982421875
 10
958.9326171875
 20
641.895263671875
 10
956.2470703125
 20
642.187744140625
 10
953.572265625
 20
642.555908203125
 10
950.912109375
 20
643.021240234375
 10
947.30908203125
 20
643.839599609375
 10
944.3173828125
 20
644.686767578125
 10
944.28564453125
 20
646.103271484375
 10
944.36767578125
 20
649.845458984375
 10
944.615234375
 20
653.580322265625
 10
944.96875
 20
656.855712890625
 10
945.455078125
 20
660.113525390625
 10
946.2666015625
 20
664.206787109375
 10
947.26953125
 20
668.258056640625
 10
948.0498046875
 20
670.989013671875
 10
948.91064453125
 20
673.696044921875
 10
950.5849609375
 20
678.670166015625
 10
951.0546875
 20
680.376708984375
 10
951.2099609375
 20
681.240478515625
 10
951.27978515625
 20
682.109130859375
 10
951.2373046875
 20
682.982177734375
 10
951.06591796875
 20
683.835205078125
 10
950.75732421875
 20
684.642822265625
 10
950.3046875
 20
685.381591796875
 10
949.81689453125
 20
685.925537109375
 10
949.25048828125
 20
686.379638671875
 10
948.6181640625
 20
686.739990234375
 10
947.93408203125
 20
687.002685546875
 10
947.10498046875
 20
687.181884765625
 10
946.25830078125
 20
687.251708984375
 10
945.40478515625
 20
687.246337890625
 10
943.42138671875
 20
687.077880859375
 10
926.412109375
 20
684.667724609375
 10
922.01318359375
 20
684.148193359375
 10
912.69873046875
 20
683.228759765625
 10
907.9443359375
 20
682.823486328125
 10
907.4033203125
 20
683.874755859375
 10
905.37646484375
 20
688.186279296875
 10
904.45947265625
 20
690.334228515625
 10
906.27001953125
 20
692.463623046875
 10
903.48046875
 20
692.634521484375
 10
903.30078125
 20
693.100830078125
 10
905.1845703125
 20
695.165771484375
 10
902.40234375
 20
695.433837890625
 10
902.22265625
 20
695.900634765625
 10
904.14501953125
 20
697.929931640625
 10
901.3681640625
 20
698.249755859375
 10
901.20556640625
 20
698.722412109375
 10
903.162109375
 20
700.718505859375
 10
900.39111328125
 20
701.086181640625
 10
898.896484375
 20
705.933349609375
 10
897.76171875
 20
710.181884765625
 10
904.4931640625
 20
710.253662109375
 10
907.84814453125
 20
710.223388671875
 10
912.052734375
 20
710.123779296875
 10
928.27880859375
 20
709.441650390625
 10
935.05859375
 20
709.216552734375
 10
938.2060546875
 20
709.154052734375
 10
945.27099609375
 20
709.140380859375
 10
946.8681640625
 20
709.217041015625
 10
947.775390625
 20
709.339111328125
 10
948.6552734375
 20
709.581787109375
 10
949.35546875
 20
709.929443359375
 10
949.9423828125
 20
710.437255859375
 10
950.25732421875
 20
710.906494140625
 10
950.474609375
 20
711.429443359375
 10
950.611328125
 20
711.984130859375
 10
950.6865234375
 20
712.977294921875
 10
950.53173828125
 20
713.958251953125
 10
950.2822265625
 20
714.594970703125
 10
949.91845703125
 20
715.167724609375
 10
949.44140625
 20
715.651611328125
 10
948.92333984375
 20
715.989501953125
 10
948.3544921875
 20
716.234130859375
 10
947.13623046875
 20
716.537841796875
 10
945.41357421875
 20
716.776611328125
 10
943.67724609375
 20
716.905517578125
 10
938.912109375
 20
717.114013671875
 10
927.52783203125
 20
717.717529296875
 10
913.88818359375
 20
718.547607421875
 10
904.1845703125
 20
719.185302734375
 10
893.68115234375
 20
719.990478515625
 10
893.115234375
 20
722.412841796875
 10
892.1845703125
 20
726.918212890625
 10
891.37548828125
 20
731.447509765625
 10
890.68310546875
 20
736.039306640625
 10
890.0927734375
 20
740.645263671875
 10
889.71484375
 20
743.977783203125
 10
889.1943359375
 20
749.412841796875
  0
TEXT
  5
F1
330
17
100
AcDbEntity
  8
ANNOTATION
100
AcDbText
 10
970.6146109293901
 20
718.6534411156466
 30
0.0
 40
12.5
  1
P05 180deg
100
AcDbText
  0
LWPOLYLINE
  5
F2
330
17
100
AcDbEntity
  8
PIECES
100
AcDbPolyline
 90
266
 70
1
 10
1148.76416015625
 20
643.1859130859375
 10
1146.79931640625
 20
641.152099609375
 10
1144.76611328125
 20
643.1163940429688
 10
1137.99462890625
 20
643.316162109375
 10
1134.82861328125
 20
643.4849243164062
 10
1131.66943359375
 20
643.732666015625
 10
1128.52294921875
 20
644.0860595703125
 10
1125.39306640625
 20
644.5723876953125
 10
1121.77685546875
 20
645.3276977539062
 10
1118.85205078125
 20
646.08935546875
 10
1118.80615234375
 20
650.3305053710938
 10
1118.95068359375
 20
654.0709838867188
 10
1119.21435546875
 20
657.3546142578125
 10
1119.61083984375
 20
660.624755859375
 10
1120.31005859375
 20
664.738525390625
 10
1121.20068359375
 20
668.815673828125
 10
1121.90478515625
 20
671.5675659179688
 10
1122.69189453125
 20
674.2968139648438
 10
1124.24267578125
 20
679.3115234375
 10
1124.66748046875
 20
681.0262451171875
 10
1124.80419921875
 20
681.8925170898438
 10
1124.85986328125
 20
682.7626953125
 10
1124.81201171875
 20
683.6353149414062
 10
1124.64111328125
 20
684.4950561523438
 10
1124.33544921875
 20
685.3102416992188
 10
1123.88232421875
 20
686.0553588867188
 10
1123.38330078125
 20
686.6074829101562
 10
1122.80029296875
 20
687.0648803710938
 10
1122.15087890625
 20
687.4249267578125
 10
1121.44970703125
 20
687.6864013671875
 10
1120.60205078125
 20
687.86572265625
 10
1119.73681640625
 20
687.935546875
 10
1118.86572265625
 20
687.927001953125
 10
1116.91845703125
 20
687.7425537109375
 10
1108.69091796875
 20
686.3930053710938
 10
1099.96142578125
 20
684.8203125
 10
1095.58447265625
 20
684.12109375
 10
1091.19580078125
 20
683.493408203125
 10
1086.29248046875
 20
682.8521728515625
 10
1081.91650390625
 20
682.341064453125
 10
1079.71923828125
 20
686.549072265625
 10
1077.66845703125
 20
690.8482055664062
 10
1075.77197265625
 20
695.219482421875
 10
1074.06103515625
 20
699.5863037109375
 10
1072.50439453125
 20
704.010498046875
 10
1071.11083984375
 20
708.4746704101562
 10
1077.18310546875
 20
708.759765625
 10
1080.52392578125
 20
708.85791015625
 10
1084.99755859375
 20
708.9244384765625
 10
1093.52783203125
 20
708.921875
 10
1111.09326171875
 20
708.8212890625
 10
1118.24462890625
 20
708.903076171875
 10
1119.81591796875
 20
708.9835205078125
 10
1120.78466796875
 20
709.1162109375
 10
1121.71337890625
 20
709.4011840820312
 10
1122.40771484375
 20
709.8018798828125
 10
1122.98193359375
 20
710.35693359375
 10
1123.39892578125
 20
711.0562744140625
 10
1123.64013671875
 20
711.8375244140625
 10
1123.71240234375
 20
712.6774291992188
 10
1123.58349609375
 20
713.5075073242188
 10
1123.21435546875
 20
714.303955078125
 10
1122.63134765625
 20
714.959228515625
 10
1122.06396484375
 20
715.335205078125
 10
1121.43505859375
 20
715.59814453125
 10
1120.54345703125
 20
715.8088989257812
 10
1119.63134765625
 20
715.9202880859375
 10
1112.99658203125
 20
716.3614501953125
 10
1110.10302734375
 20
716.5001220703125
 10
1100.11474609375
 20
716.833984375
 10
1090.43212890625
 20
717.3464965820312
 10
1077.01318359375
 20
717.9132080078125
 10
1072.42236328125
 20
718.22265625
 10
1066.58935546875
 20
718.757568359375
 10
1065.39013671875
 20
723.9573974609375
 10
1064.68994140625
 20
727.484619140625
 10
1066.92529296875
 20
729.1617431640625
 10
1064.24267578125
 20
729.944091796875
 10
1064.15869140625
 20
730.4369506835938
 10
1066.41259765625
 20
732.08984375
 10
1063.73779296875
 20
732.9014892578125
 10
1063.66162109375
 20
733.3953857421875
 10
1065.95166015625
 20
734.9979248046875
 10
1063.29541015625
 20
735.86865234375
 10
1062.59130859375
 20
740.9656982421875
 10
1061.91455078125
 20
746.8663330078125
 10
1066.83837890625
 20
746.35546875
 10
1071.40478515625
 20
745.7474975585938
 10
1074.70361328125
 20
745.22021484375
 10
1081.27880859375
 20
744.0343627929688
 10
1087.90087890625
 20
742.7800903320312
 10
1096.74755859375
 20
740.8975830078125
 10
1102.28466796875
 20
740.0450439453125
 10
1103.33837890625
 20
739.9183349609375
 10
1104.38916015625
 20
739.876220703125
 10
1105.43701171875
 20
739.968994140625
 10
1106.39697265625
 20
740.2135009765625
 10
1107.30322265625
 20
740.6031494140625
 10
1108.14697265625
 20
741.121826171875
 10
1108.91455078125
 20
741.754150390625
 10
1109.65576171875
 20
742.561767578125
 10
1110.26123046875
 20
743.4700927734375
 10
1110.70654296875
 20
744.468505859375
 10
1110.93896484375
 20
745.328125
 10
1111.06201171875
 20
746.2074584960938
 10
1111.09521484375
 20
747.0993041992188
 10
1111.05615234375
 20
747.9963989257812
 10
1110.96240234375
 20
748.892333984375
 10
1110.58447265625
 20
751.0889892578125
 10
1109.60791015625
 20
755.39013671875
 10
1109.17138671875
 20
757.5242919921875
 10
1108.82080078125
 20
759.673583984375
 10
1108.64599609375
 20
761.1949462890625
 10
1108.55224609375
 20
762.7215576171875
 10
1108.56103515625
 20
764.2508544921875
 10
1108.70751953125
 20
765.8728637695312
 10
1109.01416015625
 20
767.4681396484375
 10
1109.49755859375
 20
769.0199584960938
 10
1109.99658203125
 20
770.1627197265625
 10
1110.60205078125
 20
771.247314453125
 10
1111.31005859375
 20
772.265625
 10
1112.11474609375
 20
773.2105712890625
 10
1113.01416015625
 20
774.072998046875
 10
1114.04736328125
 20
774.8773803710938
 10
1115.15576171875
 20
775.5675048828125
 10
1116.33056640625
 20
776.1378173828125
 10
1117.56103515625
 20
776.58349609375
 10
1118.91162109375
 20
776.917236328125
 10
1120.28564453125
 20
777.11767578125
 10
1121.67529296875
 20
777.2019653320312
 10
1123.07177734375
 20
777.1871948242188
 10
1124.46826171875
 20
777.0909423828125
 10
1126.68408203125
 20
776.81201171875
 10
1131.08740234375
 20
776.0396728515625
 10
1134.04931640625
 20
775.56396484375
 10
1137.02587890625
 20
775.1949462890625
 10
1141.76318359375
 20
774.8829345703125
 10
1147.16552734375
 20
774.9774169921875
 10
1151.88916015625
 20
775.454345703125
 10
1154.85107421875
 20
775.927001953125
 10
1157.79541015625
 20
776.5059814453125
 10
1162.16845703125
 20
777.4312744140625
 10
1164.37353515625
 20
777.7875366210938
 10
1165.76513671875
 20
777.9326782226562
 10
1167.16064453125
 20
777.9959716796875
 10
1168.55224609375
 20
777.9600830078125
 10
1169.93310546875
 20
777.8077392578125
 10
1171.29443359375
 20
777.521484375
 10
1172.53955078125
 20
777.118896484375
 10
1173.73388671875
 20
776.5899047851562
 10
1174.86474609375
 20
775.939208984375
 10
1175.92529296875
 20
775.17138671875
 10
1176.85400390625
 20
774.34033203125
 10
1177.69189453125
 20
773.424560546875
 10
1178.43505859375
 20
772.431396484375
 10
1179.07763671875
 20
771.3682861328125
 10
1179.61669921875
 20
770.2437744140625
 10
1180.15380859375
 20
768.7100830078125
 10
1180.51513671875
 20
767.126220703125
 10
1180.71826171875
 20
765.51025390625
 10
1180.78076171875
 20
763.9822998046875
 10
1180.74072265625
 20
762.453125
 10
1180.61865234375
 20
760.9269409179688
 10
1180.34423828125
 20
758.7666015625
 10
1179.98193359375
 20
756.61865234375
 10
1179.15576171875
 20
752.2860107421875
 10
1178.85498046875
 20
750.0771484375
 10
1178.79248046875
 20
749.1788330078125
 10
1178.78466796875
 20
748.2806396484375
 10
1178.84912109375
 20
747.3905029296875
 10
1179.00341796875
 20
746.51611328125
 10
1179.26513671875
 20
745.6649169921875
 10
1179.74462890625
 20
744.6829833984375
 10
1180.38134765625
 20
743.7962646484375
 10
1181.14990234375
 20
743.01513671875
 10
1181.94091796875
 20
742.4099731445312
 10
1182.80029296875
 20
741.9208984375
 10
1183.72021484375
 20
741.5631713867188
 10
1184.68896484375
 20
741.3524169921875
 10
1185.73876953125
 20
741.2960815429688
 10
1186.78759765625
 20
741.375
 10
1191.11376953125
 20
742.1442260742188
 10
1193.34033203125
 20
742.58349609375
 10
1202.11572265625
 20
744.7738037109375
 10
1208.68994140625
 20
746.2584228515625
 10
1215.22021484375
 20
747.6729736328125
 10
1218.49755859375
 20
748.31494140625
 10
1223.04150390625
 20
749.0819091796875
 10
1227.94384765625
 20
749.764404296875
 10
1227.47412109375
 20
743.8438110351562
 10
1227.14794921875
 20
740.5057373046875
 10
1226.62841796875
 20
735.8912353515625
 10
1226.00830078125
 20
731.2890625
 10
1225.26904296875
 20
726.748046875
 10
1224.25244140625
 20
721.509765625
 10
1218.44189453125
 20
720.771484375
 10
1213.86474609375
 20
720.3021240234375
 10
1200.47314453125
 20
719.2674560546875
 10
1190.81494140625
 20
718.4173583984375
 10
1180.84423828125
 20
717.73486328125
 10
1177.95751953125
 20
717.495361328125
 10
1171.34228515625
 20
716.82275390625
 10
1170.43408203125
 20
716.6798095703125
 10
1169.55126953125
 20
716.4378662109375
 10
1168.93115234375
 20
716.153076171875
 10
1168.37744140625
 20
715.7579345703125
 10
1167.81689453125
 20
715.082763671875
 10
1167.47607421875
 20
714.27392578125
 10
1167.37646484375
 20
713.4395751953125
 10
1167.47802734375
 20
712.6026611328125
 10
1167.74658203125
 20
711.8302001953125
 10
1168.18701171875
 20
711.1458740234375
 10
1168.78076171875
 20
710.6113891601562
 10
1169.48779296875
 20
710.235107421875
 10
1170.42724609375
 20
709.9827270507812
 10
1171.39990234375
 20
709.8839111328125
 10
1172.97216796875
 20
709.8585205078125
 10
1180.12353515625
 20
710.0260009765625
 10
1197.67431640625
 20
710.7396240234375
 10
1206.19873046875
 20
711.0400390625
 10
1210.67236328125
 20
711.1292724609375
 10
1214.01416015625
 20
711.1480712890625
 10
1220.09326171875
 20
711.0753173828125
 10
1218.85498046875
 20
706.564697265625
 10
1217.45458984375
 20
702.0892333984375
 10
1215.89697265625
 20
697.6653442382812
 10
1214.15478515625
 20
693.2306518554688
 10
1212.25439453125
 20
688.862548828125
 10
1210.20654296875
 20
684.5804443359375
 10
1205.81494140625
 20
684.9386596679688
 10
1200.89111328125
 20
685.4080200195312
 10
1196.48388671875
 20
685.88232421875
 10
1192.08544921875
 20
686.42822265625
 10
1183.30615234375
 20
687.6951904296875
 10
1175.03662109375
 20
688.7569580078125
 10
1173.08447265625
 20
688.8731689453125
 10
1172.21337890625
 20
688.8515625
 10
1171.35107421875
 20
688.751708984375
 10
1170.51025390625
 20
688.5428466796875
 10
1169.81884765625
 20
688.2569580078125
 10
1169.18115234375
 20
687.8744506835938
 10
1168.61572265625
 20
687.3970947265625
 10
1168.13525390625
 20
686.8277587890625
 10
1167.70947265625
 20
686.0675048828125
 10
1167.43212890625
 20
685.2420043945312
 10
1167.29150390625
 20
684.376953125
 10
1167.27392578125
 20
683.5029296875
 10
1167.35986328125
 20
682.63525390625
 10
1167.52685546875
 20
681.7741088867188
 10
1168.01123046875
 20
680.0753173828125
 10
1169.73583984375
 20
675.1179809570312
 10
1170.61865234375
 20
672.4180908203125
 10
1171.41748046875
 20
669.6922607421875
 10
1172.44970703125
 20
665.6483764648438
 10
1173.29248046875
 20
661.5616455078125
 10
1173.80322265625
 20
658.307373046875
 10
1174.18017578125
 20
655.0347900390625
 10
1174.45556640625
 20
651.3019409179688
 10
1174.55810546875
 20
647.0616455078125
 10
1171.66162109375
 20
646.1982421875
 10
1168.07373046875
 20
645.3173217773438
 10
1164.96240234375
 20
644.7220458984375
 10
1161.83056640625
 20
644.2589721679688
 10
1158.68212890625
 20
643.901123046875
 10
1155.52294921875
 20
643.6218872070312
 10
1148.76416015625
 20
643.1859130859375
  0
TEXT
  5
F3
330
17
100
AcDbEntity
  8
ANNOTATION
100
AcDbText
 10
1143.6483604029606
 20
719.5478634941846
 30
0.0
 40
12.5
  1
P06 180deg
100
AcDbText
  0
LWPOLYLINE
  5
F4
330
17
100
AcDbEntity
  8
PIECES
100
AcDbPolyline
 90
276
 70
1
 10
1232.94384765625
 20
743.021240234375
 10
1237.40673828125
 20
742.692138671875
 10
1242.33935546875
 20
742.101806640625
 10
1247.14208984375
 20
741.301025390625
 10
1251.91455078125
 20
740.331298828125
 10
1261.87646484375
 20
738.089599609375
 10
1272.92822265625
 20
735.676513671875
 10
1273.96923828125
 20
735.518798828125
 10
1275.01416015625
 20
735.432861328125
 10
1276.06298828125
 20
735.445068359375
 10
1276.97314453125
 20
735.554931640625
 10
1277.85986328125
 20
735.764404296875
 10
1278.70947265625
 20
736.079833984375
 10
1279.50634765625
 20
736.505615234375
 10
1280.23583984375
 20
737.047607421875
 10
1280.82470703125
 20
737.638916015625
 10
1281.32470703125
 20
738.303466796875
 10
1281.73193359375
 20
739.029541015625
 10
1282.04638671875
 20
739.804931640625
 10
1282.27783203125
 20
740.685302734375
 10
1282.40185546875
 20
741.583740234375
 10
1282.43212890625
 20
742.493408203125
 10
1282.38427734375
 20
743.406982421875
 10
1282.27001953125
 20
744.318115234375
 10
1281.84814453125
 20
746.322509765625
 10
1280.65673828125
 20
750.765869140625
 10
1280.12646484375
 20
753.256591796875
 10
1279.82373046875
 20
755.502685546875
 10
1279.72314453125
 20
757.765380859375
 10
1279.77099609375
 20
759.063720703125
 10
1279.90869140625
 20
760.352783203125
 10
1280.14990234375
 20
761.624267578125
 10
1280.50732421875
 20
762.869873046875
 10
1280.97314453125
 20
764.038818359375
 10
1281.55126953125
 20
765.151123046875
 10
1282.23876953125
 20
766.195556640625
 10
1283.03271484375
 20
767.163330078125
 10
1283.92919921875
 20
768.044189453125
 10
1284.87353515625
 20
768.792724609375
 10
1285.88525390625
 20
769.439208984375
 10
1286.95556640625
 20
769.981689453125
 10
1288.07568359375
 20
770.420654296875
 10
1289.23583984375
 20
770.754150390625
 10
1290.65673828125
 20
771.015380859375
 10
1292.09326171875
 20
771.139404296875
 10
1293.53955078125
 20
771.147705078125
 10
1294.98779296875
 20
771.061279296875
 10
1296.43359375
 20
770.901123046875
 10
1299.462890625
 20
770.408447265625
 10
1302.48095703125
 20
769.843994140625
 10
1305.74951171875
 20
769.319580078125
 10
1309.03857421875
 20
768.959716796875
 10
1311.7861328125
 20
768.818603515625
 10
1317.142578125
 20
768.843505859375
 10
1319.888671875
 20
769.010009765625
 10
1323.1748046875
 20
769.400634765625
 10
1326.43798828125
 20
769.955810546875
 10
1329.45068359375
 20
770.548583984375
 10
1332.4755859375
 20
771.069580078125
 10
1333.9189453125
 20
771.242919921875
 10
1335.36669921875
 20
771.343017578125
 10
1336.81298828125
 20
771.348388671875
 10
1338.25048828125
 20
771.237548828125
 10
1339.67431640625
 20
770.989990234375
 10
1340.83740234375
 20
770.666748046875
 10
1341.9609375
 20
770.238525390625
 10
1343.03662109375
 20
769.705810546875
 10
1344.0546875
 20
769.069091796875
 10
1345.005859375
 20
768.329345703125
 10
1345.91064453125
 20
767.457275390625
 10
1346.71337890625
 20
766.496826171875
 10
1347.4111328125
 20
765.458251953125
 10
1347.99951171875
 20
764.351806640625
 10
1348.4755859375
 20
763.187255859375
 10
1348.8447265625
 20
761.945068359375
 10
1349.09765625
 20
760.676025390625
 10
1349.248046875
 20
759.387939453125
 10
1349.3076171875
 20
758.090087890625
 10
1349.22802734375
 20
755.826904296875
 10
1348.9462890625
 20
753.577880859375
 10
1348.43896484375
 20
751.082275390625
 10
1347.28955078125
 20
746.628173828125
 10
1346.88623046875
 20
744.619873046875
 10
1346.78125
 20
743.707763671875
 10
1346.7412109375
 20
742.793701171875
 10
1346.7802734375
 20
741.884521484375
 10
1346.9130859375
 20
740.987060546875
 10
1347.15283203125
 20
740.109130859375
 10
1347.4736328125
 20
739.336669921875
 10
1347.88818359375
 20
738.614501953125
 10
1348.39404296875
 20
737.954833984375
 10
1348.98828125
 20
737.368896484375
 10
1349.72314453125
 20
736.833251953125
 10
1350.52392578125
 20
736.414794921875
 10
1351.3759765625
 20
736.107666015625
 10
1352.26513671875
 20
735.906494140625
 10
1353.1767578125
 20
735.804931640625
 10
1354.22509765625
 20
735.802490234375
 10
1355.26953125
 20
735.898681640625
 10
1356.30859375
 20
736.066162109375
 10
1367.33740234375
 20
738.582275390625
 10
1377.27734375
 20
740.916748046875
 10
1382.04052734375
 20
741.930908203125
 10
1386.8359375
 20
742.776611328125
 10
1391.7626953125
 20
743.412841796875
 10
1396.22265625
 20
743.783935546875
 10
1395.66455078125
 20
738.488525390625
 10
1395.25537109375
 20
735.159912109375
 10
1394.62158203125
 20
730.559814453125
 10
1393.8857421875
 20
725.974853515625
 10
1393.0341796875
 20
721.453369140625
 10
1391.931640625
 20
716.423583984375
 10
1382.3076171875
 20
715.362060546875
 10
1372.583984375
 20
714.472900390625
 10
1365.29833984375
 20
713.914306640625
 10
1349.07763671875
 20
712.866455078125
 10
1343.11279296875
 20
712.385009765625
 10
1341.38232421875
 20
712.278076171875
 10
1339.65869140625
 20
712.109619140625
 10
1338.865234375
 20
711.973876953125
 10
1338.095703125
 20
711.758544921875
 10
1337.37451171875
 20
711.421630859375
 10
1336.84521484375
 20
711.036376953125
 10
1336.40185546875
 20
710.560302734375
 10
1336.06494140625
 20
710.001708984375
 10
1335.8583984375
 20
709.392822265625
 10
1335.77587890625
 20
708.756591796875
 10
1335.80322265625
 20
708.109619140625
 10
1335.91943359375
 20
707.519775390625
 10
1336.130859375
 20
706.963134765625
 10
1336.4521484375
 20
706.462158203125
 10
1336.8515625
 20
706.069580078125
 10
1337.31982421875
 20
705.763916015625
 10
1337.83740234375
 20
705.540283203125
 10
1338.76025390625
 20
705.331787109375
 10
1339.70947265625
 20
705.256103515625
 10
1342.79638671875
 20
705.237060546875
 10
1345.50537109375
 20
705.324462890625
 10
1370.083984375
 20
706.384033203125
 10
1374.33837890625
 20
706.518310546875
 10
1378.59375
 20
706.586669921875
 10
1382.123046875
 20
706.584228515625
 10
1387.6494140625
 20
706.465087890625
 10
1386.47607421875
 20
702.203369140625
 10
1385.0791015625
 20
697.728759765625
 10
1383.52978515625
 20
693.304443359375
 10
1381.8017578125
 20
688.864501953125
 10
1379.9208984375
 20
684.488037109375
 10
1377.92626953125
 20
680.256591796875
 10
1374.17333984375
 20
680.619384765625
 10
1369.2578125
 20
681.166259765625
 10
1364.8583984375
 20
681.711181640625
 10
1360.46923828125
 20
682.332275390625
 10
1351.7119140625
 20
683.739990234375
 10
1348.55615234375
 20
684.197021484375
 10
1343.53173828125
 20
684.827392578125
 10
1341.6630859375
 20
684.964111328125
 10
1340.74365234375
 20
684.975830078125
 10
1339.8310546875
 20
684.908447265625
 10
1338.939453125
 20
684.716552734375
 10
1338.2529296875
 20
684.446533203125
 10
1337.6201171875
 20
684.076904296875
 10
1337.0546875
 20
683.613037109375
 10
1336.56884765625
 20
683.059814453125
 10
1336.12109375
 20
682.316650390625
 10
1335.8154296875
 20
681.506591796875
 10
1335.64599609375
 20
680.652099609375
 10
1335.60595703125
 20
679.779052734375
 10
1335.67626953125
 20
678.910400390625
 10
1335.83203125
 20
678.046630859375
 10
1336.29931640625
 20
676.340087890625
 10
1337.94775390625
 20
671.356689453125
 10
1338.78759765625
 20
668.643310546875
 10
1339.54541015625
 20
665.906005859375
 10
1340.515625
 20
661.846923828125
 10
1341.294921875
 20
657.747314453125
 10
1341.75537109375
 20
654.485595703125
 10
1342.08251953125
 20
651.207763671875
 10
1342.30029296875
 20
647.470947265625
 10
1342.3408203125
 20
644.549072265625
 10
1339.759765625
 20
643.822509765625
 10
1336.15869140625
 20
642.996826171875
 10
1333.0390625
 20
642.449951171875
 10
1329.89990234375
 20
642.034912109375
 10
1326.74658203125
 20
641.725341796875
 10
1323.583984375
 20
641.494873046875
 10
1320.4169921875
 20
641.316650390625
 10
1317.06005859375
 20
641.170654296875
 10
1315.05126953125
 20
643.160888671875
 10
1313.0615234375
 20
641.152099609375
 10
1306.53466796875
 20
641.415283203125
 10
1303.3701171875
 20
641.616455078125
 10
1300.2138671875
 20
641.896240234375
 10
1297.0712890625
 20
642.281982421875
 10
1293.94677734375
 20
642.800048828125
 10
1290.33740234375
 20
643.592041015625
 10
1287.75048828125
 20
644.294189453125
 10
1287.76318359375
 20
647.216064453125
 10
1287.94677734375
 20
650.954833984375
 10
1288.24267578125
 20
654.235595703125
 10
1288.67236328125
 20
657.501708984375
 10
1289.41357421875
 20
661.608154296875
 10
1290.34619140625
 20
665.676025390625
 10
1291.07763671875
 20
668.420654296875
 10
1291.89208984375
 20
671.141357421875
 10
1293.49462890625
 20
676.140380859375
 10
1293.94580078125
 20
677.850830078125
 10
1294.09326171875
 20
678.716064453125
 10
1294.15576171875
 20
679.585693359375
 10
1294.10791015625
 20
680.458251953125
 10
1293.93017578125
 20
681.310791015625
 10
1293.61669921875
 20
682.118408203125
 10
1293.16259765625
 20
682.857177734375
 10
1292.67138671875
 20
683.405517578125
 10
1292.10107421875
 20
683.864501953125
 10
1291.46533203125
 20
684.228271484375
 10
1290.77587890625
 20
684.491455078125
 10
1289.88330078125
 20
684.675537109375
 10
1288.97021484375
 20
684.734130859375
 10
1288.05029296875
 20
684.713623046875
 10
1286.18310546875
 20
684.559814453125
 10
1281.16455078125
 20
683.882568359375
 10
1278.01318359375
 20
683.395751953125
 10
1269.26904296875
 20
681.906005859375
 10
1264.88623046875
 20
681.244384765625
 10
1260.49267578125
 20
680.657958984375
 10
1255.58251953125
 20
680.065673828125
 10
1251.83251953125
 20
679.667724609375
 10
1249.79833984375
 20
683.880126953125
 10
1247.87744140625
 20
688.239013671875
 10
1247.45654296875
 20
689.289306640625
 10
1249.31396484375
 20
691.378662109375
 10
1246.52880859375
 20
691.610595703125
 10
1246.34228515625
 20
692.074462890625
 10
1248.25244140625
 20
694.115478515625
 10
1245.47412109375
 20
694.418701171875
 10
1244.51708984375
 20
697.072509765625
 10
1243.07861328125
 20
701.533447265625
 10
1241.86572265625
 20
705.784423828125
 10
1247.39013671875
 20
705.954833984375
 10
1250.91943359375
 20
705.990478515625
 10
1255.17529296875
 20
705.961669921875
 10
1259.43017578125
 20
705.867431640625
 10
1284.01806640625
 20
705.037353515625
 10
1286.72802734375
 20
704.974853515625
 10
1289.81494140625
 20
705.023193359375
 10
1290.76318359375
 20
705.107666015625
 10
1291.68310546875
 20
705.324462890625
 10
1292.19873046875
 20
705.552978515625
 10
1292.66455078125
 20
705.863525390625
 10
1293.06005859375
 20
706.260009765625
 10
1293.37646484375
 20
706.763916015625
 10
1293.58349609375
 20
707.322021484375
 10
1293.69384765625
 20
707.912841796875
 10
1293.71533203125
 20
708.559814453125
 10
1293.62646484375
 20
709.195556640625
 10
1293.41455078125
 20
709.802490234375
 10
1293.07275390625
 20
710.357666015625
 10
1292.62451171875
 20
710.829833984375
 10
1292.09130859375
 20
711.210205078125
 10
1291.36767578125
 20
711.540283203125
 10
1290.59619140625
 20
711.748291015625
 10
1289.80126953125
 20
711.876708984375
 10
1288.07568359375
 20
712.029052734375
 10
1286.34423828125
 20
712.119873046875
 10
1280.37548828125
 20
712.545654296875
 10
1264.14599609375
 20
713.442138671875
 10
1256.85498046875
 20
713.932861328125
 10
1247.12353515625
 20
714.731201171875
 10
1237.48974609375
 20
715.702392578125
 10
1236.34033203125
 20
720.721435546875
 10
1235.44677734375
 20
725.234619140625
 10
1234.66845703125
 20
729.812744140625
 10
1233.99169921875
 20
734.406982421875
 10
1233.55126953125
 20
737.731689453125
 10
1232.94384765625
 20
743.021240234375
  0
TEXT
  5
F5
330
17
100
AcDbEntity
  8
ANNOTATION
100
AcDbText
 10
1313.2217062245245
 20
714.4185950237771
 30
0.0
 40
12.5
  1
P07 180deg
100
AcDbText
  0
LWPOLYLINE
  5
F6
330
17
100
AcDbEntity
  8
PIECES
100
AcDbPolyline
 90
265
 70
1
 10
1401.22265625
 20
741.721435546875
 10
1405.2236328125
 20
741.291748046875
 10
1407.88671875
 20
740.945068359375
 10
1410.9912109375
 20
740.484130859375
 10
1414.0849609375
 20
739.958740234375
 10
1417.1982421875
 20
739.359130859375
 10
1420.298828125
 20
738.694091796875
 10
1434.57421875
 20
735.314697265625
 10
1439.1328125
 20
734.325439453125
 10
1440.5009765625
 20
734.085205078125
 10
1441.876953125
 20
733.925537109375
 10
1443.259765625
 20
733.900146484375
 10
1444.125
 20
733.976318359375
 10
1444.974609375
 20
734.135986328125
 10
1445.7939453125
 20
734.389892578125
 10
1446.568359375
 20
734.748291015625
 10
1447.283203125
 20
735.222412109375
 10
1447.9560546875
 20
735.852294921875
 10
1448.51171875
 20
736.581787109375
 10
1448.94921875
 20
737.391357421875
 10
1449.267578125
 20
738.261474609375
 10
1449.466796875
 20
739.166259765625
 10
1449.5576171875
 20
740.085693359375
 10
1449.560546875
 20
741.014404296875
 10
1449.380859375
 20
742.874755859375
 10
1449.0107421875
 20
744.969970703125
 10
1448.138671875
 20
749.137451171875
 10
1447.828125
 20
751.043212890625
 10
1447.626953125
 20
752.961181640625
 10
1447.564453125
 20
754.888916015625
 10
1447.634765625
 20
756.434326171875
 10
1447.837890625
 20
757.964111328125
 10
1448.203125
 20
759.463623046875
 10
1448.66796875
 20
760.721923828125
 10
1449.2685546875
 20
761.915771484375
 10
1450.001953125
 20
763.031494140625
 10
1450.8662109375
 20
764.054443359375
 10
1451.78515625
 20
764.911376953125
 10
1452.7880859375
 20
765.656982421875
 10
1453.86328125
 20
766.292236328125
 10
1454.9990234375
 20
766.820556640625
 10
1456.1845703125
 20
767.243408203125
 10
1457.4072265625
 20
767.562744140625
 10
1459.0615234375
 20
767.830810546875
 10
1460.7314453125
 20
767.939697265625
 10
1462.41015625
 20
767.914306640625
 10
1464.0859375
 20
767.779541015625
 10
1466.16015625
 20
767.497314453125
 10
1472.560546875
 20
766.299560546875
 10
1474.849609375
 20
765.924072265625
 10
1477.1533203125
 20
765.654541015625
 10
1479.7138671875
 20
765.520751953125
 10
1482.0625
 20
765.541748046875
 10
1484.408203125
 20
765.482666015625
 10
1486.970703125
 20
765.574462890625
 10
1489.2783203125
 20
765.806884765625
 10
1491.57421875
 20
766.144775390625
 10
1497.9921875
 20
767.238525390625
 10
1500.0712890625
 20
767.486572265625
 10
1501.75
 20
767.593994140625
 10
1503.427734375
 20
767.592041015625
 10
1505.0966796875
 20
767.456298828125
 10
1506.74609375
 20
767.161376953125
 10
1507.962890625
 20
766.822021484375
 10
1509.140625
 20
766.380126953125
 10
1510.2685546875
 20
765.833740234375
 10
1511.3330078125
 20
765.180419921875
 10
1512.32421875
 20
764.419189453125
 10
1513.2294921875
 20
763.547119140625
 10
1514.076171875
 20
762.510009765625
 10
1514.7919921875
 20
761.382568359375
 10
1515.3720703125
 20
760.178955078125
 10
1515.81640625
 20
758.913330078125
 10
1516.1572265625
 20
757.408447265625
 10
1516.3359375
 20
755.875244140625
 10
1516.380859375
 20
754.328857421875
 10
1516.287109375
 20
752.402587890625
 10
1516.0546875
 20
750.488037109375
 10
1515.712890625
 20
748.587646484375
 10
1514.7734375
 20
744.434814453125
 10
1514.369140625
 20
742.345947265625
 10
1514.1591796875
 20
740.488525390625
 10
1514.1474609375
 20
739.560302734375
 10
1514.2236328125
 20
738.639404296875
 10
1514.4072265625
 20
737.731201171875
 10
1514.7119140625
 20
736.856201171875
 10
1515.1357421875
 20
736.039794921875
 10
1515.6796875
 20
735.301513671875
 10
1516.341796875
 20
734.660400390625
 10
1517.0498046875
 20
734.175048828125
 10
1517.818359375
 20
733.803955078125
 10
1518.6328125
 20
733.536376953125
 10
1519.4794921875
 20
733.363037109375
 10
1520.34375
 20
733.273193359375
 10
1521.7265625
 20
733.275634765625
 10
1523.1044921875
 20
733.413330078125
 10
1524.4765625
 20
733.631103515625
 10
1529.0517578125
 20
734.546142578125
 10
1543.3798828125
 20
737.692626953125
 10
1546.490234375
 20
738.307373046875
 10
1549.61328125
 20
738.855712890625
 10
1552.71484375
 20
739.331298828125
 10
1555.826171875
 20
739.741455078125
 10
1558.4951171875
 20
740.044189453125
 10
1562.5029296875
 20
740.408935546875
 10
1562.259765625
 20
737.952392578125
 10
1561.861328125
 20
734.621826171875
 10
1561.3896484375
 20
731.301025390625
 10
1560.6123046875
 20
726.700439453125
 10
1559.728515625
 20
722.118896484375
 10
1558.7978515625
 20
717.662841796875
 10
1557.9375
 20
713.838134765625
 10
1553.1767578125
 20
713.401611328125
 10
1548.537109375
 20
713.032958984375
 10
1539.048828125
 20
712.405517578125
 10
1531.67578125
 20
711.820068359375
 10
1528.5810546875
 20
711.655517578125
 10
1518.458984375
 20
711.261474609375
 10
1509.4169921875
 20
710.790283203125
 10
1505.2509765625
 20
710.410400390625
 10
1504.51171875
 20
710.283447265625
 10
1503.8037109375
 20
710.048095703125
 10
1502.9501953125
 20
709.460205078125
 10
1502.5771484375
 20
708.958251953125
 10
1502.3251953125
 20
708.383544921875
 10
1502.1767578125
 20
707.718505859375
 10
1502.1494140625
 20
707.039306640625
 10
1502.232421875
 20
706.360107421875
 10
1502.3828125
 20
705.802490234375
 10
1502.6162109375
 20
705.279541015625
 10
1502.947265625
 20
704.813232421875
 10
1503.431640625
 20
704.390380859375
 10
1504.001953125
 20
704.090087890625
 10
1504.650390625
 20
703.904052734375
 10
1505.3232421875
 20
703.817138671875
 10
1508.9365234375
 20
703.727294921875
 10
1514.435546875
 20
703.805908203125
 10
1532.103515625
 20
704.381103515625
 10
1540.1162109375
 20
704.558349609375
 10
1548.0166015625
 20
704.569091796875
 10
1553.7255859375
 20
704.455810546875
 10
1552.205078125
 20
699.551025390625
 10
1550.65234375
 20
695.128173828125
 10
1548.9501953125
 20
690.760498046875
 10
1547.0673828125
 20
686.384033203125
 10
1545.03515625
 20
682.075927734375
 10
1543.7158203125
 20
679.512939453125
 10
1531.3857421875
 20
681.041748046875
 10
1526.876953125
 20
681.640380859375
 10
1515.1689453125
 20
683.332275390625
 10
1512.125
 20
683.708740234375
 10
1510.1435546875
 20
683.889892578125
 10
1508.1572265625
 20
683.983642578125
 10
1507.1923828125
 20
683.981201171875
 10
1506.2314453125
 20
683.914306640625
 10
1505.2861328125
 20
683.747802734375
 10
1504.6025390625
 20
683.539794921875
 10
1503.955078125
 20
683.250732421875
 10
1503.3603515625
 20
682.873291015625
 10
1502.8349609375
 20
682.399658203125
 10
1502.3720703125
 20
681.786376953125
 10
1502.0341796875
 20
681.100341796875
 10
1501.818359375
 20
680.362548828125
 10
1501.720703125
 20
679.593505859375
 10
1501.7470703125
 20
678.695068359375
 10
1501.89453125
 20
677.809814453125
 10
1502.1298828125
 20
676.935302734375
 10
1503.521484375
 20
672.708251953125
 10
1504.978515625
 20
667.443603515625
 10
1505.646484375
 20
664.682861328125
 10
1506.4736328125
 20
660.592529296875
 10
1507.1025390625
 20
656.467041015625
 10
1507.4462890625
 20
653.190673828125
 10
1507.6552734375
 20
649.903076171875
 10
1507.7392578125
 20
646.160888671875
 10
1507.6943359375
 20
644.115478515625
 10
1506.015625
 20
643.666259765625
 10
1502.408203125
 20
642.865478515625
 10
1498.724609375
 20
642.213134765625
 10
1495.015625
 20
641.720947265625
 10
1490.888671875
 20
641.359619140625
 10
1486.75
 20
641.174560546875
 10
1483.0498046875
 20
641.152099609375
 10
1481.06640625
 20
643.168212890625
 10
1479.0498046875
 20
641.184326171875
 10
1475.3505859375
 20
641.266845703125
 10
1471.21484375
 20
641.519775390625
 10
1467.09375
 20
641.947998046875
 10
1463.39453125
 20
642.500732421875
 10
1459.7216796875
 20
643.213134765625
 10
1456.1279296875
 20
644.072021484375
 10
1454.4560546875
 20
644.548583984375
 10
1454.4453125
 20
646.594482421875
 10
1454.58984375
 20
650.335205078125
 10
1454.8525390625
 20
653.618896484375
 10
1455.2490234375
 20
656.888916015625
 10
1455.9453125
 20
661.003662109375
 10
1456.8388671875
 20
665.080322265625
 10
1457.55078125
 20
667.829345703125
 10
1459.09375
 20
673.070068359375
 10
1460.5546875
 20
677.273681640625
 10
1460.8037109375
 20
678.144287109375
 10
1460.9658203125
 20
679.026611328125
 10
1461.0068359375
 20
679.925048828125
 10
1460.9208984375
 20
680.695556640625
 10
1460.7177734375
 20
681.436767578125
 10
1460.3916015625
 20
682.127685546875
 10
1459.9375
 20
682.748779296875
 10
1459.4208984375
 20
683.230712890625
 10
1458.83203125
 20
683.617919921875
 10
1458.189453125
 20
683.917236328125
 10
1457.509765625
 20
684.136474609375
 10
1456.56640625
 20
684.318603515625
 10
1455.607421875
 20
684.401123046875
 10
1454.642578125
 20
684.419189453125
 10
1452.654296875
 20
684.357666015625
 10
1450.6708984375
 20
684.208740234375
 10
1447.6201171875
 20
683.881591796875
 10
1435.8876953125
 20
682.381103515625
 10
1431.369140625
 20
681.855712890625
 10
1419.0166015625
 20
680.527587890625
 10
1417.73828125
 20
683.111572265625
 10
1415.7763671875
 20
687.452392578125
 10
1413.9658203125
 20
691.858642578125
 10
1413.40625
 20
693.365478515625
 10
1415.314453125
 20
695.407470703125
 10
1412.5361328125
 20
695.709228515625
 10
1410.853515625
 20
700.701416015625
 10
1409.4140625
 20
705.630126953125
 10
1415.123046875
 20
705.650634765625
 10
1418.6962890625
 20
705.610595703125
 10
1427.345703125
 20
705.362060546875
 10
1448.6875
 20
704.340576171875
 10
1454.1845703125
 20
704.173095703125
 10
1457.798828125
 20
704.203857421875
 10
1458.47265625
 20
704.280029296875
 10
1459.1240234375
 20
704.454833984375
 10
1459.69921875
 20
704.746337890625
 10
1460.19140625
 20
705.161376953125
 10
1460.529296875
 20
705.622314453125
 10
1460.771484375
 20
706.140869140625
 10
1460.9306640625
 20
706.696533203125
 10
1461.0244140625
 20
707.374267578125
 10
1461.0087890625
 20
708.053466796875
 10
1460.87109375
 20
708.720458984375
 10
1460.6279296875
 20
709.299560546875
 10
1460.263671875
 20
709.807373046875
 10
1459.4189453125
 20
710.408935546875
 10
1458.71484375
 20
710.656005859375
 10
1457.9775390625
 20
710.795166015625
 10
1453.818359375
 20
711.242919921875
 10
1444.7861328125
 20
711.860595703125
 10
1434.671875
 20
712.419677734375
 10
1431.580078125
 20
712.634521484375
 10
1424.2177734375
 20
713.340087890625
 10
1414.740234375
 20
714.121337890625
 10
1410.1083984375
 20
714.565673828125
 10
1405.3544921875
 20
715.079345703125
 10
1404.556640625
 20
718.918212890625
 10
1403.6982421875
 20
723.388427734375
 10
1402.8896484375
 20
727.984130859375
 10
1402.1875
 20
732.596435546875
 10
1401.76953125
 20
735.924560546875
 10
1401.42578125
 20
739.260986328125
 10
1401.22265625
 20
741.721435546875
  0
TEXT
  5
F7
330
17
100
AcDbEntity
  8
ANNOTATION
100
AcDbText
 10
1480.8002616450472
 20
713.7943331736438
 30
0.0
 40
12.5
  1
P08 180deg
100
AcDbText
  0
LWPOLYLINE
  5
F8
330
17
100
AcDbEntity
  8
PIECES
100
AcDbPolyline
 90
254
 70
1
 10
1567.5029296875
 20
737.175537109375
 10
1572.283203125
 20
736.497314453125
 10
1576.28125
 20
735.876708984375
 10
1580.79296875
 20
735.118408203125
 10
1589.8681640625
 20
733.477294921875
 10
1594.4306640625
 20
732.606201171875
 10
1603.63671875
 20
730.759033203125
 10
1605.7783203125
 20
730.402587890625
 10
1607.080078125
 20
730.256103515625
 10
1608.384765625
 20
730.206298828125
 10
1609.685546875
 20
730.300048828125
 10
1610.6474609375
 20
730.489990234375
 10
1611.5732421875
 20
730.796142578125
 10
1612.4404296875
 20
731.229248046875
 10
1613.2275390625
 20
731.800537109375
 10
1613.9111328125
 20
732.514404296875
 10
1614.4619140625
 20
733.332763671875
 10
1614.880859375
 20
734.231689453125
 10
1615.1611328125
 20
735.157470703125
 10
1615.322265625
 20
736.109619140625
 10
1615.37890625
 20
737.076904296875
 10
1615.34375
 20
738.049072265625
 10
1615.16015625
 20
739.453857421875
 10
1614.544921875
 20
742.226318359375
 10
1613.609375
 20
746.755126953125
 10
1613.3798828125
 20
748.281982421875
 10
1613.232421875
 20
749.816650390625
 10
1613.203125
 20
751.357177734375
 10
1613.29296875
 20
752.635009765625
 10
1613.4951171875
 20
753.896240234375
 10
1613.8154296875
 20
755.131103515625
 10
1614.2607421875
 20
756.329345703125
 10
1614.8388671875
 20
757.484619140625
 10
1615.537109375
 20
758.565673828125
 10
1616.3515625
 20
759.562255859375
 10
1617.2744140625
 20
760.464599609375
 10
1618.2783203125
 20
761.246826171875
 10
1619.357421875
 20
761.913330078125
 10
1620.501953125
 20
762.463134765625
 10
1621.701171875
 20
762.893310546875
 10
1622.8955078125
 20
763.194580078125
 10
1624.109375
 20
763.391357421875
 10
1625.337890625
 20
763.497314453125
 10
1626.5732421875
 20
763.525634765625
 10
1627.810546875
 20
763.490478515625
 10
1630.02734375
 20
763.307373046875
 10
1637.3330078125
 20
762.278076171875
 10
1640.23828125
 20
761.962158203125
 10
1643.7548828125
 20
761.785400390625
 10
1650.166015625
 20
761.816162109375
 10
1653.681640625
 20
762.026611328125
 10
1656.5830078125
 20
762.370361328125
 10
1663.8779296875
 20
763.469482421875
 10
1666.09375
 20
763.674072265625
 10
1667.3310546875
 20
763.720947265625
 10
1668.56640625
 20
763.704345703125
 10
1669.794921875
 20
763.610107421875
 10
1671.01171875
 20
763.425537109375
 10
1672.208984375
 20
763.135498046875
 10
1673.4111328125
 20
762.716552734375
 10
1674.5615234375
 20
762.177978515625
 10
1675.6474609375
 20
761.521728515625
 10
1676.658203125
 20
760.749267578125
 10
1677.58984375
 20
759.855712890625
 10
1678.4140625
 20
758.866943359375
 10
1679.123046875
 20
757.792724609375
 10
1679.7109375
 20
756.643310546875
 10
1680.16796875
 20
755.449462890625
 10
1680.5009765625
 20
754.217529296875
 10
1680.71484375
 20
752.958251953125
 10
1680.81640625
 20
751.681396484375
 10
1680.8017578125
 20
750.140869140625
 10
1680.6689453125
 20
748.604736328125
 10
1680.455078125
 20
747.075439453125
 10
1679.5625
 20
742.538330078125
 10
1678.9736328125
 20
739.759521484375
 10
1678.8037109375
 20
738.352783203125
 10
1678.7783203125
 20
737.380615234375
 10
1678.84375
 20
736.413818359375
 10
1679.0146484375
 20
735.463623046875
 10
1679.3037109375
 20
734.540283203125
 10
1679.73046875
 20
733.645751953125
 10
1680.2890625
 20
732.832275390625
 10
1680.9794921875
 20
732.125244140625
 10
1681.7724609375
 20
731.561279296875
 10
1682.6435546875
 20
731.136474609375
 10
1683.572265625
 20
730.839599609375
 10
1684.5361328125
 20
730.658935546875
 10
1685.837890625
 20
730.577880859375
 10
1687.1416015625
 20
730.639892578125
 10
1688.4423828125
 20
730.798583984375
 10
1690.580078125
 20
731.175537109375
 10
1699.767578125
 20
733.110595703125
 10
1704.322265625
 20
734.025634765625
 10
1713.380859375
 20
735.753662109375
 10
1717.8857421875
 20
736.555419921875
 10
1721.876953125
 20
737.214599609375
 10
1726.6513671875
 20
737.938232421875
 10
1726.3466796875
 20
734.903564453125
 10
1725.9580078125
 20
731.572509765625
 10
1725.5078125
 20
728.248779296875
 10
1724.765625
 20
723.557373046875
 10
1723.947265625
 20
718.877685546875
 10
1722.654296875
 20
711.852294921875
 10
1709.9794921875
 20
710.755126953125
 10
1705.087890625
 20
710.394775390625
 10
1697.5615234375
 20
709.959228515625
 10
1684.3525390625
 20
709.103759765625
 10
1675.474609375
 20
708.434326171875
 10
1671.966796875
 20
708.068115234375
 10
1671.2412109375
 20
707.957763671875
 10
1670.529296875
 20
707.797119140625
 10
1669.845703125
 20
707.546630859375
 10
1669.2666015625
 20
707.215576171875
 10
1668.7705078125
 20
706.781005859375
 10
1668.3984375
 20
706.239013671875
 10
1668.189453125
 20
705.615478515625
 10
1668.134765625
 20
704.957763671875
 10
1668.1962890625
 20
704.290283203125
 10
1668.3232421875
 20
703.718505859375
 10
1668.53515625
 20
703.180908203125
 10
1668.857421875
 20
702.703369140625
 10
1669.2861328125
 20
702.328369140625
 10
1669.7900390625
 20
702.058349609375
 10
1670.337890625
 20
701.879150390625
 10
1671.1865234375
 20
701.750732421875
 10
1672.046875
 20
701.722412109375
 10
1683.8603515625
 20
701.949951171875
 10
1698.2392578125
 20
702.334716796875
 10
1710.578125
 20
702.732177734375
 10
1718.4091796875
 20
702.875244140625
 10
1717.1474609375
 20
698.809814453125
 10
1715.6064453125
 20
694.383056640625
 10
1713.9150390625
 20
690.010498046875
 10
1712.0439453125
 20
685.629150390625
 10
1710.0224609375
 20
681.315673828125
 10
1708.7255859375
 20
678.781005859375
 10
1706.4267578125
 20
678.941162109375
 10
1701.8642578125
 20
679.338134765625
 10
1698.40625
 20
679.692138671875
 10
1691.9599609375
 20
680.467041015625
 10
1683.5751953125
 20
681.598876953125
 10
1678.357421875
 20
682.168212890625
 10
1673.6435546875
 20
682.602294921875
 10
1672.6796875
 20
682.644287109375
 10
1671.7177734375
 20
682.627685546875
 10
1670.7646484375
 20
682.512451171875
 10
1670.064453125
 20
682.338623046875
 10
1669.3994140625
 20
682.076416015625
 10
1668.7880859375
 20
681.716552734375
 10
1668.2509765625
 20
681.248779296875
 10
1667.8515625
 20
680.734619140625
 10
1667.5517578125
 20
680.162841796875
 10
1667.34765625
 20
679.548095703125
 10
1667.234375
 20
678.904541015625
 10
1667.2080078125
 20
678.245361328125
 10
1667.2958984375
 20
677.378662109375
 10
1667.494140625
 20
676.531005859375
 10
1667.7685546875
 20
675.697021484375
 10
1668.4072265625
 20
674.046630859375
 10
1669.2626953125
 20
671.503662109375
 10
1670.7626953125
 20
666.113037109375
 10
1671.455078125
 20
663.287353515625
 10
1672.2158203125
 20
659.375732421875
 10
1672.7958984375
 20
655.432861328125
 10
1673.1201171875
 20
652.653564453125
 10
1673.373046875
 20
649.866943359375
 10
1673.537109375
 20
647.312255859375
 10
1673.6435546875
 20
644.169189453125
 10
1670.0751953125
 20
643.334228515625
 10
1666.517578125
 20
642.667236328125
 10
1662.5244140625
 20
642.114990234375
 10
1658.51171875
 20
641.716552734375
 10
1654.556640625
 20
641.423583984375
 10
1649.5380859375
 20
641.171142578125
 10
1647.529296875
 20
643.160888671875
 10
1645.5400390625
 20
641.152099609375
 10
1640.5185546875
 20
641.356201171875
 10
1636.5615234375
 20
641.611572265625
 10
1632.544921875
 20
641.971435546875
 10
1628.5458984375
 20
642.485107421875
 10
1624.982421875
 20
643.118408203125
 10
1621.40625
 20
643.918701171875
 10
1621.4833984375
 20
647.062744140625
 10
1621.6220703125
 20
649.618896484375
 10
1621.84765625
 20
652.407958984375
 10
1622.146484375
 20
655.190185546875
 10
1622.6884765625
 20
659.138427734375
 10
1623.4111328125
 20
663.056884765625
 10
1624.0771484375
 20
665.889404296875
 10
1625.525390625
 20
671.294189453125
 10
1626.3564453125
 20
673.844970703125
 10
1626.978515625
 20
675.501708984375
 10
1627.2451171875
 20
676.338134765625
 10
1627.435546875
 20
677.187255859375
 10
1627.5146484375
 20
678.055419921875
 10
1627.482421875
 20
678.713623046875
 10
1627.36328125
 20
679.356689453125
 10
1627.1533203125
 20
679.969482421875
 10
1626.84765625
 20
680.538330078125
 10
1626.443359375
 20
681.048583984375
 10
1625.90234375
 20
681.510986328125
 10
1625.287109375
 20
681.864990234375
 10
1624.619140625
 20
682.120849609375
 10
1623.9169921875
 20
682.287841796875
 10
1622.962890625
 20
682.394287109375
 10
1622.001953125
 20
682.401123046875
 10
1621.0380859375
 20
682.349853515625
 10
1616.3291015625
 20
681.870849609375
 10
1611.1162109375
 20
681.251708984375
 10
1602.7431640625
 20
680.039794921875
 10
1596.3046875
 20
679.202880859375
 10
1592.849609375
 20
678.815673828125
 10
1588.2919921875
 20
678.374755859375
 10
1585.994140625
 20
678.192626953125
 10
1584.6728515625
 20
680.715087890625
 10
1582.6103515625
 20
685.009033203125
 10
1580.697265625
 20
689.372314453125
 10
1578.9638671875
 20
693.728271484375
 10
1577.380859375
 20
698.139892578125
 10
1576.080078125
 20
702.193115234375
 10
1583.912109375
 20
702.125244140625
 10
1596.25390625
 20
701.845947265625
 10
1610.63671875
 20
701.599365234375
 10
1622.451171875
 20
701.484619140625
 10
1623.3115234375
 20
701.521240234375
 10
1624.158203125
 20
701.657958984375
 10
1624.705078125
 20
701.842529296875
 10
1625.2060546875
 20
702.117431640625
 10
1625.630859375
 20
702.496337890625
 10
1625.94921875
 20
702.976806640625
 10
1626.1552734375
 20
703.516845703125
 10
1626.27734375
 20
704.089599609375
 10
1626.33203125
 20
704.757568359375
 10
1626.271484375
 20
705.414794921875
 10
1626.056640625
 20
706.035888671875
 10
1625.6787109375
 20
706.574462890625
 10
1625.1787109375
 20
707.004150390625
 10
1624.5966796875
 20
707.329833984375
 10
1623.9111328125
 20
707.573486328125
 10
1623.197265625
 20
707.727783203125
 10
1622.470703125
 20
707.830810546875
 10
1618.958984375
 20
708.163330078125
 10
1610.0751953125
 20
708.747802734375
 10
1596.8583984375
 20
709.476806640625
 10
1589.3291015625
 20
709.840087890625
 10
1584.4345703125
 20
710.153564453125
 10
1571.7490234375
 20
711.129150390625
 10
1570.388671875
 20
718.141845703125
 10
1569.5263671875
 20
722.813232421875
 10
1568.7392578125
 20
727.497802734375
 10
1568.2568359375
 20
730.816650390625
 10
1567.8359375
 20
734.144287109375
 10
1567.5029296875
 20
737.175537109375
  0
TEXT
  5
F9
330
17
100
AcDbEntity
  8
ANNOTATION
100
AcDbText
 10
1646.8948003813975
 20
710.1689645361713
 30
0.0
 40
12.5
  1
P09 180deg
100
AcDbText
  0
LWPOLYLINE
  5
FA
330
17
100
AcDbEntity
  8
PIECES
100
AcDbPolyline
 90
278
 70
1
 10
1909.66796875
 20
676.4319458007812
 10
1902.4150390625
 20
677.7347412109375
 10
1897.52294921875
 20
678.6802978515625
 10
1876.23974609375
 20
683.13818359375
 10
1869.79150390625
 20
684.4203491210938
 10
1867.49365234375
 20
684.7504272460938
 10
1866.087890625
 20
684.8528442382812
 10
1864.68310546875
 20
684.8341674804688
 10
1863.29150390625
 20
684.6531372070312
 10
1862.42041015625
 20
684.435791015625
 10
1861.57958984375
 20
684.1348876953125
 10
1860.78173828125
 20
683.7483520507812
 10
1860.0390625
 20
683.27294921875
 10
1859.365234375
 20
682.7059326171875
 10
1858.77197265625
 20
682.0455322265625
 10
1858.27099609375
 20
681.2891235351562
 10
1857.8828125
 20
680.47607421875
 10
1857.59765625
 20
679.618896484375
 10
1857.4033203125
 20
678.7291259765625
 10
1857.29052734375
 20
677.81787109375
 10
1857.24853515625
 20
676.8975830078125
 10
1857.31640625
 20
675.2734985351562
 10
1857.5234375
 20
673.66015625
 10
1857.81884765625
 20
672.056640625
 10
1858.515625
 20
668.8720703125
 10
1859.9091796875
 20
662.7675170898438
 10
1860.41845703125
 20
659.8116455078125
 10
1860.603515625
 20
658.0821533203125
 10
1860.67333984375
 20
656.3472900390625
 10
1860.59716796875
 20
654.61279296875
 10
1860.4248046875
 20
653.3165893554688
 10
1860.14892578125
 20
652.0415649414062
 10
1859.765625
 20
650.79541015625
 10
1859.2724609375
 20
649.5859375
 10
1858.6865234375
 20
648.4559326171875
 10
1858.0
 20
647.3895874023438
 10
1857.21630859375
 20
646.395751953125
 10
1856.337890625
 20
645.4843139648438
 10
1855.3671875
 20
644.6640625
 10
1854.27685546875
 20
643.9232177734375
 10
1853.1181640625
 20
643.29931640625
 10
1851.90283203125
 20
642.789794921875
 10
1850.6435546875
 20
642.3927612304688
 10
1848.9892578125
 20
642.0430297851562
 10
1847.310546875
 20
641.849609375
 10
1845.61767578125
 20
641.785400390625
 10
1843.919921875
 20
641.8222045898438
 10
1841.70166015625
 20
641.9788208007812
 10
1839.49072265625
 20
642.2181396484375
 10
1831.3984375
 20
643.2220458984375
 10
1828.6083984375
 20
643.4912719726562
 10
1825.8115234375
 20
643.6710205078125
 10
1822.82958984375
 20
643.7302856445312
 10
1821.46826171875
 20
643.6982421875
 10
1821.07861328125
 20
642.8929443359375
 10
1820.66845703125
 20
643.6876831054688
 10
1819.3056640625
 20
643.6849365234375
 10
1816.326171875
 20
643.5484008789062
 10
1813.53466796875
 20
643.2965087890625
 10
1810.75244140625
 20
642.9554443359375
 10
1802.68896484375
 20
641.7427368164062
 10
1800.484375
 20
641.4464111328125
 10
1798.271484375
 20
641.232421875
 10
1796.5751953125
 20
641.152099609375
 10
1794.880859375
 20
641.1723022460938
 10
1793.19775390625
 20
641.3221435546875
 10
1791.53515625
 20
641.629150390625
 10
1790.265625
 20
641.9932861328125
 10
1789.0380859375
 20
642.471435546875
 10
1787.86376953125
 20
643.0653076171875
 10
1786.75439453125
 20
643.7774658203125
 10
1785.76318359375
 20
644.572265625
 10
1784.861328125
 20
645.4609375
 10
1784.05224609375
 20
646.434326171875
 10
1783.33837890625
 20
647.4825439453125
 10
1782.72314453125
 20
648.5969848632812
 10
1782.19921875
 20
649.7930908203125
 10
1781.78369140625
 20
651.0291748046875
 10
1781.474609375
 20
652.2969970703125
 10
1781.26953125
 20
653.5880126953125
 10
1781.14794921875
 20
655.319580078125
 10
1781.17333984375
 20
657.0560913085938
 10
1781.3134765625
 20
658.789794921875
 10
1781.74658203125
 20
661.7577514648438
 10
1782.98193359375
 20
667.89599609375
 10
1783.59619140625
 20
671.0975952148438
 10
1783.85009765625
 20
672.708251953125
 10
1784.01513671875
 20
674.3265991210938
 10
1784.041015625
 20
675.9512939453125
 10
1783.97509765625
 20
676.8707275390625
 10
1783.8388671875
 20
677.7786254882812
 10
1783.6220703125
 20
678.6631469726562
 10
1783.314453125
 20
679.512939453125
 10
1782.9052734375
 20
680.3154296875
 10
1782.384765625
 20
681.0584716796875
 10
1781.77490234375
 20
681.70361328125
 10
1781.08642578125
 20
682.2527465820312
 10
1780.33203125
 20
682.7088623046875
 10
1779.5244140625
 20
683.07470703125
 10
1778.67578125
 20
683.3538818359375
 10
1777.79931640625
 20
683.548583984375
 10
1776.40380859375
 20
683.6937255859375
 10
1774.9990234375
 20
683.676025390625
 10
1773.59619140625
 20
683.5372314453125
 10
1771.3076171875
 20
683.148193359375
 10
1764.89453125
 20
681.6995849609375
 10
1743.73388671875
 20
676.6932373046875
 10
1738.86767578125
 20
675.621826171875
 10
1731.6513671875
 20
674.1319580078125
 10
1731.71875
 20
676.1885986328125
 10
1732.03076171875
 20
681.083984375
 10
1732.494140625
 20
685.96728515625
 10
1733.07763671875
 20
690.5880126953125
 10
1733.76806640625
 20
695.1945190429688
 10
1734.521484375
 20
699.7322998046875
 10
1735.34521484375
 20
704.2581176757812
 10
1735.79833984375
 20
706.525146484375
 10
1746.337890625
 20
707.316650390625
 10
1750.330078125
 20
707.6739501953125
 10
1763.3525390625
 20
708.9497680664062
 10
1773.56396484375
 20
709.8175659179688
 10
1779.9970703125
 20
710.462646484375
 10
1790.44873046875
 20
711.628662109375
 10
1791.68701171875
 20
711.8533935546875
 10
1792.90087890625
 20
712.1802978515625
 10
1793.671875
 20
712.4716186523438
 10
1794.40185546875
 20
712.8457641601562
 10
1795.068359375
 20
713.3218383789062
 10
1795.54833984375
 20
713.7975463867188
 10
1795.9453125
 20
714.3411865234375
 10
1796.24462890625
 20
714.9451293945312
 10
1796.43359375
 20
715.5930786132812
 10
1796.51416015625
 20
716.2625732421875
 10
1796.498046875
 20
716.9401245117188
 10
1796.34912109375
 20
717.7799072265625
 10
1796.04443359375
 20
718.5745239257812
 10
1795.56591796875
 20
719.2962646484375
 10
1794.9384765625
 20
719.893798828125
 10
1794.265625
 20
720.3088989257812
 10
1793.53173828125
 20
720.607666015625
 10
1792.76123046875
 20
720.8134765625
 10
1791.57861328125
 20
720.9949951171875
 10
1790.38232421875
 20
721.0673828125
 10
1789.1806640625
 20
721.0747680664062
 10
1777.6845703125
 20
720.7671508789062
 10
1762.11669921875
 20
720.137939453125
 10
1741.435546875
 20
719.38818359375
 10
1742.533203125
 20
723.521728515625
 10
1743.85595703125
 20
728.0606689453125
 10
1744.955078125
 20
731.5603637695312
 10
1746.12890625
 20
735.0349731445312
 10
1751.25390625
 20
749.0450439453125
 10
1757.2734375
 20
748.5132446289062
 10
1772.04345703125
 20
746.8723754882812
 10
1780.8076171875
 20
745.757080078125
 10
1783.83154296875
 20
745.418701171875
 10
1788.85595703125
 20
744.9589233398438
 10
1790.8544921875
 20
744.9337768554688
 10
1792.0830078125
 20
745.0489501953125
 10
1793.27734375
 20
745.33984375
 10
1793.9609375
 20
745.6282348632812
 10
1794.59375
 20
746.0055541992188
 10
1795.15966796875
 20
746.4724731445312
 10
1795.64111328125
 20
747.0303344726562
 10
1796.07080078125
 20
747.7781372070312
 10
1796.3515625
 20
748.59033203125
 10
1796.50341796875
 20
749.4446411132812
 10
1796.54541015625
 20
750.3185424804688
 10
1796.47509765625
 20
751.3707275390625
 10
1796.302734375
 20
752.4122924804688
 10
1796.06005859375
 20
753.4423828125
 10
1795.30615234375
 20
755.9476928710938
 10
1793.60009765625
 20
761.105712890625
 10
1792.78955078125
 20
763.8014526367188
 10
1791.677734375
 20
767.8456420898438
 10
1790.72705078125
 20
771.9293212890625
 10
1790.068359375
 20
775.4808349609375
 10
1789.53125
 20
779.0530395507812
 10
1788.98291015625
 20
783.577880859375
 10
1788.5859375
 20
788.1180419921875
 10
1788.478515625
 20
790.113525390625
 10
1791.1552734375
 20
791.111083984375
 10
1794.38037109375
 20
792.1255493164062
 10
1797.65869140625
 20
792.957275390625
 10
1800.47509765625
 20
793.5143432617188
 10
1803.31201171875
 20
793.9579467773438
 10
1806.162109375
 20
794.3182983398438
 10
1809.71435546875
 20
794.6826171875
 10
1813.27490234375
 20
794.9566650390625
 10
1817.109375
 20
795.1383666992188
 10
1819.134765625
 20
793.1646728515625
 10
1821.1083984375
 20
795.1901245117188
 10
1824.94970703125
 20
795.1077270507812
 10
1828.51611328125
 20
794.92578125
 10
1832.0771484375
 20
794.6529541015625
 10
1834.93505859375
 20
794.3668212890625
 10
1837.78271484375
 20
793.99658203125
 10
1840.61279296875
 20
793.51220703125
 10
1843.9111328125
 20
792.7654418945312
 10
1847.16162109375
 20
791.834716796875
 10
1849.86279296875
 20
790.9066162109375
 10
1849.80712890625
 20
788.9092407226562
 10
1849.52783203125
 20
784.3597412109375
 10
1849.09619140625
 20
779.8222045898438
 10
1848.65185546875
 20
776.2377319335938
 10
1848.0849609375
 20
772.670654296875
 10
1847.240234375
 20
768.5635375976562
 10
1846.2333984375
 20
764.4915771484375
 10
1845.49267578125
 20
761.776123046875
 10
1843.92041015625
 20
756.5755004882812
 10
1843.2314453125
 20
754.0518798828125
 10
1843.015625
 20
753.0157470703125
 10
1842.8701171875
 20
751.9700927734375
 10
1842.8271484375
 20
750.9164428710938
 10
1842.89111328125
 20
750.0438842773438
 10
1843.0654296875
 20
749.1937255859375
 10
1843.3671875
 20
748.3893432617188
 10
1843.81591796875
 20
747.6528930664062
 10
1844.31201171875
 20
747.1077880859375
 10
1844.88916015625
 20
746.6553955078125
 10
1845.53173828125
 20
746.2944946289062
 10
1846.22265625
 20
746.0242309570312
 10
1847.42431640625
 20
745.763916015625
 10
1848.65478515625
 20
745.680908203125
 10
1850.65234375
 20
745.7577514648438
 10
1855.6630859375
 20
746.3468017578125
 10
1858.677734375
 20
746.7632446289062
 10
1867.40966796875
 20
748.1043090820312
 10
1882.1328125
 20
750.126708984375
 10
1888.13623046875
 20
750.8135986328125
 10
1893.05810546875
 20
738.3775634765625
 10
1891.16943359375
 20
736.3169555664062
 10
1893.951171875
 20
736.042236328125
 10
1894.123046875
 20
735.572998046875
 10
1892.20166015625
 20
733.5435180664062
 10
1894.97802734375
 20
733.2238159179688
 10
1896.07373046875
 20
730.027099609375
 10
1897.513671875
 20
725.523681640625
 10
1898.7177734375
 20
721.4200439453125
 10
1878.02392578125
 20
721.6356201171875
 10
1862.44482421875
 20
721.8623046875
 10
1850.94482421875
 20
721.8724975585938
 10
1849.74365234375
 20
721.833984375
 10
1848.5498046875
 20
721.7310791015625
 10
1847.3720703125
 20
721.5191040039062
 10
1846.607421875
 20
721.2933349609375
 10
1845.88134765625
 20
720.9758911132812
 10
1845.21923828125
 20
720.5433959960938
 10
1844.607421875
 20
719.9300537109375
 10
1844.14794921875
 20
719.1958618164062
 10
1843.86376953125
 20
718.3939208984375
 10
1843.73681640625
 20
717.55029296875
 10
1843.73779296875
 20
716.8724365234375
 10
1843.8359375
 20
716.2056274414062
 10
1844.04150390625
 20
715.5626220703125
 10
1844.3564453125
 20
714.9664306640625
 10
1844.767578125
 20
714.4334716796875
 10
1845.25927734375
 20
713.9703369140625
 10
1845.93798828125
 20
713.5114135742188
 10
1846.67724609375
 20
713.1565551757812
 10
1847.45556640625
 20
712.8849487304688
 10
1848.67724609375
 20
712.58935546875
 10
1849.9208984375
 20
712.3971557617188
 10
1851.17578125
 20
712.2656860351562
 10
1860.3994140625
 20
711.5012817382812
 10
1866.84716796875
 20
711.0228881835938
 10
1877.07763671875
 20
710.4191284179688
 10
1890.12841796875
 20
709.4802856445312
 10
1894.12890625
 20
709.225830078125
 10
1904.68505859375
 20
708.7073364257812
 10
1905.19677734375
 20
706.4522705078125
 10
1906.13720703125
 20
701.9498901367188
 10
1907.00732421875
 20
697.4326782226562
 10
1907.81640625
 20
692.8455200195312
 10
1908.51953125
 20
688.2418212890625
 10
1909.1083984375
 20
683.3719482421875
 10
1909.546875
 20
678.48583984375
 10
1909.66796875
 20
676.4319458007812
  0
TEXT
  5
FB
330
17
100
AcDbEntity
  8
ANNOTATION
100
AcDbText
 10
1821.7145609684128
 20
708.18230279058
 30
0.0
 40
12.5
  1
P01 0deg
100
AcDbText
  0
LWPOLYLINE
  5
FC
330
17
100
AcDbEntity
  8
PIECES
100
AcDbPolyline
 90
263
 70
1
 10
180.892578125
 20
832.7721557617188
 10
172.96826171875
 20
834.3610229492188
 10
164.1484375
 20
835.9640502929688
 10
159.28271484375
 20
836.8883666992188
 10
155.27783203125
 20
837.7814331054688
 10
147.47607421875
 20
839.6696166992188
 10
143.654296875
 20
840.5519409179688
 10
139.22216796875
 20
841.4186401367188
 10
137.18701171875
 20
841.6994018554688
 10
136.16748046875
 20
841.7394409179688
 10
135.1494140625
 20
841.6671752929688
 10
134.09521484375
 20
841.4411010742188
 10
133.0908203125
 20
841.0636596679688
 10
132.150390625
 20
840.5451049804688
 10
131.2890625
 20
839.8942260742188
 10
130.48779296875
 20
839.0807495117188
 10
129.81787109375
 20
838.1593627929688
 10
129.29150390625
 20
837.1461791992188
 10
128.94580078125
 20
836.1691284179688
 10
128.72021484375
 20
835.1618041992188
 10
128.599609375
 20
834.1329956054688
 10
128.57080078125
 20
833.0919799804688
 10
128.619140625
 20
832.0480346679688
 10
128.89794921875
 20
829.9518432617188
 10
130.900390625
 20
820.7067260742188
 10
131.33154296875
 20
817.8659057617188
 10
131.46728515625
 20
816.2350463867188
 10
131.49853515625
 20
814.6007690429688
 10
131.4052734375
 20
812.9689331054688
 10
131.22412109375
 20
811.6574096679688
 10
130.94189453125
 20
810.3663940429688
 10
130.5537109375
 20
809.1041870117188
 10
130.05517578125
 20
807.8790893554688
 10
129.48583984375
 20
806.7765502929688
 10
128.82177734375
 20
805.7340698242188
 10
128.064453125
 20
804.7604370117188
 10
127.21630859375
 20
803.8644409179688
 10
126.279296875
 20
803.0553588867188
 10
125.2177734375
 20
802.3175659179688
 10
124.0888671875
 20
801.6950073242188
 10
122.90234375
 20
801.1852416992188
 10
121.6708984375
 20
800.7877807617188
 10
120.103515625
 20
800.4464721679688
 10
118.51171875
 20
800.2550659179688
 10
116.90576171875
 20
800.1901245117188
 10
115.2958984375
 20
800.2291870117188
 10
112.9501953125
 20
800.4240112304688
 10
110.61572265625
 20
800.7340698242188
 10
105.41943359375
 20
801.5846557617188
 10
102.54052734375
 20
802.0011596679688
 10
100.03369140625
 20
802.2667846679688
 10
97.51806640625
 20
802.4401245117188
 10
94.7626953125
 20
802.5338745117188
 10
93.2265625
 20
802.5294799804688
 10
92.8232421875
 20
801.7306518554688
 10
92.42626953125
 20
802.5324096679688
 10
90.88818359375
 20
802.5490112304688
 10
88.13232421875
 20
802.4772338867188
 10
85.61572265625
 20
802.3239135742188
 10
83.1064453125
 20
802.0778198242188
 10
80.224609375
 20
801.6837768554688
 10
75.02197265625
 20
800.8742065429688
 10
72.68505859375
 20
800.5827026367188
 10
70.337890625
 20
800.4059448242188
 10
68.7275390625
 20
800.3800659179688
 10
67.1220703125
 20
800.4572143554688
 10
65.5322265625
 20
800.6613159179688
 10
63.96728515625
 20
801.0153198242188
 10
62.73876953125
 20
801.4225463867188
 10
61.556640625
 20
801.9411010742188
 10
60.4326171875
 20
802.5729370117188
 10
59.37744140625
 20
803.3190307617188
 10
58.4462890625
 20
804.1349487304688
 10
57.60546875
 20
805.0377807617188
 10
56.85546875
 20
806.0177612304688
 10
56.19970703125
 20
807.0656127929688
 10
55.6396484375
 20
808.1725463867188
 10
55.150390625
 20
809.4010620117188
 10
54.7724609375
 20
810.6661987304688
 10
54.5
 20
811.9596557617188
 10
54.3291015625
 20
813.2726440429688
 10
54.2490234375
 20
814.9054565429688
 10
54.29296875
 20
816.5392456054688
 10
54.44140625
 20
818.1691284179688
 10
54.8955078125
 20
821.0060424804688
 10
56.970703125
 20
830.2350463867188
 10
57.265625
 20
832.3292846679688
 10
57.322265625
 20
833.3727416992188
 10
57.3017578125
 20
834.4137573242188
 10
57.189453125
 20
835.4435424804688
 10
56.97119140625
 20
836.4528198242188
 10
56.6337890625
 20
837.4323120117188
 10
56.115234375
 20
838.4498901367188
 10
55.45263671875
 20
839.3766479492188
 10
54.6572265625
 20
840.1964721679688
 10
53.80126953125
 20
840.8536987304688
 10
52.865234375
 20
841.3800659179688
 10
51.86376953125
 20
841.7653198242188
 10
50.81103515625
 20
841.9996948242188
 10
49.7939453125
 20
842.0797729492188
 10
48.77392578125
 20
842.0475463867188
 10
46.73681640625
 20
841.7828979492188
 10
42.2978515625
 20
840.9513549804688
 10
38.46923828125
 20
840.0988159179688
 10
30.6533203125
 20
838.2726440429688
 10
26.64111328125
 20
837.4113159179688
 10
21.7685546875
 20
836.5250854492188
 10
12.93603515625
 20
834.9913940429688
 10
5.0
 20
833.4655151367188
 10
5.365234375
 20
838.0006713867188
 10
5.90966796875
 20
842.8756713867188
 10
6.57080078125
 20
847.4855346679688
 10
7.337890625
 20
852.0797729492188
 10
8.1669921875
 20
856.6046752929688
 10
9.06640625
 20
861.1159057617188
 10
10.05810546875
 20
865.6720581054688
 10
19.5556640625
 20
866.3195190429688
 10
46.68310546875
 20
867.8610229492188
 10
59.052734375
 20
868.4132690429688
 10
64.86376953125
 20
868.7809448242188
 10
66.263671875
 20
868.9909057617188
 10
66.9130859375
 20
869.1642456054688
 10
67.53662109375
 20
869.4035034179688
 10
68.11767578125
 20
869.7218627929688
 10
68.63720703125
 20
870.1334838867188
 10
69.1962890625
 20
870.8229370117188
 10
69.57861328125
 20
871.6261596679688
 10
69.7861328125
 20
872.5802612304688
 10
69.77392578125
 20
873.5578002929688
 10
69.59521484375
 20
874.3649291992188
 10
69.232421875
 20
875.1022338867188
 10
68.6748046875
 20
875.7101440429688
 10
67.98095703125
 20
876.1652221679688
 10
67.02294921875
 20
876.5353393554688
 10
66.013671875
 20
876.7536010742188
 10
64.3681640625
 20
876.9479370117188
 10
60.03759765625
 20
877.1554565429688
 10
57.361328125
 20
877.2233276367188
 10
54.27587890625
 20
877.2413940429688
 10
35.412109375
 20
877.0734252929688
 10
25.83154296875
 20
876.8668823242188
 10
22.49462890625
 20
876.8619995117188
 10
15.43115234375
 20
877.0089721679688
 10
16.65771484375
 20
881.3634643554688
 10
18.04833984375
 20
885.8820190429688
 10
19.19970703125
 20
889.3644409179688
 10
20.42578125
 20
892.8219604492188
 10
25.25634765625
 20
905.4205932617188
 10
27.68603515625
 20
905.2843627929688
 10
30.5732421875
 20
905.0382690429688
 10
33.67578125
 20
904.6710815429688
 10
41.10693359375
 20
903.6798706054688
 10
45.4462890625
 20
903.1422729492188
 10
62.34521484375
 20
901.2785034179688
 10
64.3720703125
 20
901.1793823242188
 10
65.650390625
 20
901.2286987304688
 10
66.9072265625
 20
901.4430541992188
 10
67.6259765625
 20
901.6769409179688
 10
68.3017578125
 20
902.0021362304688
 10
68.9140625
 20
902.4249877929688
 10
69.44287109375
 20
902.9528198242188
 10
69.85693359375
 20
903.5680541992188
 10
70.150390625
 20
904.2428588867188
 10
70.333984375
 20
904.9606323242188
 10
70.42041015625
 20
905.7052612304688
 10
70.42041015625
 20
906.4606323242188
 10
70.2919921875
 20
907.5519409179688
 10
70.05810546875
 20
908.6276245117188
 10
66.78271484375
 20
920.2980346679688
 10
65.78271484375
 20
924.2833862304688
 10
64.96484375
 20
928.3087768554688
 10
64.4599609375
 20
931.5973510742188
 10
64.056640625
 20
934.9005737304688
 10
63.55517578125
 20
939.8361206054688
 10
63.18603515625
 20
944.7828979492188
 10
63.12353515625
 20
946.1007690429688
 10
66.125
 20
946.9918823242188
 10
68.92431640625
 20
947.6940307617188
 10
71.75244140625
 20
948.2697143554688
 10
74.62353515625
 20
948.7160034179688
 10
77.5087890625
 20
949.0607299804688
 10
83.96728515625
 20
949.6627807617188
 10
87.53857421875
 20
949.8942260742188
 10
91.40625
 20
949.9904174804688
 10
93.3984375
 20
947.9826049804688
 10
95.40576171875
 20
949.9743041992188
 10
99.27392578125
 20
949.8478393554688
 10
102.8427734375
 20
949.5885620117188
 10
109.29638671875
 20
948.9357299804688
 10
112.17919921875
 20
948.5675659179688
 10
115.04638671875
 20
948.0988159179688
 10
117.86962890625
 20
947.5011596679688
 10
120.66357421875
 20
946.7770385742188
 10
123.658203125
 20
945.8619995117188
 10
123.5849609375
 20
944.5451049804688
 10
123.17724609375
 20
939.6012573242188
 10
122.63671875
 20
934.6701049804688
 10
122.20703125
 20
931.3698120117188
 10
121.6767578125
 20
928.0851440429688
 10
120.8271484375
 20
924.0665893554688
 10
119.7958984375
 20
920.0895385742188
 10
116.42822265625
 20
908.4445190429688
 10
116.18603515625
 20
907.3707885742188
 10
116.04931640625
 20
906.2809448242188
 10
116.04296875
 20
905.5255737304688
 10
116.12353515625
 20
904.7799682617188
 10
116.3017578125
 20
904.0607299804688
 10
116.58935546875
 20
903.3839721679688
 10
116.99853515625
 20
902.7653198242188
 10
117.5234375
 20
902.2335815429688
 10
118.1328125
 20
901.8058471679688
 10
118.8056640625
 20
901.4752807617188
 10
119.5224609375
 20
901.2355346679688
 10
120.77783203125
 20
901.0114135742188
 10
122.05517578125
 20
900.9518432617188
 10
124.0830078125
 20
901.0348510742188
 10
140.99609375
 20
902.7658081054688
 10
145.33984375
 20
903.2692260742188
 10
152.77880859375
 20
904.2018432617188
 10
155.88330078125
 20
904.5446166992188
 10
158.77294921875
 20
904.7682495117188
 10
161.20361328125
 20
904.8849487304688
 10
164.70703125
 20
895.5607299804688
 10
166.416015625
 20
890.8566284179688
 10
164.45654296875
 20
888.8634643554688
 10
167.2265625
 20
888.4913940429688
 10
168.25732421875
 20
885.2902221679688
 10
169.6123046875
 20
880.7604370117188
 10
170.8046875
 20
876.3966674804688
 10
163.740234375
 20
876.3058471679688
 10
160.4033203125
 20
876.3366088867188
 10
150.82421875
 20
876.6188354492188
 10
131.96240234375
 20
876.9352416992188
 10
128.87744140625
 20
876.9415893554688
 10
126.20068359375
 20
876.8947143554688
 10
121.8681640625
 20
876.7213745117188
 10
120.2216796875
 20
876.5397338867188
 10
119.21044921875
 20
876.3297729492188
 10
118.24951171875
 20
875.9669799804688
 10
117.55224609375
 20
875.5172729492188
 10
116.98974609375
 20
874.9137573242188
 10
116.62158203125
 20
874.1798706054688
 10
116.43603515625
 20
873.3742065429688
 10
116.41650390625
 20
872.3961791992188
 10
116.61669921875
 20
871.4406127929688
 10
116.9921875
 20
870.6344604492188
 10
117.5458984375
 20
869.9406127929688
 10
118.0625
 20
869.5250854492188
 10
118.640625
 20
869.2018432617188
 10
119.2626953125
 20
868.9581909179688
 10
119.91064453125
 20
868.7794799804688
 10
121.30859375
 20
868.5582885742188
 10
127.11669921875
 20
868.1452026367188
 10
139.4814453125
 20
867.4953002929688
 10
166.59619140625
 20
865.7399291992188
 10
176.08837890625
 20
865.0182495117188
 10
177.0439453125
 20
860.4542846679688
 10
177.90771484375
 20
855.9362182617188
 10
178.70068359375
 20
851.4049682617188
 10
179.431640625
 20
846.8048706054688
 10
180.056640625
 20
842.1896362304688
 10
180.5625
 20
837.3102416992188
 10
180.892578125
 20
832.7721557617188
  0
TEXT
  5
FD
330
17
100
AcDbEntity
  8
ANNOTATION
100
AcDbText
 10
93.94637632188689
 20
863.7479774852216
 30
0.0
 40
12.5
  1
P02 0deg
100
AcDbText
  0
LWPOLYLINE
  5
FE
330
17
100
AcDbEntity
  8
PIECES
100
AcDbPolyline
 90
264
 70
1
 10
359.7900390625
 20
832.4186401367188
 10
351.87451171875
 20
833.8253784179688
 10
343.6845703125
 20
835.4191284179688
 10
338.95361328125
 20
836.4279174804688
 10
326.33740234375
 20
839.3961791992188
 10
321.17236328125
 20
840.5079956054688
 10
318.8408203125
 20
840.9093627929688
 10
317.77587890625
 20
841.0475463867188
 10
316.70751953125
 20
841.1329956054688
 10
315.64013671875
 20
841.1398315429688
 10
314.57666015625
 20
841.0426635742188
 10
313.53564453125
 20
840.8204956054688
 10
312.53759765625
 20
840.4679565429688
 10
311.599609375
 20
839.9830932617188
 10
310.73828125
 20
839.3644409179688
 10
309.88427734375
 20
838.5123901367188
 10
309.1884765625
 20
837.5304565429688
 10
308.6611328125
 20
836.4440307617188
 10
308.34326171875
 20
835.4279174804688
 10
308.15625
 20
834.3854370117188
 10
308.08203125
 20
833.3248901367188
 10
308.103515625
 20
832.2531127929688
 10
308.20263671875
 20
831.1793823242188
 10
308.3623046875
 20
830.1105346679688
 10
308.8212890625
 20
827.9132690429688
 10
309.94287109375
 20
823.5617065429688
 10
310.38134765625
 20
821.6344604492188
 10
310.72509765625
 20
819.6896362304688
 10
310.953125
 20
817.7282104492188
 10
311.0380859375
 20
816.1076049804688
 10
311.0126953125
 20
814.4869995117188
 10
310.85791015625
 20
812.8737182617188
 10
310.546875
 20
811.2199096679688
 10
310.07421875
 20
809.6080932617188
 10
309.43359375
 20
808.0534057617188
 10
308.84423828125
 20
806.9445190429688
 10
308.16259765625
 20
805.8947143554688
 10
307.39111328125
 20
804.9118041992188
 10
306.53076171875
 20
804.0055541992188
 10
305.583984375
 20
803.1837768554688
 10
304.50341796875
 20
802.4240112304688
 10
303.35400390625
 20
801.7785034179688
 10
302.146484375
 20
801.2467651367188
 10
300.89111328125
 20
800.8292846679688
 10
299.2685546875
 20
800.4625854492188
 10
297.619140625
 20
800.2575073242188
 10
295.9541015625
 20
800.1901245117188
 10
294.28466796875
 20
800.2394409179688
 10
291.95068359375
 20
800.4591674804688
 10
289.63134765625
 20
800.8038940429688
 10
281.55224609375
 20
802.2526245117188
 10
278.912109375
 20
802.6232299804688
 10
276.25732421875
 20
802.8600463867188
 10
273.97900390625
 20
802.9210815429688
 10
273.20361328125
 20
802.8991088867188
 10
272.802734375
 20
802.0997924804688
 10
272.40380859375
 20
802.9000854492188
 10
271.62841796875
 20
802.9240112304688
 10
269.35009765625
 20
802.8688354492188
 10
266.69482421875
 20
802.6388549804688
 10
264.0537109375
 20
802.2750854492188
 10
255.97119140625
 20
800.8463745117188
 10
253.650390625
 20
800.5079956054688
 10
251.31640625
 20
800.2936401367188
 10
249.64697265625
 20
800.2492065429688
 10
247.98193359375
 20
800.3204956054688
 10
246.3330078125
 20
800.5299682617188
 10
244.7109375
 20
800.9005737304688
 10
243.45703125
 20
801.3214721679688
 10
242.2509765625
 20
801.8556518554688
 10
241.10302734375
 20
802.5045776367188
 10
240.0244140625
 20
803.2672729492188
 10
239.07958984375
 20
804.0910034179688
 10
238.2216796875
 20
804.9996948242188
 10
237.45263671875
 20
805.9840698242188
 10
236.77392578125
 20
807.0358276367188
 10
236.18701171875
 20
808.1466674804688
 10
235.55078125
 20
809.7023315429688
 10
235.08203125
 20
811.3156127929688
 10
234.77490234375
 20
812.9699096679688
 10
234.62451171875
 20
814.5841674804688
 10
234.60302734375
 20
816.2047729492188
 10
234.69189453125
 20
817.8248901367188
 10
234.92529296875
 20
819.7858276367188
 10
235.27392578125
 20
821.7296752929688
 10
235.71728515625
 20
823.6559448242188
 10
236.849609375
 20
828.0045776367188
 10
237.314453125
 20
830.2008666992188
 10
237.4765625
 20
831.2692260742188
 10
237.57861328125
 20
832.3429565429688
 10
237.60302734375
 20
833.4142456054688
 10
237.53125
 20
834.4747924804688
 10
237.3466796875
 20
835.5177612304688
 10
237.03173828125
 20
836.5348510742188
 10
236.50732421875
 20
837.6227416992188
 10
235.8134765625
 20
838.6061401367188
 10
234.9619140625
 20
839.4606323242188
 10
234.10205078125
 20
840.0812377929688
 10
233.1650390625
 20
840.5685424804688
 10
232.16796875
 20
840.9240112304688
 10
231.1279296875
 20
841.1486206054688
 10
230.064453125
 20
841.2482299804688
 10
228.9970703125
 20
841.2443237304688
 10
227.9287109375
 20
841.1618041992188
 10
226.86328125
 20
841.0260620117188
 10
224.53076171875
 20
840.6305541992188
 10
222.21240234375
 20
840.1574096679688
 10
216.51904296875
 20
838.8820190429688
 10
206.7392578125
 20
836.5953979492188
 10
202.005859375
 20
835.5988159179688
 10
193.8115234375
 20
834.0260620117188
 10
185.892578125
 20
832.6393432617188
 10
186.0673828125
 20
835.6559448242188
 10
186.4970703125
 20
840.6134643554688
 10
187.0263671875
 20
845.2272338867188
 10
187.67626953125
 20
849.8253784179688
 10
188.4375
 20
854.3624877929688
 10
189.3154296875
 20
858.8786010742188
 10
190.3310546875
 20
863.4586791992188
 10
212.5625
 20
865.0343627929688
 10
226.20849609375
 20
865.8473510742188
 10
233.15185546875
 20
866.2999877929688
 10
242.67431640625
 20
867.0836791992188
 10
245.7294921875
 20
867.3844604492188
 10
246.5595703125
 20
867.5333862304688
 10
247.36474609375
 20
867.7628784179688
 10
248.12158203125
 20
868.1144409179688
 10
248.6435546875
 20
868.4826049804688
 10
249.08984375
 20
868.9342651367188
 10
249.439453125
 20
869.4655151367188
 10
249.70166015625
 20
870.1803588867188
 10
249.80126953125
 20
870.9367065429688
 10
249.7685546875
 20
871.7077026367188
 10
249.60302734375
 20
872.5485229492188
 10
249.29150390625
 20
873.3453979492188
 10
248.828125
 20
874.0548706054688
 10
248.20654296875
 20
874.6232299804688
 10
247.7041015625
 20
874.8956909179688
 10
247.16259765625
 20
875.0802612304688
 10
246.01953125
 20
875.2750854492188
 10
244.34716796875
 20
875.3761596679688
 10
233.93017578125
 20
875.3483276367188
 10
230.771484375
 20
875.3156127929688
 10
219.255859375
 20
875.0079956054688
 10
205.537109375
 20
874.7536010742188
 10
200.54296875
 20
874.7443237304688
 10
195.7021484375
 20
874.7990112304688
 10
199.68896484375
 20
886.7423706054688
 10
200.92529296875
 20
890.2853393554688
 10
202.1337890625
 20
893.4191284179688
 10
206.16845703125
 20
903.3195190429688
 10
216.67724609375
 20
901.8517456054688
 10
234.64990234375
 20
899.2262573242188
 10
242.623046875
 20
898.1207885742188
 10
244.650390625
 20
897.9782104492188
 10
245.5048828125
 20
897.9874877929688
 10
246.35302734375
 20
898.0661010742188
 10
247.1865234375
 20
898.2404174804688
 10
248.1162109375
 20
898.5934448242188
 10
248.953125
 20
899.1251831054688
 10
249.546875
 20
899.7106323242188
 10
250.02001953125
 20
900.3952026367188
 10
250.37060546875
 20
901.1554565429688
 10
250.58740234375
 20
901.9274291992188
 10
250.697265625
 20
902.7199096679688
 10
250.71484375
 20
903.5241088867188
 10
250.6552734375
 20
904.3297729492188
 10
250.470703125
 20
905.4425659179688
 10
250.19873046875
 20
906.5387573242188
 10
249.8740234375
 20
907.6222534179688
 10
248.54052734375
 20
911.6437377929688
 10
247.70361328125
 20
914.3619995117188
 10
246.95849609375
 20
917.1071166992188
 10
246.04296875
 20
921.1139526367188
 10
245.2919921875
 20
925.1554565429688
 10
244.78759765625
 20
928.4161987304688
 10
244.35400390625
 20
931.6871948242188
 10
243.9775390625
 20
935.0045776367188
 10
243.66259765625
 20
938.3278198242188
 10
243.3486328125
 20
942.8087768554688
 10
247.23046875
 20
943.7477416992188
 10
251.62158203125
 20
944.6017456054688
 10
255.9375
 20
945.2384643554688
 10
260.27490234375
 20
945.7116088867188
 10
263.75341796875
 20
945.9938354492188
 10
267.2373046875
 20
946.1915893554688
 10
270.98583984375
 20
946.3004760742188
 10
272.98291015625
 20
944.2980346679688
 10
274.9853515625
 20
946.2955932617188
 10
278.7333984375
 20
946.1769409179688
 10
282.21728515625
 20
945.9703979492188
 10
285.69482421875
 20
945.6793823242188
 10
290.03125
 20
945.1950073242188
 10
294.345703125
 20
944.5475463867188
 10
298.734375
 20
943.6823120117188
 10
302.61376953125
 20
942.7335815429688
 10
302.2880859375
 20
938.2531127929688
 10
301.96533203125
 20
934.9308471679688
 10
301.580078125
 20
931.6149291992188
 10
301.138671875
 20
928.3449096679688
 10
300.62548828125
 20
925.0851440429688
 10
299.86474609375
 20
921.0455932617188
 10
298.9384765625
 20
917.0411987304688
 10
298.1865234375
 20
914.2980346679688
 10
297.3427734375
 20
911.5817260742188
 10
295.9990234375
 20
907.5636596679688
 10
295.67138671875
 20
906.4811401367188
 10
295.39697265625
 20
905.3854370117188
 10
295.20947265625
 20
904.2731323242188
 10
295.14794921875
 20
903.4674682617188
 10
295.1630859375
 20
902.6637573242188
 10
295.27099609375
 20
901.8703002929688
 10
295.486328125
 20
901.0983276367188
 10
295.83447265625
 20
900.3370971679688
 10
296.30615234375
 20
899.6515502929688
 10
296.8984375
 20
899.0646362304688
 10
297.73388671875
 20
898.5304565429688
 10
298.6630859375
 20
898.1749877929688
 10
299.49560546875
 20
897.9987182617188
 10
300.34375
 20
897.9181518554688
 10
301.1982421875
 20
897.9064331054688
 10
303.22607421875
 20
898.0441284179688
 10
311.2021484375
 20
899.1290893554688
 10
329.1806640625
 20
901.7091674804688
 10
339.693359375
 20
903.1500854492188
 10
343.703125
 20
893.2399291992188
 10
344.90380859375
 20
890.1032104492188
 10
346.130859375
 20
886.5568237304688
 10
350.08740234375
 20
874.6032104492188
 10
345.24658203125
 20
874.5607299804688
 10
340.25244140625
 20
874.5827026367188
 10
326.5341796875
 20
874.8722534179688
 10
315.01953125
 20
875.2091674804688
 10
311.861328125
 20
875.2492065429688
 10
301.44384765625
 20
875.3034057617188
 10
299.771484375
 20
875.2072143554688
 10
298.6279296875
 20
875.0153198242188
 10
298.0859375
 20
874.8317260742188
 10
297.5830078125
 20
874.5602416992188
 10
296.95947265625
 20
873.9938354492188
 10
296.49462890625
 20
873.2853393554688
 10
296.18115234375
 20
872.4894409179688
 10
296.013671875
 20
871.6486206054688
 10
295.97900390625
 20
870.8781127929688
 10
296.07666015625
 20
870.1217651367188
 10
296.3369140625
 20
869.4059448242188
 10
296.68505859375
 20
868.8742065429688
 10
297.13037109375
 20
868.4210815429688
 10
297.6513671875
 20
868.0514526367188
 10
298.4072265625
 20
867.6979370117188
 10
299.2119140625
 20
867.4669799804688
 10
300.04150390625
 20
867.3156127929688
 10
306.7177734375
 20
866.6769409179688
 10
312.6162109375
 20
866.1994018554688
 10
319.55859375
 20
865.7286987304688
 10
333.20263671875
 20
864.8815307617188
 10
355.4296875
 20
863.2492065429688
 10
356.43359375
 20
858.6666870117188
 10
357.30029296875
 20
854.1486206054688
 10
358.0498046875
 20
849.6090698242188
 10
358.6884765625
 20
845.0094604492188
 10
359.20556640625
 20
840.3942260742188
 10
359.623046875
 20
835.4357299804688
 10
359.7900390625
 20
832.4186401367188
  0
TEXT
  5
FF
330
17
100
AcDbEntity
  8
ANNOTATION
100
AcDbText
 10
273.018974535393
 20
861.8094685872396
 30
0.0
 40
12.5
  1
P03 0deg
100
AcDbText
  0
LWPOLYLINE
  5
100
330
17
100
AcDbEntity
  8
PIECES
100
AcDbPolyline
 90
277
 70
1
 10
537.029296875
 20
832.2819213867188
 10
532.5966796875
 20
832.7511596679688
 10
529.5009765625
 20
833.1364135742188
 10
525.541015625
 20
833.6954956054688
 10
517.39599609375
 20
835.0045776367188
 10
513.2138671875
 20
835.7579956054688
 10
509.4306640625
 20
836.5099487304688
 10
498.24267578125
 20
838.9928588867188
 10
496.39306640625
 20
839.3370971679688
 10
494.52880859375
 20
839.5875854492188
 10
493.470703125
 20
839.6696166992188
 10
492.41259765625
 20
839.6847534179688
 10
491.36083984375
 20
839.6105346679688
 10
490.32275390625
 20
839.4240112304688
 10
489.3193359375
 20
839.1066284179688
 10
488.375
 20
838.6515502929688
 10
487.51025390625
 20
838.0568237304688
 10
486.85693359375
 20
837.4469604492188
 10
486.29345703125
 20
836.7570190429688
 10
485.82470703125
 20
835.9987182617188
 10
485.45654296875
 20
835.1832885742188
 10
485.1650390625
 20
834.2164916992188
 10
484.998046875
 20
833.2262573242188
 10
484.93701171875
 20
832.2194213867188
 10
484.96435546875
 20
831.2033081054688
 10
485.06298828125
 20
830.1847534179688
 10
485.21484375
 20
829.1705932617188
 10
485.61767578125
 20
827.1784057617188
 10
487.27099609375
 20
820.6061401367188
 10
487.78125
 20
817.9469604492188
 10
487.99609375
 20
816.3082885742188
 10
488.10302734375
 20
814.6618041992188
 10
488.068359375
 20
813.0133666992188
 10
487.921875
 20
811.7262573242188
 10
487.66650390625
 20
810.4591674804688
 10
487.29833984375
 20
809.2208862304688
 10
486.8154296875
 20
808.0206909179688
 10
486.23046875
 20
806.8932495117188
 10
485.541015625
 20
805.8322143554688
 10
484.75244140625
 20
804.8453979492188
 10
483.86865234375
 20
803.9411010742188
 10
482.89453125
 20
803.1271362304688
 10
481.80322265625
 20
802.3908081054688
 10
480.64453125
 20
801.7706909179688
 10
479.43017578125
 20
801.2672729492188
 10
478.17041015625
 20
800.8805541992188
 10
476.841796875
 20
800.6036987304688
 10
475.4970703125
 20
800.4381713867188
 10
474.14111328125
 20
800.3683471679688
 10
472.7802734375
 20
800.3800659179688
 10
471.41943359375
 20
800.4581909179688
 10
469.15576171875
 20
800.6945190429688
 10
461.7509765625
 20
801.8180541992188
 10
458.83984375
 20
802.1769409179688
 10
454.5478515625
 20
802.5094604492188
 10
451.0224609375
 20
802.6715698242188
 10
447.49853515625
 20
802.4821166992188
 10
443.208984375
 20
802.1163940429688
 10
440.30078125
 20
801.7350463867188
 10
432.9052734375
 20
800.5548706054688
 10
430.64306640625
 20
800.3004760742188
 10
429.28271484375
 20
800.2125854492188
 10
427.921875
 20
800.1901245117188
 10
426.56591796875
 20
800.2492065429688
 10
425.2197265625
 20
800.4044799804688
 10
423.88916015625
 20
800.6710815429688
 10
422.62646484375
 20
801.0480346679688
 10
421.408203125
 20
801.5421752929688
 10
420.24462890625
 20
802.1535034179688
 10
419.1474609375
 20
802.8810424804688
 10
418.16748046875
 20
803.6871948242188
 10
417.27685546875
 20
804.5846557617188
 10
416.48046875
 20
805.5656127929688
 10
415.783203125
 20
806.6212768554688
 10
415.18896484375
 20
807.7438354492188
 10
414.69677734375
 20
808.9406127929688
 10
414.3193359375
 20
810.1759643554688
 10
414.0537109375
 20
811.4411010742188
 10
413.89794921875
 20
812.7267456054688
 10
413.85009765625
 20
814.3751831054688
 10
413.94482421875
 20
816.0221557617188
 10
414.146484375
 20
817.6627807617188
 10
414.63623046875
 20
820.3258666992188
 10
416.23876953125
 20
826.9108276367188
 10
416.62646484375
 20
828.9059448242188
 10
416.7705078125
 20
829.9210815429688
 10
416.86083984375
 20
830.9401245117188
 10
416.880859375
 20
831.9567260742188
 10
416.81201171875
 20
832.9630737304688
 10
416.63720703125
 20
833.9518432617188
 10
416.33837890625
 20
834.9166870117188
 10
415.9638671875
 20
835.7291870117188
 10
415.4892578125
 20
836.4840698242188
 10
414.9208984375
 20
837.1691284179688
 10
414.2626953125
 20
837.7741088867188
 10
413.39306640625
 20
838.3619995117188
 10
412.4453125
 20
838.8097534179688
 10
411.439453125
 20
839.1193237304688
 10
410.400390625
 20
839.2980346679688
 10
409.34814453125
 20
839.3639526367188
 10
408.28955078125
 20
839.3410034179688
 10
407.232421875
 20
839.2506713867188
 10
405.3701171875
 20
838.9860229492188
 10
403.52294921875
 20
838.6271362304688
 10
392.3544921875
 20
836.0578002929688
 10
388.5771484375
 20
835.2770385742188
 10
384.40087890625
 20
834.4909057617188
 10
376.2666015625
 20
833.1193237304688
 10
372.31103515625
 20
832.5294799804688
 10
369.21826171875
 20
832.1207885742188
 10
364.7900390625
 20
831.6168823242188
 10
364.978515625
 20
834.6647338867188
 10
365.427734375
 20
839.6203002929688
 10
365.974609375
 20
844.2321166992188
 10
366.642578125
 20
848.8273315429688
 10
367.421875
 20
853.3619995117188
 10
368.3173828125
 20
857.8742065429688
 10
369.1513671875
 20
861.5753784179688
 10
376.8056640625
 20
862.0460815429688
 10
381.28564453125
 20
862.3644409179688
 10
394.48779296875
 20
863.3888549804688
 10
411.42333984375
 20
864.5084838867188
 10
417.05322265625
 20
864.8414916992188
 10
422.4853515625
 20
865.2350463867188
 10
424.18017578125
 20
865.4201049804688
 10
424.98828125
 20
865.5822143554688
 10
425.7666015625
 20
865.8341674804688
 10
426.48681640625
 20
866.2145385742188
 10
426.99560546875
 20
866.6276245117188
 10
427.41748046875
 20
867.1251831054688
 10
427.7373046875
 20
867.6959838867188
 10
427.94970703125
 20
868.3551635742188
 10
428.0390625
 20
869.0416870117188
 10
428.0234375
 20
869.7389526367188
 10
427.86962890625
 20
870.6105346679688
 10
427.54931640625
 20
871.4328002929688
 10
427.05029296875
 20
872.1564331054688
 10
426.38720703125
 20
872.7311401367188
 10
425.6630859375
 20
873.0924682617188
 10
424.87841796875
 20
873.3082885742188
 10
424.064453125
 20
873.4220581054688
 10
422.42626953125
 20
873.4811401367188
 10
401.80908203125
 20
872.6749877929688
 10
393.48876953125
 20
872.2804565429688
 10
374.3330078125
 20
871.7765502929688
 10
375.3095703125
 20
875.5914916992188
 10
376.46435546875
 20
879.4835815429688
 10
377.666015625
 20
883.0451049804688
 10
378.97509765625
 20
886.5690307617188
 10
380.2099609375
 20
889.6710815429688
 10
381.5048828125
 20
892.7482299804688
 10
383.02490234375
 20
896.1779174804688
 10
384.736328125
 20
899.8253784179688
 10
394.744140625
 20
898.7360229492188
 10
403.67041015625
 20
897.6124877929688
 10
415.59912109375
 20
896.0109252929688
 10
420.640625
 20
895.4640502929688
 10
422.67041015625
 20
895.3746948242188
 10
423.9462890625
 20
895.4240112304688
 10
425.201171875
 20
895.6349487304688
 10
425.9287109375
 20
895.8717651367188
 10
426.61181640625
 20
896.2018432617188
 10
427.22998046875
 20
896.6320190429688
 10
427.76220703125
 20
897.1696166992188
 10
428.23095703125
 20
897.8956909179688
 10
428.54052734375
 20
898.7013549804688
 10
428.70068359375
 20
899.5563354492188
 10
428.720703125
 20
900.4518432617188
 10
428.61767578125
 20
901.3395385742188
 10
428.4228515625
 20
902.2194213867188
 10
428.16845703125
 20
903.0919799804688
 10
426.22900390625
 20
908.9381713867188
 10
425.384765625
 20
911.6500854492188
 10
424.60888671875
 20
914.3820190429688
 10
423.6171875
 20
918.4362182617188
 10
422.826171875
 20
922.5338745117188
 10
422.3603515625
 20
925.7941284179688
 10
422.01171875
 20
929.0700073242188
 10
421.6787109375
 20
933.5949096679688
 10
421.52392578125
 20
938.1290893554688
 10
421.52880859375
 20
939.0363159179688
 10
425.29443359375
 20
939.8512573242188
 10
429.048828125
 20
940.5519409179688
 10
433.35986328125
 20
941.2218627929688
 10
437.6904296875
 20
941.7501831054688
 10
441.16552734375
 20
942.0704956054688
 10
444.64794921875
 20
942.3019409179688
 10
448.4306640625
 20
942.4498901367188
 10
450.439453125
 20
940.4591674804688
 10
452.43017578125
 20
942.4674682617188
 10
456.31884765625
 20
942.3468627929688
 10
459.802734375
 20
942.1422729492188
 10
463.2802734375
 20
941.8493041992188
 10
467.61474609375
 20
941.3541870117188
 10
471.93115234375
 20
940.7174682617188
 10
475.6904296875
 20
940.0460815429688
 10
479.46240234375
 20
939.2599487304688
 10
479.47412109375
 20
938.3527221679688
 10
479.3544921875
 20
933.8175659179688
 10
479.056640625
 20
929.2902221679688
 10
478.7333984375
 20
926.0119018554688
 10
478.29296875
 20
922.7477416992188
 10
477.533203125
 20
918.6447143554688
 10
476.57275390625
 20
914.5827026367188
 10
475.81787109375
 20
911.8449096679688
 10
474.99462890625
 20
909.1261596679688
 10
473.1005859375
 20
903.2653198242188
 10
472.8525390625
 20
902.3908081054688
 10
472.6650390625
 20
901.5094604492188
 10
472.56884765625
 20
900.6212768554688
 10
472.595703125
 20
899.7257690429688
 10
472.76220703125
 20
898.8722534179688
 10
473.078125
 20
898.0685424804688
 10
473.55224609375
 20
897.3458862304688
 10
474.0888671875
 20
896.8131713867188
 10
474.71044921875
 20
896.3873901367188
 10
475.39599609375
 20
896.0626831054688
 10
476.125
 20
895.8317260742188
 10
477.3818359375
 20
895.6305541992188
 10
478.658203125
 20
895.5910034179688
 10
480.68701171875
 20
895.6954956054688
 10
485.72412109375
 20
896.2819213867188
 10
497.64013671875
 20
897.9747924804688
 10
506.5576171875
 20
899.1676635742188
 10
516.556640625
 20
900.3341674804688
 10
518.29638671875
 20
896.6998901367188
 10
519.7626953125
 20
893.4591674804688
 10
517.96240234375
 20
891.3209838867188
 10
520.75341796875
 20
891.1637573242188
 10
520.95068359375
 20
890.7047729492188
 10
519.115234375
 20
888.5968627929688
 10
521.90283203125
 20
888.3932495117188
 10
522.09130859375
 20
887.9298706054688
 10
520.2158203125
 20
885.8580932617188
 10
522.9990234375
 20
885.6007690429688
 10
523.1767578125
 20
885.1334838867188
 10
521.2626953125
 20
883.0963745117188
 10
524.04052734375
 20
882.7877807617188
 10
524.2041015625
 20
882.3151245117188
 10
522.2470703125
 20
880.3195190429688
 10
525.017578125
 20
879.9513549804688
 10
526.169921875
 20
876.1740112304688
 10
527.17626953125
 20
872.3663940429688
 10
508.0166015625
 20
872.7223510742188
 10
499.69384765625
 20
873.0529174804688
 10
479.0712890625
 20
873.6998901367188
 10
477.43310546875
 20
873.6281127929688
 10
476.62060546875
 20
873.5079956054688
 10
475.83740234375
 20
873.2863159179688
 10
475.1162109375
 20
872.9191284179688
 10
474.45751953125
 20
872.3395385742188
 10
473.9638671875
 20
871.6119995117188
 10
473.64990234375
 20
870.7872924804688
 10
473.5029296875
 20
869.9147338867188
 10
473.49267578125
 20
869.2169799804688
 10
473.58740234375
 20
868.5309448242188
 10
473.8046875
 20
867.8737182617188
 10
474.12939453125
 20
867.3053588867188
 10
474.5546875
 20
866.8112182617188
 10
475.06640625
 20
866.4020385742188
 10
475.7900390625
 20
866.0270385742188
 10
476.56982421875
 20
865.7814331054688
 10
477.37939453125
 20
865.6256713867188
 10
479.07568359375
 20
865.4533081054688
 10
484.5107421875
 20
865.1022338867188
 10
490.14306640625
 20
864.8121948242188
 10
507.08642578125
 20
863.8234252929688
 10
520.29638671875
 20
862.9005737304688
 10
524.7783203125
 20
862.6173706054688
 10
532.43603515625
 20
862.2052612304688
 10
533.298828125
 20
858.5114135742188
 10
534.22900390625
 20
854.0055541992188
 10
535.04345703125
 20
849.4777221679688
 10
535.7470703125
 20
844.8873901367188
 10
536.32958984375
 20
840.2799682617188
 10
536.81689453125
 20
835.3278198242188
 10
537.029296875
 20
832.2819213867188
  0
TEXT
  5
101
330
17
100
AcDbEntity
  8
ANNOTATION
100
AcDbText
 10
453.6549667193141
 20
861.8632545884335
 30
0.0
 40
12.5
  1
P04 0deg
100
AcDbText
  0
LWPOLYLINE
  5
102
330
17
100
AcDbEntity
  8
PIECES
100
AcDbPolyline
 90
289
 70
1
 10
709.74951171875
 20
830.3048706054688
 10
700.21142578125
 20
831.5250854492188
 10
695.5029296875
 20
832.2023315429688
 10
690.80615234375
 20
832.9567260742188
 10
686.82421875
 20
833.6832885742188
 10
682.853515625
 20
834.4699096679688
 10
678.8818359375
 20
835.3019409179688
 10
670.5576171875
 20
837.1544799804688
 10
669.1748046875
 20
837.4132690429688
 10
667.783203125
 20
837.5958862304688
 10
666.38232421875
 20
837.6578979492188
 10
665.49853515625
 20
837.6139526367188
 10
664.62646484375
 20
837.4909057617188
 10
663.77880859375
 20
837.2775268554688
 10
662.9677734375
 20
836.9616088867188
 10
662.2060546875
 20
836.5319213867188
 10
661.44189453125
 20
835.9210815429688
 10
660.79052734375
 20
835.1959838867188
 10
660.25634765625
 20
834.3771362304688
 10
659.8447265625
 20
833.4845581054688
 10
659.55029296875
 20
832.4953002929688
 10
659.39013671875
 20
831.4821166992188
 10
659.3447265625
 20
830.4528198242188
 10
659.39404296875
 20
829.4147338867188
 10
659.5185546875
 20
828.3742065429688
 10
659.6982421875
 20
827.3395385742188
 10
660.2021484375
 20
825.1134643554688
 10
661.21826171875
 20
821.0343627929688
 10
661.59912109375
 20
819.1535034179688
 10
661.8857421875
 20
817.2560424804688
 10
662.03271484375
 20
815.7125854492188
 10
662.0888671875
 20
814.1652221679688
 10
662.0390625
 20
812.6173706054688
 10
661.91162109375
 20
811.3790893554688
 10
661.6962890625
 20
810.1559448242188
 10
661.3818359375
 20
808.9562377929688
 10
660.95849609375
 20
807.7892456054688
 10
660.4130859375
 20
806.6554565429688
 10
659.75634765625
 20
805.5890502929688
 10
658.99365234375
 20
804.5973510742188
 10
658.13037109375
 20
803.6906127929688
 10
657.17236328125
 20
802.8766479492188
 10
656.06591796875
 20
802.1276245117188
 10
654.88671875
 20
801.5045776367188
 10
653.6484375
 20
801.0065307617188
 10
652.36328125
 20
800.6310424804688
 10
650.76953125
 20
800.3356323242188
 10
649.15625
 20
800.1959838867188
 10
647.53271484375
 20
800.1901245117188
 10
645.9091796875
 20
800.2960815429688
 10
643.66162109375
 20
800.5866088867188
 10
636.2568359375
 20
801.8952026367188
 10
631.34326171875
 20
802.6525268554688
 10
629.3681640625
 20
802.8869018554688
 10
627.17041015625
 20
803.0050659179688
 10
626.11328125
 20
802.9953002929688
 10
625.7080078125
 20
802.1979370117188
 10
625.3134765625
 20
803.0001831054688
 10
624.255859375
 20
803.0236206054688
 10
622.056640625
 20
802.9332885742188
 10
620.07861328125
 20
802.7238159179688
 10
615.15576171875
 20
802.0289916992188
 10
607.7353515625
 20
800.8146362304688
 10
605.48388671875
 20
800.5524291992188
 10
603.859375
 20
800.4669799804688
 10
602.23583984375
 20
800.4933471679688
 10
600.62451171875
 20
800.6535034179688
 10
599.03466796875
 20
800.9694213867188
 10
597.7548828125
 20
801.3610229492188
 10
596.5224609375
 20
801.8746948242188
 10
595.3515625
 20
802.5123901367188
 10
594.25439453125
 20
803.2750854492188
 10
593.306640625
 20
804.1012573242188
 10
592.455078125
 20
805.0192260742188
 10
591.705078125
 20
806.0202026367188
 10
591.06201171875
 20
807.0953979492188
 10
590.53076171875
 20
808.2355346679688
 10
590.12255859375
 20
809.4078979492188
 10
589.8232421875
 20
810.6115112304688
 10
589.62353515625
 20
811.8370971679688
 10
589.51171875
 20
813.0768432617188
 10
589.4814453125
 20
814.6251831054688
 10
589.5576171875
 20
816.1720581054688
 10
589.7236328125
 20
817.7135620117188
 10
590.0341796875
 20
819.6071166992188
 10
590.43896484375
 20
821.4830932617188
 10
591.5068359375
 20
825.5490112304688
 10
592.03857421875
 20
827.7682495117188
 10
592.23193359375
 20
828.8009643554688
 10
592.36962890625
 20
829.8395385742188
 10
592.43212890625
 20
830.8771362304688
 10
592.3994140625
 20
831.9069213867188
 10
592.251953125
 20
832.9215698242188
 10
591.97021484375
 20
833.9147338867188
 10
591.5703125
 20
834.8126831054688
 10
591.04638671875
 20
835.6378784179688
 10
590.404296875
 20
836.3712768554688
 10
589.64794921875
 20
836.9918823242188
 10
588.8916015625
 20
837.4313354492188
 10
588.0849609375
 20
837.7570190429688
 10
587.23974609375
 20
837.9816284179688
 10
586.36962890625
 20
838.1154174804688
 10
585.486328125
 20
838.1705932617188
 10
584.0849609375
 20
838.1266479492188
 10
582.69091796875
 20
837.9616088867188
 10
581.30517578125
 20
837.7203979492188
 10
572.9580078125
 20
835.9733276367188
 10
568.9755859375
 20
835.1920776367188
 10
564.99560546875
 20
834.4557495117188
 10
561.0048828125
 20
833.7794799804688
 10
556.298828125
 20
833.0846557617188
 10
551.58203125
 20
832.4674682617188
 10
542.029296875
 20
831.3678588867188
 10
542.61865234375
 20
836.7960815429688
 10
543.03857421875
 20
840.1232299804688
 10
543.6875
 20
844.7218627929688
 10
544.4384765625
 20
849.3043823242188
 10
545.3046875
 20
853.8229370117188
 10
546.29248046875
 20
858.3161010742188
 10
546.88916015625
 20
860.7311401367188
 10
557.40185546875
 20
861.4030151367188
 10
567.11279296875
 20
861.9176635742188
 10
580.76123046875
 20
862.5748901367188
 10
592.15234375
 20
863.0338745117188
 10
596.919921875
 20
863.1818237304688
 10
598.65771484375
 20
863.2887573242188
 10
600.38330078125
 20
863.5060424804688
 10
601.60546875
 20
863.7941284179688
 10
602.17724609375
 20
864.0314331054688
 10
602.69921875
 20
864.3629760742188
 10
603.1826171875
 20
864.8405151367188
 10
603.5537109375
 20
865.4088745117188
 10
603.81103515625
 20
866.0421752929688
 10
603.978515625
 20
867.0211791992188
 10
603.916015625
 20
868.0153198242188
 10
603.7861328125
 20
868.5719604492188
 10
603.57568359375
 20
869.0973510742188
 10
603.2666015625
 20
869.5704956054688
 10
602.6865234375
 20
870.0851440429688
 10
601.990234375
 20
870.4420776367188
 10
601.11376953125
 20
870.6959838867188
 10
600.2080078125
 20
870.8297729492188
 10
598.6123046875
 20
870.9264526367188
 10
591.5478515625
 20
871.0021362304688
 10
588.3994140625
 20
870.9796752929688
 10
581.6171875
 20
870.8405151367188
 10
569.58837890625
 20
870.4645385742188
 10
565.3837890625
 20
870.3644409179688
 10
561.17822265625
 20
870.3175659179688
 10
557.8232421875
 20
870.3302612304688
 10
551.09326171875
 20
870.4874877929688
 10
552.28173828125
 20
874.7208862304688
 10
553.70849609375
 20
879.1881713867188
 10
555.29248046875
 20
883.6032104492188
 10
557.060546875
 20
888.0275268554688
 10
558.986328125
 20
892.3844604492188
 10
561.0673828125
 20
896.6701049804688
 10
561.62158203125
 20
897.7140502929688
 10
566.37109375
 20
897.2487182617188
 10
575.6728515625
 20
896.2116088867188
 10
580.06494140625
 20
895.6359252929688
 10
597.04248046875
 20
893.0104370117188
 10
599.0234375
 20
892.8170776367188
 10
599.876953125
 20
892.8009643554688
 10
600.724609375
 20
892.8600463867188
 10
601.5556640625
 20
893.0285034179688
 10
602.2431640625
 20
893.2824096679688
 10
602.87939453125
 20
893.6344604492188
 10
603.4521484375
 20
894.0817260742188
 10
603.94677734375
 20
894.6193237304688
 10
604.408203125
 20
895.3522338867188
 10
604.7275390625
 20
896.1559448242188
 10
604.90966796875
 20
897.0065307617188
 10
604.962890625
 20
897.8790893554688
 10
604.904296875
 20
898.7487182617188
 10
604.759765625
 20
899.6144409179688
 10
604.31201171875
 20
901.3268432617188
 10
602.70068359375
 20
906.3219604492188
 10
601.8740234375
 20
909.0392456054688
 10
601.12841796875
 20
911.7799682617188
 10
600.17724609375
 20
915.8439331054688
 10
599.41748046875
 20
919.9469604492188
 10
598.97265625
 20
923.2106323242188
 10
598.66064453125
 20
926.4899291992188
 10
598.46044921875
 20
930.2277221679688
 10
598.42626953125
 20
933.9708862304688
 10
598.47607421875
 20
935.3869018554688
 10
601.4775390625
 20
936.1959838867188
 10
605.0908203125
 20
936.9684448242188
 10
607.75634765625
 20
937.4005737304688
 10
610.43603515625
 20
937.7345581054688
 10
613.125
 20
937.9928588867188
 10
615.8193359375
 20
938.1969604492188
 10
619.38134765625
 20
938.4083862304688
 10
622.94580078125
 20
938.5451049804688
 10
624.5703125
 20
938.5656127929688
 10
626.55712890625
 20
936.5534057617188
 10
628.5693359375
 20
938.5402221679688
 10
630.1982421875
 20
938.4987182617188
 10
633.7607421875
 20
938.3170776367188
 10
637.31982421875
 20
938.0607299804688
 10
640.01123046875
 20
937.8224487304688
 10
642.69677734375
 20
937.5299682617188
 10
645.37158203125
 20
937.1618041992188
 10
648.03173828125
 20
936.6964721679688
 10
651.634765625
 20
935.8781127929688
 10
654.62646484375
 20
935.0309448242188
 10
654.658203125
 20
933.6144409179688
 10
654.576171875
 20
929.8722534179688
 10
654.32861328125
 20
926.1373901367188
 10
653.97509765625
 20
922.8619995117188
 10
653.48876953125
 20
919.6041870117188
 10
652.67724609375
 20
915.5109252929688
 10
651.67431640625
 20
911.4596557617188
 10
650.89404296875
 20
908.7286987304688
 10
650.033203125
 20
906.0216674804688
 10
648.35888671875
 20
901.0475463867188
 10
647.88916015625
 20
899.3410034179688
 10
647.73388671875
 20
898.4772338867188
 10
647.6640625
 20
897.6085815429688
 10
647.70654296875
 20
896.7355346679688
 10
647.8779296875
 20
895.8825073242188
 10
648.1865234375
 20
895.0748901367188
 10
648.63916015625
 20
894.3361206054688
 10
649.126953125
 20
893.7921752929688
 10
649.693359375
 20
893.3380737304688
 10
650.32568359375
 20
892.9777221679688
 10
651.009765625
 20
892.7150268554688
 10
651.8388671875
 20
892.5358276367188
 10
652.685546875
 20
892.4660034179688
 10
653.5390625
 20
892.4713745117188
 10
655.5224609375
 20
892.6398315429688
 10
672.53173828125
 20
895.0499877929688
 10
676.9306640625
 20
895.5695190429688
 10
686.2451171875
 20
896.4889526367188
 10
690.99951171875
 20
896.8942260742188
 10
691.54052734375
 20
895.8429565429688
 10
693.5673828125
 20
891.5314331054688
 10
694.484375
 20
889.3834838867188
 10
692.673828125
 20
887.2540893554688
 10
695.46337890625
 20
887.0831909179688
 10
695.64306640625
 20
886.6168823242188
 10
693.75927734375
 20
884.5519409179688
 10
696.54150390625
 20
884.2838745117188
 10
696.72119140625
 20
883.8170776367188
 10
694.798828125
 20
881.7877807617188
 10
697.57568359375
 20
881.4679565429688
 10
697.73828125
 20
880.9953002929688
 10
695.78173828125
 20
878.9992065429688
 10
698.552734375
 20
878.6315307617188
 10
700.04736328125
 20
873.7843627929688
 10
701.18212890625
 20
869.5358276367188
 10
694.45068359375
 20
869.4640502929688
 10
691.095703125
 20
869.4943237304688
 10
686.89111328125
 20
869.5939331054688
 10
670.6650390625
 20
870.2760620117188
 10
663.88525390625
 20
870.5011596679688
 10
660.73779296875
 20
870.5636596679688
 10
653.6728515625
 20
870.5773315429688
 10
652.07568359375
 20
870.5006713867188
 10
651.16845703125
 20
870.3786010742188
 10
650.28857421875
 20
870.1359252929688
 10
649.58837890625
 20
869.7882690429688
 10
649.00146484375
 20
869.2804565429688
 10
648.6865234375
 20
868.8112182617188
 10
648.46923828125
 20
868.2882690429688
 10
648.33251953125
 20
867.7335815429688
 10
648.25732421875
 20
866.7404174804688
 10
648.412109375
 20
865.7594604492188
 10
648.66162109375
 20
865.1227416992188
 10
649.025390625
 20
864.5499877929688
 10
649.50244140625
 20
864.0661010742188
 10
650.0205078125
 20
863.7282104492188
 10
650.58935546875
 20
863.4835815429688
 10
651.8076171875
 20
863.1798706054688
 10
653.5302734375
 20
862.9411010742188
 10
655.2666015625
 20
862.8121948242188
 10
660.03173828125
 20
862.6036987304688
 10
671.416015625
 20
862.0001831054688
 10
685.0556640625
 20
861.1701049804688
 10
694.75927734375
 20
860.5324096679688
 10
705.2626953125
 20
859.7272338867188
 10
705.82861328125
 20
857.3048706054688
 10
706.75927734375
 20
852.7994995117188
 10
707.568359375
 20
848.2702026367188
 10
708.2607421875
 20
843.6784057617188
 10
708.85107421875
 20
839.0724487304688
 10
709.22900390625
 20
835.7399291992188
 10
709.74951171875
 20
830.3048706054688
  0
TEXT
  5
103
330
17
100
AcDbEntity
  8
ANNOTATION
100
AcDbText
 10
628.3292367268599
 20
861.0642712866971
 30
0.0
 40
12.5
  1
P05 0deg
100
AcDbText
  0
LWPOLYLINE
  5
104
330
17
100
AcDbEntity
  8
PIECES
100
AcDbPolyline
 90
266
 70
1
 10
793.92919921875
 20
935.0001831054688
 10
795.89404296875
 20
937.0339965820312
 10
797.92724609375
 20
935.0697021484375
 10
804.69873046875
 20
934.8699340820312
 10
807.86474609375
 20
934.701171875
 10
811.02392578125
 20
934.4534301757812
 10
814.17041015625
 20
934.1000366210938
 10
817.30029296875
 20
933.6137084960938
 10
820.91650390625
 20
932.8583984375
 10
823.84130859375
 20
932.0967407226562
 10
823.88720703125
 20
927.8555908203125
 10
823.74267578125
 20
924.1151123046875
 10
823.47900390625
 20
920.8314819335938
 10
823.08251953125
 20
917.5613403320312
 10
822.38330078125
 20
913.4475708007812
 10
821.49267578125
 20
909.3704223632812
 10
820.78857421875
 20
906.6185302734375
 10
820.00146484375
 20
903.8892822265625
 10
818.45068359375
 20
898.8745727539062
 10
818.02587890625
 20
897.1598510742188
 10
817.88916015625
 20
896.2935791015625
 10
817.83349609375
 20
895.4234008789062
 10
817.88134765625
 20
894.55078125
 10
818.05224609375
 20
893.6910400390625
 10
818.35791015625
 20
892.8758544921875
 10
818.81103515625
 20
892.1307373046875
 10
819.31005859375
 20
891.57861328125
 10
819.89306640625
 20
891.1212158203125
 10
820.54248046875
 20
890.7611694335938
 10
821.24365234375
 20
890.4996948242188
 10
822.09130859375
 20
890.3203735351562
 10
822.95654296875
 20
890.2505493164062
 10
823.82763671875
 20
890.2590942382812
 10
825.77490234375
 20
890.4435424804688
 10
834.00244140625
 20
891.7930908203125
 10
842.73193359375
 20
893.3657836914062
 10
847.10888671875
 20
894.0650024414062
 10
851.49755859375
 20
894.6926879882812
 10
856.40087890625
 20
895.3339233398438
 10
860.77685546875
 20
895.8450317382812
 10
862.97412109375
 20
891.6370239257812
 10
865.02490234375
 20
887.337890625
 10
866.92138671875
 20
882.9666137695312
 10
868.63232421875
 20
878.5997924804688
 10
870.18896484375
 20
874.1755981445312
 10
871.58251953125
 20
869.71142578125
 10
865.51025390625
 20
869.4263305664062
 10
862.16943359375
 20
869.3281860351562
 10
857.69580078125
 20
869.2616577148438
 10
849.16552734375
 20
869.2642211914062
 10
831.60009765625
 20
869.3648071289062
 10
824.44873046875
 20
869.2830200195312
 10
822.87744140625
 20
869.2025756835938
 10
821.90869140625
 20
869.0698852539062
 10
820.97998046875
 20
868.784912109375
 10
820.28564453125
 20
868.3842163085938
 10
819.71142578125
 20
867.8291625976562
 10
819.29443359375
 20
867.1298217773438
 10
819.05322265625
 20
866.3485717773438
 10
818.98095703125
 20
865.5086669921875
 10
819.10986328125
 20
864.6785888671875
 10
819.47900390625
 20
863.8821411132812
 10
820.06201171875
 20
863.2268676757812
 10
820.62939453125
 20
862.8508911132812
 10
821.25830078125
 20
862.5879516601562
 10
822.14990234375
 20
862.377197265625
 10
823.06201171875
 20
862.2658081054688
 10
829.69677734375
 20
861.8246459960938
 10
832.59033203125
 20
861.6859741210938
 10
842.57861328125
 20
861.3521118164062
 10
852.26123046875
 20
860.839599609375
 10
865.68017578125
 20
860.2728881835938
 10
870.27099609375
 20
859.9634399414062
 10
876.10400390625
 20
859.4285278320312
 10
877.30322265625
 20
854.2286987304688
 10
878.00341796875
 20
850.7014770507812
 10
875.76806640625
 20
849.0243530273438
 10
878.45068359375
 20
848.2420043945312
 10
878.53466796875
 20
847.7491455078125
 10
876.28076171875
 20
846.0962524414062
 10
878.95556640625
 20
845.2846069335938
 10
879.03173828125
 20
844.7907104492188
 10
876.74169921875
 20
843.1881713867188
 10
879.39794921875
 20
842.3174438476562
 10
880.10205078125
 20
837.2203979492188
 10
880.77880859375
 20
831.3197631835938
 10
875.85498046875
 20
831.8306274414062
 10
871.28857421875
 20
832.4385986328125
 10
867.98974609375
 20
832.9658813476562
 10
861.41455078125
 20
834.1517333984375
 10
854.79248046875
 20
835.406005859375
 10
845.94580078125
 20
837.2885131835938
 10
840.40869140625
 20
838.1410522460938
 10
839.35498046875
 20
838.2677612304688
 10
838.30419921875
 20
838.3098754882812
 10
837.25634765625
 20
838.2171020507812
 10
836.29638671875
 20
837.9725952148438
 10
835.39013671875
 20
837.5829467773438
 10
834.54638671875
 20
837.0642700195312
 10
833.77880859375
 20
836.4319458007812
 10
833.03759765625
 20
835.6243286132812
 10
832.43212890625
 20
834.7160034179688
 10
831.98681640625
 20
833.7175903320312
 10
831.75439453125
 20
832.8579711914062
 10
831.63134765625
 20
831.9786376953125
 10
831.59814453125
 20
831.0867919921875
 10
831.63720703125
 20
830.189697265625
 10
831.73095703125
 20
829.2937622070312
 10
832.10888671875
 20
827.0971069335938
 10
833.08544921875
 20
822.7959594726562
 10
833.52197265625
 20
820.6618041992188
 10
833.87255859375
 20
818.5125122070312
 10
834.04736328125
 20
816.9911499023438
 10
834.14111328125
 20
815.4645385742188
 10
834.13232421875
 20
813.9352416992188
 10
833.98583984375
 20
812.313232421875
 10
833.67919921875
 20
810.7179565429688
 10
833.19580078125
 20
809.1661376953125
 10
832.69677734375
 20
808.0233764648438
 10
832.09130859375
 20
806.9387817382812
 10
831.38330078125
 20
805.9204711914062
 10
830.57861328125
 20
804.9755249023438
 10
829.67919921875
 20
804.1130981445312
 10
828.64599609375
 20
803.3087158203125
 10
827.53759765625
 20
802.6185913085938
 10
826.36279296875
 20
802.0482788085938
 10
825.13232421875
 20
801.6026000976562
 10
823.78173828125
 20
801.2688598632812
 10
822.40771484375
 20
801.0684204101562
 10
821.01806640625
 20
800.984130859375
 10
819.62158203125
 20
800.9989013671875
 10
818.22509765625
 20
801.0951538085938
 10
816.00927734375
 20
801.3740844726562
 10
811.60595703125
 20
802.1464233398438
 10
808.64404296875
 20
802.6221313476562
 10
805.66748046875
 20
802.9911499023438
 10
800.93017578125
 20
803.3031616210938
 10
795.52783203125
 20
803.2086791992188
 10
790.80419921875
 20
802.7317504882812
 10
787.84228515625
 20
802.2590942382812
 10
784.89794921875
 20
801.6801147460938
 10
780.52490234375
 20
800.7548217773438
 10
778.31982421875
 20
800.3985595703125
 10
776.92822265625
 20
800.25341796875
 10
775.53271484375
 20
800.1901245117188
 10
774.14111328125
 20
800.2260131835938
 10
772.76025390625
 20
800.3783569335938
 10
771.39892578125
 20
800.6646118164062
 10
770.15380859375
 20
801.0671997070312
 10
768.95947265625
 20
801.59619140625
 10
767.82861328125
 20
802.2468872070312
 10
766.76806640625
 20
803.0147094726562
 10
765.83935546875
 20
803.8457641601562
 10
765.00146484375
 20
804.7615356445312
 10
764.25830078125
 20
805.7546997070312
 10
763.61572265625
 20
806.8178100585938
 10
763.07666015625
 20
807.9423217773438
 10
762.53955078125
 20
809.4760131835938
 10
762.17822265625
 20
811.0598754882812
 10
761.97509765625
 20
812.6758422851562
 10
761.91259765625
 20
814.2037963867188
 10
761.95263671875
 20
815.7329711914062
 10
762.07470703125
 20
817.2591552734375
 10
762.34912109375
 20
819.4194946289062
 10
762.71142578125
 20
821.5674438476562
 10
763.53759765625
 20
825.9000854492188
 10
763.83837890625
 20
828.1089477539062
 10
763.90087890625
 20
829.0072631835938
 10
763.90869140625
 20
829.9054565429688
 10
763.84423828125
 20
830.7955932617188
 10
763.68994140625
 20
831.6699829101562
 10
763.42822265625
 20
832.5211791992188
 10
762.94873046875
 20
833.5031127929688
 10
762.31201171875
 20
834.3898315429688
 10
761.54345703125
 20
835.1709594726562
 10
760.75244140625
 20
835.776123046875
 10
759.89306640625
 20
836.2651977539062
 10
758.97314453125
 20
836.6229248046875
 10
758.00439453125
 20
836.8336791992188
 10
756.95458984375
 20
836.8900146484375
 10
755.90576171875
 20
836.8110961914062
 10
751.57958984375
 20
836.0418701171875
 10
749.35302734375
 20
835.6026000976562
 10
740.57763671875
 20
833.4122924804688
 10
734.00341796875
 20
831.9276733398438
 10
727.47314453125
 20
830.5131225585938
 10
724.19580078125
 20
829.8711547851562
 10
719.65185546875
 20
829.1041870117188
 10
714.74951171875
 20
828.4216918945312
 10
715.21923828125
 20
834.34228515625
 10
715.54541015625
 20
837.6803588867188
 10
716.06494140625
 20
842.2948608398438
 10
716.68505859375
 20
846.8970336914062
 10
717.42431640625
 20
851.4380493164062
 10
718.44091796875
 20
856.6763305664062
 10
724.25146484375
 20
857.4146118164062
 10
728.82861328125
 20
857.8839721679688
 10
742.22021484375
 20
858.9186401367188
 10
751.87841796875
 20
859.7687377929688
 10
761.84912109375
 20
860.4512329101562
 10
764.73583984375
 20
860.6907348632812
 10
771.35107421875
 20
861.3633422851562
 10
772.25927734375
 20
861.5062866210938
 10
773.14208984375
 20
861.7482299804688
 10
773.76220703125
 20
862.0330200195312
 10
774.31591796875
 20
862.4281616210938
 10
774.87646484375
 20
863.1033325195312
 10
775.21728515625
 20
863.9121704101562
 10
775.31689453125
 20
864.7465209960938
 10
775.21533203125
 20
865.5834350585938
 10
774.94677734375
 20
866.3558959960938
 10
774.50634765625
 20
867.0402221679688
 10
773.91259765625
 20
867.57470703125
 10
773.20556640625
 20
867.9509887695312
 10
772.26611328125
 20
868.203369140625
 10
771.29345703125
 20
868.3021850585938
 10
769.72119140625
 20
868.3275756835938
 10
762.56982421875
 20
868.1600952148438
 10
745.01904296875
 20
867.4464721679688
 10
736.49462890625
 20
867.1460571289062
 10
732.02099609375
 20
867.0568237304688
 10
728.67919921875
 20
867.0380249023438
 10
722.60009765625
 20
867.1107788085938
 10
723.83837890625
 20
871.6213989257812
 10
725.23876953125
 20
876.0968627929688
 10
726.79638671875
 20
880.520751953125
 10
728.53857421875
 20
884.9554443359375
 10
730.43896484375
 20
889.3235473632812
 10
732.48681640625
 20
893.6056518554688
 10
736.87841796875
 20
893.2474365234375
 10
741.80224609375
 20
892.778076171875
 10
746.20947265625
 20
892.3037719726562
 10
750.60791015625
 20
891.7578735351562
 10
759.38720703125
 20
890.4909057617188
 10
767.65673828125
 20
889.4291381835938
 10
769.60888671875
 20
889.3129272460938
 10
770.47998046875
 20
889.3345336914062
 10
771.34228515625
 20
889.4343872070312
 10
772.18310546875
 20
889.6432495117188
 10
772.87451171875
 20
889.9291381835938
 10
773.51220703125
 20
890.3116455078125
 10
774.07763671875
 20
890.7890014648438
 10
774.55810546875
 20
891.3583374023438
 10
774.98388671875
 20
892.1185913085938
 10
775.26123046875
 20
892.944091796875
 10
775.40185546875
 20
893.8091430664062
 10
775.41943359375
 20
894.6831665039062
 10
775.33349609375
 20
895.5508422851562
 10
775.16650390625
 20
896.4119873046875
 10
774.68212890625
 20
898.1107788085938
 10
772.95751953125
 20
903.068115234375
 10
772.07470703125
 20
905.7680053710938
 10
771.27587890625
 20
908.4938354492188
 10
770.24365234375
 20
912.5377197265625
 10
769.40087890625
 20
916.6244506835938
 10
768.89013671875
 20
919.8787231445312
 10
768.51318359375
 20
923.1513061523438
 10
768.23779296875
 20
926.8841552734375
 10
768.13525390625
 20
931.1244506835938
 10
771.03173828125
 20
931.9878540039062
 10
774.61962890625
 20
932.8687744140625
 10
777.73095703125
 20
933.4640502929688
 10
780.86279296875
 20
933.9271240234375
 10
784.01123046875
 20
934.2849731445312
 10
787.17041015625
 20
934.564208984375
 10
793.92919921875
 20
935.0001831054688
  0
TEXT
  5
105
330
17
100
AcDbEntity
  8
ANNOTATION
100
AcDbText
 10
799.0449989720395
 20
858.6382326972216
 30
0.0
 40
12.5
  1
P06 0deg
100
AcDbText
  0
LWPOLYLINE
  5
106
330
17
100
AcDbEntity
  8
PIECES
100
AcDbPolyline
 90
276
 70
1
 10
1049.0576171875
 20
828.5172729492188
 10
1044.5947265625
 20
828.8463745117188
 10
1039.662109375
 20
829.4367065429688
 10
1034.859375
 20
830.2374877929688
 10
1030.0869140625
 20
831.2072143554688
 10
1020.125
 20
833.4489135742188
 10
1009.0732421875
 20
835.8619995117188
 10
1008.0322265625
 20
836.0197143554688
 10
1006.9873046875
 20
836.1056518554688
 10
1005.9384765625
 20
836.0934448242188
 10
1005.0283203125
 20
835.9835815429688
 10
1004.1416015625
 20
835.7741088867188
 10
1003.2919921875
 20
835.4586791992188
 10
1002.4951171875
 20
835.0328979492188
 10
1001.765625
 20
834.4909057617188
 10
1001.1767578125
 20
833.8995971679688
 10
1000.6767578125
 20
833.2350463867188
 10
1000.26953125
 20
832.5089721679688
 10
999.955078125
 20
831.7335815429688
 10
999.7236328125
 20
830.8532104492188
 10
999.599609375
 20
829.9547729492188
 10
999.5693359375
 20
829.0451049804688
 10
999.6171875
 20
828.1315307617188
 10
999.7314453125
 20
827.2203979492188
 10
1000.1533203125
 20
825.2160034179688
 10
1001.3447265625
 20
820.7726440429688
 10
1001.875
 20
818.2819213867188
 10
1002.177734375
 20
816.0358276367188
 10
1002.2783203125
 20
813.7731323242188
 10
1002.23046875
 20
812.4747924804688
 10
1002.0927734375
 20
811.1857299804688
 10
1001.8515625
 20
809.9142456054688
 10
1001.494140625
 20
808.6686401367188
 10
1001.0283203125
 20
807.4996948242188
 10
1000.4501953125
 20
806.3873901367188
 10
999.7626953125
 20
805.3429565429688
 10
998.96875
 20
804.3751831054688
 10
998.072265625
 20
803.4943237304688
 10
997.1279296875
 20
802.7457885742188
 10
996.1162109375
 20
802.0993041992188
 10
995.0458984375
 20
801.5568237304688
 10
993.92578125
 20
801.1178588867188
 10
992.765625
 20
800.7843627929688
 10
991.3447265625
 20
800.5231323242188
 10
989.908203125
 20
800.3991088867188
 10
988.4619140625
 20
800.3908081054688
 10
987.013671875
 20
800.4772338867188
 10
985.56787109375
 20
800.6373901367188
 10
982.53857421875
 20
801.1300659179688
 10
979.5205078125
 20
801.6945190429688
 10
976.251953125
 20
802.2189331054688
 10
972.962890625
 20
802.5787963867188
 10
970.21533203125
 20
802.7199096679688
 10
964.85888671875
 20
802.6950073242188
 10
962.11279296875
 20
802.5285034179688
 10
958.82666015625
 20
802.1378784179688
 10
955.5634765625
 20
801.5827026367188
 10
952.55078125
 20
800.9899291992188
 10
949.52587890625
 20
800.4689331054688
 10
948.08251953125
 20
800.2955932617188
 10
946.634765625
 20
800.1954956054688
 10
945.1884765625
 20
800.1901245117188
 10
943.7509765625
 20
800.3009643554688
 10
942.3271484375
 20
800.5485229492188
 10
941.1640625
 20
800.8717651367188
 10
940.04052734375
 20
801.2999877929688
 10
938.96484375
 20
801.8327026367188
 10
937.94677734375
 20
802.4694213867188
 10
936.99560546875
 20
803.2091674804688
 10
936.0908203125
 20
804.0812377929688
 10
935.2880859375
 20
805.0416870117188
 10
934.59033203125
 20
806.0802612304688
 10
934.001953125
 20
807.1867065429688
 10
933.52587890625
 20
808.3512573242188
 10
933.15673828125
 20
809.5934448242188
 10
932.90380859375
 20
810.8624877929688
 10
932.75341796875
 20
812.1505737304688
 10
932.69384765625
 20
813.4484252929688
 10
932.7734375
 20
815.7116088867188
 10
933.05517578125
 20
817.9606323242188
 10
933.5625
 20
820.4562377929688
 10
934.7119140625
 20
824.9103393554688
 10
935.115234375
 20
826.9186401367188
 10
935.22021484375
 20
827.8307495117188
 10
935.26025390625
 20
828.7448120117188
 10
935.22119140625
 20
829.6539916992188
 10
935.08837890625
 20
830.5514526367188
 10
934.8486328125
 20
831.4293823242188
 10
934.52783203125
 20
832.2018432617188
 10
934.11328125
 20
832.9240112304688
 10
933.607421875
 20
833.5836791992188
 10
933.01318359375
 20
834.1696166992188
 10
932.2783203125
 20
834.7052612304688
 10
931.4775390625
 20
835.1237182617188
 10
930.62548828125
 20
835.4308471679688
 10
929.736328125
 20
835.6320190429688
 10
928.82470703125
 20
835.7335815429688
 10
927.7763671875
 20
835.7360229492188
 10
926.73193359375
 20
835.6398315429688
 10
925.69287109375
 20
835.4723510742188
 10
914.6640625
 20
832.9562377929688
 10
904.72412109375
 20
830.6217651367188
 10
899.9609375
 20
829.6076049804688
 10
895.16552734375
 20
828.7619018554688
 10
890.23876953125
 20
828.1256713867188
 10
885.77880859375
 20
827.7545776367188
 10
886.3369140625
 20
833.0499877929688
 10
886.74609375
 20
836.3786010742188
 10
887.3798828125
 20
840.9786987304688
 10
888.11572265625
 20
845.5636596679688
 10
888.96728515625
 20
850.0851440429688
 10
890.06982421875
 20
855.1149291992188
 10
899.69384765625
 20
856.1764526367188
 10
909.41748046875
 20
857.0656127929688
 10
916.703125
 20
857.6242065429688
 10
932.923828125
 20
858.6720581054688
 10
938.888671875
 20
859.1535034179688
 10
940.619140625
 20
859.2604370117188
 10
942.3427734375
 20
859.4288940429688
 10
943.13623046875
 20
859.5646362304688
 10
943.90576171875
 20
859.7799682617188
 10
944.626953125
 20
860.1168823242188
 10
945.15625
 20
860.5021362304688
 10
945.599609375
 20
860.9782104492188
 10
945.9365234375
 20
861.5368041992188
 10
946.14306640625
 20
862.1456909179688
 10
946.2255859375
 20
862.7819213867188
 10
946.1982421875
 20
863.4288940429688
 10
946.08203125
 20
864.0187377929688
 10
945.87060546875
 20
864.5753784179688
 10
945.54931640625
 20
865.0763549804688
 10
945.14990234375
 20
865.4689331054688
 10
944.681640625
 20
865.7745971679688
 10
944.1640625
 20
865.9982299804688
 10
943.2412109375
 20
866.2067260742188
 10
942.2919921875
 20
866.2824096679688
 10
939.205078125
 20
866.3014526367188
 10
936.49609375
 20
866.2140502929688
 10
911.91748046875
 20
865.1544799804688
 10
907.6630859375
 20
865.0202026367188
 10
903.40771484375
 20
864.9518432617188
 10
899.87841796875
 20
864.9542846679688
 10
894.35205078125
 20
865.0734252929688
 10
895.525390625
 20
869.3351440429688
 10
896.92236328125
 20
873.8097534179688
 10
898.4716796875
 20
878.2340698242188
 10
900.19970703125
 20
882.6740112304688
 10
902.08056640625
 20
887.0504760742188
 10
904.0751953125
 20
891.2819213867188
 10
907.828125
 20
890.9191284179688
 10
912.74365234375
 20
890.3722534179688
 10
917.14306640625
 20
889.8273315429688
 10
921.5322265625
 20
889.2062377929688
 10
930.28955078125
 20
887.7985229492188
 10
933.4453125
 20
887.3414916992188
 10
938.4697265625
 20
886.7111206054688
 10
940.33837890625
 20
886.5744018554688
 10
941.2578125
 20
886.5626831054688
 10
942.17041015625
 20
886.6300659179688
 10
943.06201171875
 20
886.8219604492188
 10
943.74853515625
 20
887.0919799804688
 10
944.38134765625
 20
887.4616088867188
 10
944.94677734375
 20
887.9254760742188
 10
945.4326171875
 20
888.4786987304688
 10
945.88037109375
 20
889.2218627929688
 10
946.18603515625
 20
890.0319213867188
 10
946.35546875
 20
890.8864135742188
 10
946.3955078125
 20
891.7594604492188
 10
946.3251953125
 20
892.6281127929688
 10
946.16943359375
 20
893.4918823242188
 10
945.7021484375
 20
895.1984252929688
 10
944.0537109375
 20
900.1818237304688
 10
943.2138671875
 20
902.8952026367188
 10
942.4560546875
 20
905.6325073242188
 10
941.48583984375
 20
909.6915893554688
 10
940.70654296875
 20
913.7911987304688
 10
940.24609375
 20
917.0529174804688
 10
939.9189453125
 20
920.3307495117188
 10
939.701171875
 20
924.0675659179688
 10
939.66064453125
 20
926.9894409179688
 10
942.24169921875
 20
927.7160034179688
 10
945.8427734375
 20
928.5416870117188
 10
948.96240234375
 20
929.0885620117188
 10
952.1015625
 20
929.5036010742188
 10
955.2548828125
 20
929.8131713867188
 10
958.41748046875
 20
930.0436401367188
 10
961.58447265625
 20
930.2218627929688
 10
964.94140625
 20
930.3678588867188
 10
966.9501953125
 20
928.3776245117188
 10
968.93994140625
 20
930.3864135742188
 10
975.466796875
 20
930.1232299804688
 10
978.63134765625
 20
929.9220581054688
 10
981.78759765625
 20
929.6422729492188
 10
984.93017578125
 20
929.2565307617188
 10
988.0546875
 20
928.7384643554688
 10
991.6640625
 20
927.9464721679688
 10
994.2509765625
 20
927.2443237304688
 10
994.23828125
 20
924.3224487304688
 10
994.0546875
 20
920.5836791992188
 10
993.7587890625
 20
917.3029174804688
 10
993.3291015625
 20
914.0368041992188
 10
992.587890625
 20
909.9303588867188
 10
991.6552734375
 20
905.8624877929688
 10
990.923828125
 20
903.1178588867188
 10
990.109375
 20
900.3971557617188
 10
988.5068359375
 20
895.3981323242188
 10
988.0556640625
 20
893.6876831054688
 10
987.908203125
 20
892.8224487304688
 10
987.845703125
 20
891.9528198242188
 10
987.8935546875
 20
891.0802612304688
 10
988.0712890625
 20
890.2277221679688
 10
988.384765625
 20
889.4201049804688
 10
988.8388671875
 20
888.6813354492188
 10
989.330078125
 20
888.1329956054688
 10
989.900390625
 20
887.6740112304688
 10
990.5361328125
 20
887.3102416992188
 10
991.2255859375
 20
887.0470581054688
 10
992.1181640625
 20
886.8629760742188
 10
993.03125
 20
886.8043823242188
 10
993.951171875
 20
886.8248901367188
 10
995.818359375
 20
886.9786987304688
 10
1000.8369140625
 20
887.6559448242188
 10
1003.98828125
 20
888.1427612304688
 10
1012.732421875
 20
889.6325073242188
 10
1017.115234375
 20
890.2941284179688
 10
1021.5087890625
 20
890.8805541992188
 10
1026.4189453125
 20
891.4728393554688
 10
1030.1689453125
 20
891.8707885742188
 10
1032.203125
 20
887.6583862304688
 10
1034.1240234375
 20
883.2994995117188
 10
1034.544921875
 20
882.2492065429688
 10
1032.6875
 20
880.1598510742188
 10
1035.47265625
 20
879.9279174804688
 10
1035.6591796875
 20
879.4640502929688
 10
1033.7490234375
 20
877.4230346679688
 10
1036.52734375
 20
877.1198120117188
 10
1037.484375
 20
874.4660034179688
 10
1038.9228515625
 20
870.0050659179688
 10
1040.1357421875
 20
865.7540893554688
 10
1034.611328125
 20
865.5836791992188
 10
1031.08203125
 20
865.5480346679688
 10
1026.826171875
 20
865.5768432617188
 10
1022.5712890625
 20
865.6710815429688
 10
997.9833984375
 20
866.5011596679688
 10
995.2734375
 20
866.5636596679688
 10
992.1865234375
 20
866.5153198242188
 10
991.23828125
 20
866.4308471679688
 10
990.318359375
 20
866.2140502929688
 10
989.802734375
 20
865.9855346679688
 10
989.3369140625
 20
865.6749877929688
 10
988.94140625
 20
865.2785034179688
 10
988.625
 20
864.7745971679688
 10
988.41796875
 20
864.2164916992188
 10
988.3076171875
 20
863.6256713867188
 10
988.2861328125
 20
862.9786987304688
 10
988.375
 20
862.3429565429688
 10
988.5869140625
 20
861.7360229492188
 10
988.9287109375
 20
861.1808471679688
 10
989.376953125
 20
860.7086791992188
 10
989.91015625
 20
860.3283081054688
 10
990.6337890625
 20
859.9982299804688
 10
991.4052734375
 20
859.7902221679688
 10
992.2001953125
 20
859.6618041992188
 10
993.92578125
 20
859.5094604492188
 10
995.6572265625
 20
859.4186401367188
 10
1001.6259765625
 20
858.9928588867188
 10
1017.85546875
 20
858.0963745117188
 10
1025.146484375
 20
857.6056518554688
 10
1034.8779296875
 20
856.8073120117188
 10
1044.51171875
 20
855.8361206054688
 10
1045.6611328125
 20
850.8170776367188
 10
1046.5546875
 20
846.3038940429688
 10
1047.3330078125
 20
841.7257690429688
 10
1048.009765625
 20
837.1315307617188
 10
1048.4501953125
 20
833.8068237304688
 10
1049.0576171875
 20
828.5172729492188
  0
TEXT
  5
107
330
17
100
AcDbEntity
  8
ANNOTATION
100
AcDbText
 10
968.7797586192255
 20
857.1199181598166
 30
0.0
 40
12.5
  1
P07 0deg
100
AcDbText
  0
LWPOLYLINE
  5
108
330
17
100
AcDbEntity
  8
PIECES
100
AcDbPolyline
 90
265
 70
1
 10
1215.337890625
 20
826.4083862304688
 10
1211.3369140625
 20
826.8380737304688
 10
1208.673828125
 20
827.1847534179688
 10
1205.5693359375
 20
827.6456909179688
 10
1202.4755859375
 20
828.1710815429688
 10
1199.3623046875
 20
828.7706909179688
 10
1196.26171875
 20
829.4357299804688
 10
1181.986328125
 20
832.8151245117188
 10
1177.427734375
 20
833.8043823242188
 10
1176.0595703125
 20
834.0446166992188
 10
1174.68359375
 20
834.2042846679688
 10
1173.30078125
 20
834.2296752929688
 10
1172.435546875
 20
834.1535034179688
 10
1171.5859375
 20
833.9938354492188
 10
1170.7666015625
 20
833.7399291992188
 10
1169.9921875
 20
833.3815307617188
 10
1169.27734375
 20
832.9074096679688
 10
1168.6044921875
 20
832.2775268554688
 10
1168.048828125
 20
831.5480346679688
 10
1167.611328125
 20
830.7384643554688
 10
1167.29296875
 20
829.8683471679688
 10
1167.09375
 20
828.9635620117188
 10
1167.0029296875
 20
828.0441284179688
 10
1167.0
 20
827.1154174804688
 10
1167.1796875
 20
825.2550659179688
 10
1167.5498046875
 20
823.1598510742188
 10
1168.421875
 20
818.9923706054688
 10
1168.732421875
 20
817.0866088867188
 10
1168.93359375
 20
815.1686401367188
 10
1168.99609375
 20
813.2409057617188
 10
1168.92578125
 20
811.6954956054688
 10
1168.72265625
 20
810.1657104492188
 10
1168.357421875
 20
808.6661987304688
 10
1167.892578125
 20
807.4078979492188
 10
1167.2919921875
 20
806.2140502929688
 10
1166.55859375
 20
805.0983276367188
 10
1165.6943359375
 20
804.0753784179688
 10
1164.775390625
 20
803.2184448242188
 10
1163.7724609375
 20
802.4728393554688
 10
1162.697265625
 20
801.8375854492188
 10
1161.5615234375
 20
801.3092651367188
 10
1160.3759765625
 20
800.8864135742188
 10
1159.1533203125
 20
800.5670776367188
 10
1157.4990234375
 20
800.2990112304688
 10
1155.8291015625
 20
800.1901245117188
 10
1154.150390625
 20
800.2155151367188
 10
1152.474609375
 20
800.3502807617188
 10
1150.400390625
 20
800.6325073242188
 10
1144.0
 20
801.8302612304688
 10
1141.7109375
 20
802.2057495117188
 10
1139.4072265625
 20
802.4752807617188
 10
1136.8466796875
 20
802.6090698242188
 10
1134.498046875
 20
802.5880737304688
 10
1132.15234375
 20
802.6471557617188
 10
1129.58984375
 20
802.5553588867188
 10
1127.2822265625
 20
802.3229370117188
 10
1124.986328125
 20
801.9850463867188
 10
1118.568359375
 20
800.8912963867188
 10
1116.4892578125
 20
800.6432495117188
 10
1114.810546875
 20
800.5358276367188
 10
1113.1328125
 20
800.5377807617188
 10
1111.4638671875
 20
800.6735229492188
 10
1109.814453125
 20
800.9684448242188
 10
1108.59765625
 20
801.3078002929688
 10
1107.419921875
 20
801.7496948242188
 10
1106.2919921875
 20
802.2960815429688
 10
1105.2275390625
 20
802.9494018554688
 10
1104.236328125
 20
803.7106323242188
 10
1103.3310546875
 20
804.5827026367188
 10
1102.484375
 20
805.6198120117188
 10
1101.7685546875
 20
806.7472534179688
 10
1101.1884765625
 20
807.9508666992188
 10
1100.744140625
 20
809.2164916992188
 10
1100.4033203125
 20
810.7213745117188
 10
1100.224609375
 20
812.2545776367188
 10
1100.1796875
 20
813.8009643554688
 10
1100.2734375
 20
815.7272338867188
 10
1100.505859375
 20
817.6417846679688
 10
1100.84765625
 20
819.5421752929688
 10
1101.787109375
 20
823.6950073242188
 10
1102.19140625
 20
825.7838745117188
 10
1102.4013671875
 20
827.6412963867188
 10
1102.4130859375
 20
828.5695190429688
 10
1102.3369140625
 20
829.4904174804688
 10
1102.1533203125
 20
830.3986206054688
 10
1101.8486328125
 20
831.2736206054688
 10
1101.4248046875
 20
832.0900268554688
 10
1100.880859375
 20
832.8283081054688
 10
1100.21875
 20
833.4694213867188
 10
1099.5107421875
 20
833.9547729492188
 10
1098.7421875
 20
834.3258666992188
 10
1097.927734375
 20
834.5934448242188
 10
1097.0810546875
 20
834.7667846679688
 10
1096.216796875
 20
834.8566284179688
 10
1094.833984375
 20
834.8541870117188
 10
1093.4560546875
 20
834.7164916992188
 10
1092.083984375
 20
834.4987182617188
 10
1087.5087890625
 20
833.5836791992188
 10
1073.1806640625
 20
830.4371948242188
 10
1070.0703125
 20
829.8224487304688
 10
1066.947265625
 20
829.2741088867188
 10
1063.845703125
 20
828.7985229492188
 10
1060.734375
 20
828.3883666992188
 10
1058.0654296875
 20
828.0856323242188
 10
1054.0576171875
 20
827.7208862304688
 10
1054.30078125
 20
830.1774291992188
 10
1054.69921875
 20
833.5079956054688
 10
1055.1708984375
 20
836.8287963867188
 10
1055.9482421875
 20
841.4293823242188
 10
1056.83203125
 20
846.0109252929688
 10
1057.7626953125
 20
850.4669799804688
 10
1058.623046875
 20
854.2916870117188
 10
1063.3837890625
 20
854.7282104492188
 10
1068.0234375
 20
855.0968627929688
 10
1077.51171875
 20
855.7243041992188
 10
1084.884765625
 20
856.3097534179688
 10
1087.9794921875
 20
856.4743041992188
 10
1098.1015625
 20
856.8683471679688
 10
1107.1435546875
 20
857.3395385742188
 10
1111.3095703125
 20
857.7194213867188
 10
1112.048828125
 20
857.8463745117188
 10
1112.7568359375
 20
858.0817260742188
 10
1113.6103515625
 20
858.6696166992188
 10
1113.9833984375
 20
859.1715698242188
 10
1114.2353515625
 20
859.7462768554688
 10
1114.3837890625
 20
860.4113159179688
 10
1114.4111328125
 20
861.0905151367188
 10
1114.328125
 20
861.7697143554688
 10
1114.177734375
 20
862.3273315429688
 10
1113.9443359375
 20
862.8502807617188
 10
1113.61328125
 20
863.3165893554688
 10
1113.12890625
 20
863.7394409179688
 10
1112.55859375
 20
864.0397338867188
 10
1111.91015625
 20
864.2257690429688
 10
1111.2373046875
 20
864.3126831054688
 10
1107.6240234375
 20
864.4025268554688
 10
1102.125
 20
864.3239135742188
 10
1084.45703125
 20
863.7487182617188
 10
1076.4443359375
 20
863.5714721679688
 10
1068.5439453125
 20
863.5607299804688
 10
1062.8349609375
 20
863.6740112304688
 10
1064.35546875
 20
868.5787963867188
 10
1065.908203125
 20
873.0016479492188
 10
1067.6103515625
 20
877.3693237304688
 10
1069.4931640625
 20
881.7457885742188
 10
1071.525390625
 20
886.0538940429688
 10
1072.8447265625
 20
888.6168823242188
 10
1085.1748046875
 20
887.0880737304688
 10
1089.68359375
 20
886.4894409179688
 10
1101.3916015625
 20
884.7975463867188
 10
1104.435546875
 20
884.4210815429688
 10
1106.4169921875
 20
884.2399291992188
 10
1108.4033203125
 20
884.1461791992188
 10
1109.3681640625
 20
884.1486206054688
 10
1110.3291015625
 20
884.2155151367188
 10
1111.2744140625
 20
884.3820190429688
 10
1111.9580078125
 20
884.5900268554688
 10
1112.60546875
 20
884.8790893554688
 10
1113.2001953125
 20
885.2565307617188
 10
1113.7255859375
 20
885.7301635742188
 10
1114.1884765625
 20
886.3434448242188
 10
1114.5263671875
 20
887.0294799804688
 10
1114.7421875
 20
887.7672729492188
 10
1114.83984375
 20
888.5363159179688
 10
1114.8134765625
 20
889.4347534179688
 10
1114.666015625
 20
890.3200073242188
 10
1114.4306640625
 20
891.1945190429688
 10
1113.0390625
 20
895.4215698242188
 10
1111.58203125
 20
900.6862182617188
 10
1110.9140625
 20
903.4469604492188
 10
1110.0869140625
 20
907.5372924804688
 10
1109.4580078125
 20
911.6627807617188
 10
1109.1142578125
 20
914.9391479492188
 10
1108.9052734375
 20
918.2267456054688
 10
1108.8212890625
 20
921.9689331054688
 10
1108.8662109375
 20
924.0143432617188
 10
1110.544921875
 20
924.4635620117188
 10
1114.15234375
 20
925.2643432617188
 10
1117.8359375
 20
925.9166870117188
 10
1121.544921875
 20
926.4088745117188
 10
1125.671875
 20
926.7702026367188
 10
1129.810546875
 20
926.9552612304688
 10
1133.5107421875
 20
926.9777221679688
 10
1135.494140625
 20
924.9616088867188
 10
1137.5107421875
 20
926.9454956054688
 10
1141.2099609375
 20
926.8629760742188
 10
1145.345703125
 20
926.6100463867188
 10
1149.466796875
 20
926.1818237304688
 10
1153.166015625
 20
925.6290893554688
 10
1156.8388671875
 20
924.9166870117188
 10
1160.4326171875
 20
924.0578002929688
 10
1162.1044921875
 20
923.5812377929688
 10
1162.115234375
 20
921.5353393554688
 10
1161.970703125
 20
917.7946166992188
 10
1161.7080078125
 20
914.5109252929688
 10
1161.3115234375
 20
911.2409057617188
 10
1160.615234375
 20
907.1261596679688
 10
1159.7216796875
 20
903.0494995117188
 10
1159.009765625
 20
900.3004760742188
 10
1157.466796875
 20
895.0597534179688
 10
1156.005859375
 20
890.8561401367188
 10
1155.7568359375
 20
889.9855346679688
 10
1155.5947265625
 20
889.1032104492188
 10
1155.5537109375
 20
888.2047729492188
 10
1155.6396484375
 20
887.4342651367188
 10
1155.8427734375
 20
886.6930541992188
 10
1156.1689453125
 20
886.0021362304688
 10
1156.623046875
 20
885.3810424804688
 10
1157.1396484375
 20
884.8991088867188
 10
1157.728515625
 20
884.5119018554688
 10
1158.37109375
 20
884.2125854492188
 10
1159.05078125
 20
883.9933471679688
 10
1159.994140625
 20
883.8112182617188
 10
1160.953125
 20
883.7286987304688
 10
1161.91796875
 20
883.7106323242188
 10
1163.90625
 20
883.7721557617188
 10
1165.8896484375
 20
883.9210815429688
 10
1168.9404296875
 20
884.2482299804688
 10
1180.6728515625
 20
885.7487182617188
 10
1185.19140625
 20
886.2741088867188
 10
1197.5439453125
 20
887.6022338867188
 10
1198.822265625
 20
885.0182495117188
 10
1200.7841796875
 20
880.6774291992188
 10
1202.5947265625
 20
876.2711791992188
 10
1203.154296875
 20
874.7643432617188
 10
1201.24609375
 20
872.7223510742188
 10
1204.0244140625
 20
872.4205932617188
 10
1205.70703125
 20
867.4284057617188
 10
1207.146484375
 20
862.4996948242188
 10
1201.4375
 20
862.4791870117188
 10
1197.8642578125
 20
862.5192260742188
 10
1189.21484375
 20
862.7677612304688
 10
1167.873046875
 20
863.7892456054688
 10
1162.3759765625
 20
863.9567260742188
 10
1158.76171875
 20
863.9259643554688
 10
1158.087890625
 20
863.8497924804688
 10
1157.4365234375
 20
863.6749877929688
 10
1156.861328125
 20
863.3834838867188
 10
1156.369140625
 20
862.9684448242188
 10
1156.03125
 20
862.5075073242188
 10
1155.7890625
 20
861.9889526367188
 10
1155.6298828125
 20
861.4332885742188
 10
1155.5361328125
 20
860.7555541992188
 10
1155.5517578125
 20
860.0763549804688
 10
1155.689453125
 20
859.4093627929688
 10
1155.9326171875
 20
858.8302612304688
 10
1156.296875
 20
858.3224487304688
 10
1157.1416015625
 20
857.7208862304688
 10
1157.845703125
 20
857.4738159179688
 10
1158.5830078125
 20
857.3346557617188
 10
1162.7421875
 20
856.8869018554688
 10
1171.7744140625
 20
856.2692260742188
 10
1181.888671875
 20
855.7101440429688
 10
1184.98046875
 20
855.4953002929688
 10
1192.3427734375
 20
854.7897338867188
 10
1201.8203125
 20
854.0084838867188
 10
1206.4521484375
 20
853.5641479492188
 10
1211.2060546875
 20
853.0504760742188
 10
1212.00390625
 20
849.2116088867188
 10
1212.8623046875
 20
844.7413940429688
 10
1213.6708984375
 20
840.1456909179688
 10
1214.373046875
 20
835.5333862304688
 10
1214.791015625
 20
832.2052612304688
 10
1215.134765625
 20
828.8688354492188
 10
1215.337890625
 20
826.4083862304688
  0
TEXT
  5
109
330
17
100
AcDbEntity
  8
ANNOTATION
100
AcDbText
 10
1135.7602852299528
 20
854.3354886036999
 30
0.0
 40
12.5
  1
P08 0deg
100
AcDbText
  0
LWPOLYLINE
  5
10A
330
17
100
AcDbEntity
  8
PIECES
100
AcDbPolyline
 90
254
 70
1
 10
1379.486328125
 20
826.7355346679688
 10
1374.7060546875
 20
827.4137573242188
 10
1370.7080078125
 20
828.0343627929688
 10
1366.1962890625
 20
828.7926635742188
 10
1357.12109375
 20
830.4337768554688
 10
1352.55859375
 20
831.3048706054688
 10
1343.3525390625
 20
833.1520385742188
 10
1341.2109375
 20
833.5084838867188
 10
1339.9091796875
 20
833.6549682617188
 10
1338.6044921875
 20
833.7047729492188
 10
1337.3037109375
 20
833.6110229492188
 10
1336.341796875
 20
833.4210815429688
 10
1335.416015625
 20
833.1149291992188
 10
1334.548828125
 20
832.6818237304688
 10
1333.76171875
 20
832.1105346679688
 10
1333.078125
 20
831.3966674804688
 10
1332.52734375
 20
830.5783081054688
 10
1332.1083984375
 20
829.6793823242188
 10
1331.828125
 20
828.7536010742188
 10
1331.6669921875
 20
827.8014526367188
 10
1331.6103515625
 20
826.8341674804688
 10
1331.6455078125
 20
825.8619995117188
 10
1331.8291015625
 20
824.4572143554688
 10
1332.4443359375
 20
821.6847534179688
 10
1333.3798828125
 20
817.1559448242188
 10
1333.609375
 20
815.6290893554688
 10
1333.7568359375
 20
814.0944213867188
 10
1333.7861328125
 20
812.5538940429688
 10
1333.6962890625
 20
811.2760620117188
 10
1333.494140625
 20
810.0148315429688
 10
1333.173828125
 20
808.7799682617188
 10
1332.728515625
 20
807.5817260742188
 10
1332.150390625
 20
806.4264526367188
 10
1331.4521484375
 20
805.3453979492188
 10
1330.6376953125
 20
804.3488159179688
 10
1329.71484375
 20
803.4464721679688
 10
1328.7109375
 20
802.6642456054688
 10
1327.6318359375
 20
801.9977416992188
 10
1326.4873046875
 20
801.4479370117188
 10
1325.2880859375
 20
801.0177612304688
 10
1324.09375
 20
800.7164916992188
 10
1322.8798828125
 20
800.5197143554688
 10
1321.6513671875
 20
800.4137573242188
 10
1320.416015625
 20
800.3854370117188
 10
1319.1787109375
 20
800.4205932617188
 10
1316.9619140625
 20
800.6036987304688
 10
1309.65625
 20
801.6329956054688
 10
1306.7509765625
 20
801.9489135742188
 10
1303.234375
 20
802.1256713867188
 10
1296.8232421875
 20
802.0949096679688
 10
1293.3076171875
 20
801.8844604492188
 10
1290.40625
 20
801.5407104492188
 10
1283.111328125
 20
800.4415893554688
 10
1280.8955078125
 20
800.2369995117188
 10
1279.658203125
 20
800.1901245117188
 10
1278.4228515625
 20
800.2067260742188
 10
1277.1943359375
 20
800.3009643554688
 10
1275.9775390625
 20
800.4855346679688
 10
1274.7802734375
 20
800.7755737304688
 10
1273.578125
 20
801.1945190429688
 10
1272.427734375
 20
801.7330932617188
 10
1271.341796875
 20
802.3893432617188
 10
1270.3310546875
 20
803.1618041992188
 10
1269.3994140625
 20
804.0553588867188
 10
1268.5751953125
 20
805.0441284179688
 10
1267.8662109375
 20
806.1183471679688
 10
1267.2783203125
 20
807.2677612304688
 10
1266.8212890625
 20
808.4616088867188
 10
1266.48828125
 20
809.6935424804688
 10
1266.2744140625
 20
810.9528198242188
 10
1266.1728515625
 20
812.2296752929688
 10
1266.1875
 20
813.7702026367188
 10
1266.3203125
 20
815.3063354492188
 10
1266.5341796875
 20
816.8356323242188
 10
1267.4267578125
 20
821.3727416992188
 10
1268.015625
 20
824.1515502929688
 10
1268.185546875
 20
825.5582885742188
 10
1268.2109375
 20
826.5304565429688
 10
1268.1455078125
 20
827.4972534179688
 10
1267.974609375
 20
828.4474487304688
 10
1267.685546875
 20
829.3707885742188
 10
1267.2587890625
 20
830.2653198242188
 10
1266.7001953125
 20
831.0787963867188
 10
1266.009765625
 20
831.7858276367188
 10
1265.216796875
 20
832.3497924804688
 10
1264.345703125
 20
832.7745971679688
 10
1263.4169921875
 20
833.0714721679688
 10
1262.453125
 20
833.2521362304688
 10
1261.1513671875
 20
833.3331909179688
 10
1259.84765625
 20
833.2711791992188
 10
1258.546875
 20
833.1124877929688
 10
1256.4091796875
 20
832.7355346679688
 10
1247.2216796875
 20
830.8004760742188
 10
1242.6669921875
 20
829.8854370117188
 10
1233.6083984375
 20
828.1574096679688
 10
1229.103515625
 20
827.3556518554688
 10
1225.1123046875
 20
826.6964721679688
 10
1220.337890625
 20
825.9728393554688
 10
1220.642578125
 20
829.0075073242188
 10
1221.03125
 20
832.3385620117188
 10
1221.4814453125
 20
835.6622924804688
 10
1222.2236328125
 20
840.3536987304688
 10
1223.0419921875
 20
845.0333862304688
 10
1224.3349609375
 20
852.0587768554688
 10
1237.009765625
 20
853.1559448242188
 10
1241.9013671875
 20
853.5162963867188
 10
1249.427734375
 20
853.9518432617188
 10
1262.63671875
 20
854.8073120117188
 10
1271.5146484375
 20
855.4767456054688
 10
1275.0224609375
 20
855.8429565429688
 10
1275.748046875
 20
855.9533081054688
 10
1276.4599609375
 20
856.1139526367188
 10
1277.1435546875
 20
856.3644409179688
 10
1277.72265625
 20
856.6954956054688
 10
1278.21875
 20
857.1300659179688
 10
1278.5908203125
 20
857.6720581054688
 10
1278.7998046875
 20
858.2955932617188
 10
1278.8544921875
 20
858.9533081054688
 10
1278.79296875
 20
859.6207885742188
 10
1278.666015625
 20
860.1925659179688
 10
1278.4541015625
 20
860.7301635742188
 10
1278.1318359375
 20
861.2077026367188
 10
1277.703125
 20
861.5827026367188
 10
1277.19921875
 20
861.8527221679688
 10
1276.6513671875
 20
862.0319213867188
 10
1275.802734375
 20
862.1603393554688
 10
1274.9423828125
 20
862.1886596679688
 10
1263.12890625
 20
861.9611206054688
 10
1248.75
 20
861.5763549804688
 10
1236.4111328125
 20
861.1788940429688
 10
1228.580078125
 20
861.0358276367188
 10
1229.841796875
 20
865.1012573242188
 10
1231.3828125
 20
869.5280151367188
 10
1233.07421875
 20
873.9005737304688
 10
1234.9453125
 20
878.2819213867188
 10
1236.966796875
 20
882.5953979492188
 10
1238.263671875
 20
885.1300659179688
 10
1240.5625
 20
884.9699096679688
 10
1245.125
 20
884.5729370117188
 10
1248.5830078125
 20
884.2189331054688
 10
1255.029296875
 20
883.4440307617188
 10
1263.4140625
 20
882.3121948242188
 10
1268.6318359375
 20
881.7428588867188
 10
1273.345703125
 20
881.3087768554688
 10
1274.3095703125
 20
881.2667846679688
 10
1275.271484375
 20
881.2833862304688
 10
1276.224609375
 20
881.3986206054688
 10
1276.9248046875
 20
881.5724487304688
 10
1277.58984375
 20
881.8346557617188
 10
1278.201171875
 20
882.1945190429688
 10
1278.73828125
 20
882.6622924804688
 10
1279.1376953125
 20
883.1764526367188
 10
1279.4375
 20
883.7482299804688
 10
1279.6416015625
 20
884.3629760742188
 10
1279.7548828125
 20
885.0065307617188
 10
1279.78125
 20
885.6657104492188
 10
1279.693359375
 20
886.5324096679688
 10
1279.4951171875
 20
887.3800659179688
 10
1279.220703125
 20
888.2140502929688
 10
1278.58203125
 20
889.8644409179688
 10
1277.7265625
 20
892.4074096679688
 10
1276.2265625
 20
897.7980346679688
 10
1275.5341796875
 20
900.6237182617188
 10
1274.7734375
 20
904.5353393554688
 10
1274.193359375
 20
908.4782104492188
 10
1273.869140625
 20
911.2575073242188
 10
1273.6162109375
 20
914.0441284179688
 10
1273.4521484375
 20
916.5988159179688
 10
1273.345703125
 20
919.7418823242188
 10
1276.9140625
 20
920.5768432617188
 10
1280.4716796875
 20
921.2438354492188
 10
1284.46484375
 20
921.7960815429688
 10
1288.4775390625
 20
922.1945190429688
 10
1292.4326171875
 20
922.4874877929688
 10
1297.451171875
 20
922.7399291992188
 10
1299.4599609375
 20
920.7501831054688
 10
1301.44921875
 20
922.7589721679688
 10
1306.470703125
 20
922.5548706054688
 10
1310.427734375
 20
922.2994995117188
 10
1314.4443359375
 20
921.9396362304688
 10
1318.443359375
 20
921.4259643554688
 10
1322.0068359375
 20
920.7926635742188
 10
1325.5830078125
 20
919.9923706054688
 10
1325.505859375
 20
916.8483276367188
 10
1325.3671875
 20
914.2921752929688
 10
1325.1416015625
 20
911.5031127929688
 10
1324.8427734375
 20
908.7208862304688
 10
1324.30078125
 20
904.7726440429688
 10
1323.578125
 20
900.8541870117188
 10
1322.912109375
 20
898.0216674804688
 10
1321.4638671875
 20
892.6168823242188
 10
1320.6328125
 20
890.0661010742188
 10
1320.0107421875
 20
888.4093627929688
 10
1319.744140625
 20
887.5729370117188
 10
1319.5537109375
 20
886.7238159179688
 10
1319.474609375
 20
885.8556518554688
 10
1319.5068359375
 20
885.1974487304688
 10
1319.6259765625
 20
884.5543823242188
 10
1319.8359375
 20
883.9415893554688
 10
1320.1416015625
 20
883.3727416992188
 10
1320.5458984375
 20
882.8624877929688
 10
1321.0869140625
 20
882.4000854492188
 10
1321.7021484375
 20
882.0460815429688
 10
1322.3701171875
 20
881.7902221679688
 10
1323.072265625
 20
881.6232299804688
 10
1324.0263671875
 20
881.5167846679688
 10
1324.9873046875
 20
881.5099487304688
 10
1325.951171875
 20
881.5612182617188
 10
1330.66015625
 20
882.0402221679688
 10
1335.873046875
 20
882.6593627929688
 10
1344.24609375
 20
883.8712768554688
 10
1350.6845703125
 20
884.7081909179688
 10
1354.1396484375
 20
885.0953979492188
 10
1358.697265625
 20
885.5363159179688
 10
1360.9951171875
 20
885.7184448242188
 10
1362.31640625
 20
883.1959838867188
 10
1364.37890625
 20
878.9020385742188
 10
1366.2919921875
 20
874.5387573242188
 10
1368.025390625
 20
870.1828002929688
 10
1369.6083984375
 20
865.7711791992188
 10
1370.9091796875
 20
861.7179565429688
 10
1363.0771484375
 20
861.7858276367188
 10
1350.7353515625
 20
862.0651245117188
 10
1336.3525390625
 20
862.3117065429688
 10
1324.5380859375
 20
862.4264526367188
 10
1323.677734375
 20
862.3898315429688
 10
1322.8310546875
 20
862.2531127929688
 10
1322.2841796875
 20
862.0685424804688
 10
1321.783203125
 20
861.7936401367188
 10
1321.3583984375
 20
861.4147338867188
 10
1321.0400390625
 20
860.9342651367188
 10
1320.833984375
 20
860.3942260742188
 10
1320.7119140625
 20
859.8214721679688
 10
1320.6572265625
 20
859.1535034179688
 10
1320.7177734375
 20
858.4962768554688
 10
1320.9326171875
 20
857.8751831054688
 10
1321.310546875
 20
857.3366088867188
 10
1321.810546875
 20
856.9069213867188
 10
1322.392578125
 20
856.5812377929688
 10
1323.078125
 20
856.3375854492188
 10
1323.7919921875
 20
856.1832885742188
 10
1324.5185546875
 20
856.0802612304688
 10
1328.0302734375
 20
855.7477416992188
 10
1336.9140625
 20
855.1632690429688
 10
1350.130859375
 20
854.4342651367188
 10
1357.66015625
 20
854.0709838867188
 10
1362.5546875
 20
853.7575073242188
 10
1375.240234375
 20
852.7819213867188
 10
1376.6005859375
 20
845.7692260742188
 10
1377.462890625
 20
841.0978393554688
 10
1378.25
 20
836.4132690429688
 10
1378.732421875
 20
833.0944213867188
 10
1379.1533203125
 20
829.7667846679688
 10
1379.486328125
 20
826.7355346679688
  0
TEXT
  5
10B
330
17
100
AcDbEntity
  8
ANNOTATION
100
AcDbText
 10
1300.0944574311025
 20
853.7421072411724
 30
0.0
 40
12.5
  1
P09 0deg
100
AcDbText
  0
LWPOLYLINE
  5
10C
330
17
100
AcDbEntity
  8
PIECES
100
AcDbPolyline
 90
278
 70
1
 10
1384.486328125
 20
918.9483032226562
 10
1391.7392578125
 20
917.6455078125
 10
1396.63134765625
 20
916.699951171875
 10
1417.91455078125
 20
912.2420654296875
 10
1424.36279296875
 20
910.9598999023438
 10
1426.66064453125
 20
910.6298217773438
 10
1428.06640625
 20
910.5274047851562
 10
1429.47119140625
 20
910.5460815429688
 10
1430.86279296875
 20
910.7271118164062
 10
1431.73388671875
 20
910.9444580078125
 10
1432.57470703125
 20
911.245361328125
 10
1433.37255859375
 20
911.6318969726562
 10
1434.115234375
 20
912.1072998046875
 10
1434.7890625
 20
912.67431640625
 10
1435.38232421875
 20
913.334716796875
 10
1435.88330078125
 20
914.0911254882812
 10
1436.271484375
 20
914.9041748046875
 10
1436.556640625
 20
915.7613525390625
 10
1436.7509765625
 20
916.651123046875
 10
1436.86376953125
 20
917.5623779296875
 10
1436.90576171875
 20
918.482666015625
 10
1436.837890625
 20
920.1067504882812
 10
1436.630859375
 20
921.7200927734375
 10
1436.33544921875
 20
923.3236083984375
 10
1435.638671875
 20
926.5081787109375
 10
1434.2451171875
 20
932.6127319335938
 10
1433.73583984375
 20
935.568603515625
 10
1433.55078125
 20
937.298095703125
 10
1433.48095703125
 20
939.032958984375
 10
1433.55712890625
 20
940.7674560546875
 10
1433.7294921875
 20
942.0636596679688
 10
1434.00537109375
 20
943.3386840820312
 10
1434.388671875
 20
944.5848388671875
 10
1434.8818359375
 20
945.7943115234375
 10
1435.4677734375
 20
946.92431640625
 10
1436.154296875
 20
947.9906616210938
 10
1436.93798828125
 20
948.9844970703125
 10
1437.81640625
 20
949.8959350585938
 10
1438.787109375
 20
950.7161865234375
 10
1439.87744140625
 20
951.45703125
 10
1441.0361328125
 20
952.0809326171875
 10
1442.25146484375
 20
952.5904541015625
 10
1443.5107421875
 20
952.9874877929688
 10
1445.1650390625
 20
953.3372192382812
 10
1446.84375
 20
953.5306396484375
 10
1448.53662109375
 20
953.5948486328125
 10
1450.234375
 20
953.5580444335938
 10
1452.45263671875
 20
953.4014282226562
 10
1454.66357421875
 20
953.162109375
 10
1462.755859375
 20
952.158203125
 10
1465.5458984375
 20
951.8889770507812
 10
1468.3427734375
 20
951.709228515625
 10
1471.32470703125
 20
951.6499633789062
 10
1472.68603515625
 20
951.6820068359375
 10
1473.07568359375
 20
952.4873046875
 10
1473.48583984375
 20
951.6925659179688
 10
1474.8486328125
 20
951.6953125
 10
1477.828125
 20
951.8318481445312
 10
1480.61962890625
 20
952.083740234375
 10
1483.40185546875
 20
952.4248046875
 10
1491.46533203125
 20
953.6375122070312
 10
1493.669921875
 20
953.933837890625
 10
1495.8828125
 20
954.1478271484375
 10
1497.5791015625
 20
954.2281494140625
 10
1499.2734375
 20
954.2079467773438
 10
1500.95654296875
 20
954.05810546875
 10
1502.619140625
 20
953.7510986328125
 10
1503.888671875
 20
953.386962890625
 10
1505.1162109375
 20
952.9088134765625
 10
1506.29052734375
 20
952.31494140625
 10
1507.39990234375
 20
951.602783203125
 10
1508.39111328125
 20
950.8079833984375
 10
1509.29296875
 20
949.9193115234375
 10
1510.10205078125
 20
948.9459228515625
 10
1510.81591796875
 20
947.897705078125
 10
1511.43115234375
 20
946.7832641601562
 10
1511.955078125
 20
945.587158203125
 10
1512.37060546875
 20
944.35107421875
 10
1512.6796875
 20
943.083251953125
 10
1512.884765625
 20
941.792236328125
 10
1513.00634765625
 20
940.0606689453125
 10
1512.98095703125
 20
938.3241577148438
 10
1512.8408203125
 20
936.5904541015625
 10
1512.40771484375
 20
933.6224975585938
 10
1511.17236328125
 20
927.4842529296875
 10
1510.55810546875
 20
924.2826538085938
 10
1510.30419921875
 20
922.6719970703125
 10
1510.13916015625
 20
921.0536499023438
 10
1510.11328125
 20
919.428955078125
 10
1510.17919921875
 20
918.509521484375
 10
1510.3154296875
 20
917.6016235351562
 10
1510.5322265625
 20
916.7171020507812
 10
1510.83984375
 20
915.8673095703125
 10
1511.2490234375
 20
915.0648193359375
 10
1511.76953125
 20
914.32177734375
 10
1512.37939453125
 20
913.6766357421875
 10
1513.06787109375
 20
913.1275024414062
 10
1513.822265625
 20
912.67138671875
 10
1514.6298828125
 20
912.3055419921875
 10
1515.478515625
 20
912.0263671875
 10
1516.35498046875
 20
911.8316650390625
 10
1517.75048828125
 20
911.6865234375
 10
1519.1552734375
 20
911.7042236328125
 10
1520.55810546875
 20
911.843017578125
 10
1522.8466796875
 20
912.2320556640625
 10
1529.259765625
 20
913.6806640625
 10
1550.42041015625
 20
918.68701171875
 10
1555.28662109375
 20
919.7584228515625
 10
1562.5029296875
 20
921.248291015625
 10
1562.435546875
 20
919.191650390625
 10
1562.12353515625
 20
914.2962646484375
 10
1561.66015625
 20
909.4129638671875
 10
1561.07666015625
 20
904.792236328125
 10
1560.38623046875
 20
900.1857299804688
 10
1559.6328125
 20
895.64794921875
 10
1558.80908203125
 20
891.1221313476562
 10
1558.35595703125
 20
888.8551025390625
 10
1547.81640625
 20
888.0635986328125
 10
1543.82421875
 20
887.706298828125
 10
1530.8017578125
 20
886.4304809570312
 10
1520.59033203125
 20
885.5626831054688
 10
1514.1572265625
 20
884.9176025390625
 10
1503.70556640625
 20
883.7515869140625
 10
1502.46728515625
 20
883.52685546875
 10
1501.25341796875
 20
883.199951171875
 10
1500.482421875
 20
882.9086303710938
 10
1499.75244140625
 20
882.5344848632812
 10
1499.0859375
 20
882.0584106445312
 10
1498.60595703125
 20
881.5827026367188
 10
1498.208984375
 20
881.0390625
 10
1497.90966796875
 20
880.4351196289062
 10
1497.720703125
 20
879.7871704101562
 10
1497.64013671875
 20
879.11767578125
 10
1497.65625
 20
878.4401245117188
 10
1497.80517578125
 20
877.600341796875
 10
1498.10986328125
 20
876.8057250976562
 10
1498.58837890625
 20
876.083984375
 10
1499.2158203125
 20
875.4864501953125
 10
1499.888671875
 20
875.0713500976562
 10
1500.62255859375
 20
874.7725830078125
 10
1501.39306640625
 20
874.5667724609375
 10
1502.57568359375
 20
874.38525390625
 10
1503.77197265625
 20
874.3128662109375
 10
1504.9736328125
 20
874.3054809570312
 10
1516.4697265625
 20
874.6130981445312
 10
1532.03759765625
 20
875.2423095703125
 10
1552.71875
 20
875.9920654296875
 10
1551.62109375
 20
871.8585205078125
 10
1550.29833984375
 20
867.319580078125
 10
1549.19921875
 20
863.8198852539062
 10
1548.025390625
 20
860.3452758789062
 10
1542.900390625
 20
846.335205078125
 10
1536.880859375
 20
846.8670043945312
 10
1522.11083984375
 20
848.5078735351562
 10
1513.3466796875
 20
849.6231689453125
 10
1510.32275390625
 20
849.9615478515625
 10
1505.29833984375
 20
850.4213256835938
 10
1503.2998046875
 20
850.4464721679688
 10
1502.0712890625
 20
850.331298828125
 10
1500.876953125
 20
850.0404052734375
 10
1500.193359375
 20
849.7520141601562
 10
1499.560546875
 20
849.3746948242188
 10
1498.99462890625
 20
848.9077758789062
 10
1498.51318359375
 20
848.3499145507812
 10
1498.08349609375
 20
847.6021118164062
 10
1497.802734375
 20
846.7899169921875
 10
1497.65087890625
 20
845.9356079101562
 10
1497.60888671875
 20
845.0617065429688
 10
1497.67919921875
 20
844.009521484375
 10
1497.8515625
 20
842.9679565429688
 10
1498.09423828125
 20
841.9378662109375
 10
1498.84814453125
 20
839.4325561523438
 10
1500.55419921875
 20
834.2745361328125
 10
1501.36474609375
 20
831.5787963867188
 10
1502.4765625
 20
827.5346069335938
 10
1503.42724609375
 20
823.450927734375
 10
1504.0859375
 20
819.8994140625
 10
1504.623046875
 20
816.3272094726562
 10
1505.17138671875
 20
811.8023681640625
 10
1505.568359375
 20
807.26220703125
 10
1505.67578125
 20
805.2667236328125
 10
1502.9990234375
 20
804.2691650390625
 10
1499.77392578125
 20
803.2546997070312
 10
1496.49560546875
 20
802.4229736328125
 10
1493.67919921875
 20
801.8659057617188
 10
1490.84228515625
 20
801.4223022460938
 10
1487.9921875
 20
801.0619506835938
 10
1484.43994140625
 20
800.6976318359375
 10
1480.87939453125
 20
800.423583984375
 10
1477.044921875
 20
800.2418823242188
 10
1475.01953125
 20
802.215576171875
 10
1473.0458984375
 20
800.1901245117188
 10
1469.20458984375
 20
800.2725219726562
 10
1465.63818359375
 20
800.4544677734375
 10
1462.0771484375
 20
800.727294921875
 10
1459.21923828125
 20
801.013427734375
 10
1456.37158203125
 20
801.3836669921875
 10
1453.54150390625
 20
801.8680419921875
 10
1450.2431640625
 20
802.6148071289062
 10
1446.99267578125
 20
803.5455322265625
 10
1444.29150390625
 20
804.4736328125
 10
1444.34716796875
 20
806.4710083007812
 10
1444.62646484375
 20
811.0205078125
 10
1445.05810546875
 20
815.5580444335938
 10
1445.50244140625
 20
819.1425170898438
 10
1446.0693359375
 20
822.7095947265625
 10
1446.9140625
 20
826.8167114257812
 10
1447.9208984375
 20
830.888671875
 10
1448.66162109375
 20
833.6041259765625
 10
1450.23388671875
 20
838.8047485351562
 10
1450.9228515625
 20
841.328369140625
 10
1451.138671875
 20
842.364501953125
 10
1451.2841796875
 20
843.41015625
 10
1451.3271484375
 20
844.4638061523438
 10
1451.26318359375
 20
845.3363647460938
 10
1451.0888671875
 20
846.1865234375
 10
1450.787109375
 20
846.9909057617188
 10
1450.33837890625
 20
847.7273559570312
 10
1449.84228515625
 20
848.2724609375
 10
1449.26513671875
 20
848.724853515625
 10
1448.62255859375
 20
849.0857543945312
 10
1447.931640625
 20
849.3560180664062
 10
1446.72998046875
 20
849.6163330078125
 10
1445.49951171875
 20
849.6993408203125
 10
1443.501953125
 20
849.6224975585938
 10
1438.4912109375
 20
849.033447265625
 10
1435.4765625
 20
848.6170043945312
 10
1426.74462890625
 20
847.2759399414062
 10
1412.021484375
 20
845.2535400390625
 10
1406.01806640625
 20
844.566650390625
 10
1401.09619140625
 20
857.002685546875
 10
1402.98486328125
 20
859.0632934570312
 10
1400.203125
 20
859.3380126953125
 10
1400.03125
 20
859.8072509765625
 10
1401.95263671875
 20
861.8367309570312
 10
1399.17626953125
 20
862.1564331054688
 10
1398.08056640625
 20
865.3531494140625
 10
1396.640625
 20
869.8565673828125
 10
1395.4365234375
 20
873.960205078125
 10
1416.13037109375
 20
873.74462890625
 10
1431.70947265625
 20
873.5179443359375
 10
1443.20947265625
 20
873.5077514648438
 10
1444.41064453125
 20
873.5462646484375
 10
1445.6044921875
 20
873.649169921875
 10
1446.7822265625
 20
873.8611450195312
 10
1447.546875
 20
874.0869140625
 10
1448.27294921875
 20
874.4043579101562
 10
1448.93505859375
 20
874.8368530273438
 10
1449.546875
 20
875.4501953125
 10
1450.00634765625
 20
876.1843872070312
 10
1450.29052734375
 20
876.986328125
 10
1450.41748046875
 20
877.8299560546875
 10
1450.41650390625
 20
878.5078125
 10
1450.318359375
 20
879.1746215820312
 10
1450.11279296875
 20
879.817626953125
 10
1449.7978515625
 20
880.413818359375
 10
1449.38671875
 20
880.94677734375
 10
1448.89501953125
 20
881.409912109375
 10
1448.21630859375
 20
881.8688354492188
 10
1447.47705078125
 20
882.2236938476562
 10
1446.69873046875
 20
882.4953002929688
 10
1445.47705078125
 20
882.7908935546875
 10
1444.2333984375
 20
882.9830932617188
 10
1442.978515625
 20
883.1145629882812
 10
1433.7548828125
 20
883.8789672851562
 10
1427.30712890625
 20
884.3573608398438
 10
1417.07666015625
 20
884.9611206054688
 10
1404.02587890625
 20
885.8999633789062
 10
1400.025390625
 20
886.1544189453125
 10
1389.46923828125
 20
886.6729125976562
 10
1388.95751953125
 20
888.927978515625
 10
1388.01708984375
 20
893.4303588867188
 10
1387.14697265625
 20
897.9475708007812
 10
1386.337890625
 20
902.5347290039062
 10
1385.634765625
 20
907.138427734375
 10
1385.0458984375
 20
912.00830078125
 10
1384.607421875
 20
916.8944091796875
 10
1384.486328125
 20
918.9483032226562
  0
TEXT
  5
10D
330
17
100
AcDbEntity
  8
ANNOTATION
100
AcDbText
 10
1472.4397359065872
 20
887.1979462328575
 30
0.0
 40
12.5
  1
P01 180deg
100
AcDbText
  0
LWPOLYLINE
  5
10E
330
17
100
AcDbEntity
  8
PIECES
100
AcDbPolyline
 90
263
 70
1
 10
1567.5029296875
 20
917.4083862304688
 10
1575.42724609375
 20
915.8195190429688
 10
1584.2470703125
 20
914.2164916992188
 10
1589.11279296875
 20
913.2921752929688
 10
1593.11767578125
 20
912.3991088867188
 10
1600.91943359375
 20
910.5109252929688
 10
1604.7412109375
 20
909.6286010742188
 10
1609.17333984375
 20
908.7619018554688
 10
1611.20849609375
 20
908.4811401367188
 10
1612.22802734375
 20
908.4411010742188
 10
1613.24609375
 20
908.5133666992188
 10
1614.30029296875
 20
908.7394409179688
 10
1615.3046875
 20
909.1168823242188
 10
1616.2451171875
 20
909.6354370117188
 10
1617.1064453125
 20
910.2863159179688
 10
1617.90771484375
 20
911.0997924804688
 10
1618.57763671875
 20
912.0211791992188
 10
1619.10400390625
 20
913.0343627929688
 10
1619.44970703125
 20
914.0114135742188
 10
1619.67529296875
 20
915.0187377929688
 10
1619.7958984375
 20
916.0475463867188
 10
1619.82470703125
 20
917.0885620117188
 10
1619.7763671875
 20
918.1325073242188
 10
1619.49755859375
 20
920.2286987304688
 10
1617.4951171875
 20
929.4738159179688
 10
1617.06396484375
 20
932.3146362304688
 10
1616.92822265625
 20
933.9454956054688
 10
1616.89697265625
 20
935.5797729492188
 10
1616.990234375
 20
937.2116088867188
 10
1617.17138671875
 20
938.5231323242188
 10
1617.45361328125
 20
939.8141479492188
 10
1617.841796875
 20
941.0763549804688
 10
1618.34033203125
 20
942.3014526367188
 10
1618.90966796875
 20
943.4039916992188
 10
1619.57373046875
 20
944.4464721679688
 10
1620.3310546875
 20
945.4201049804688
 10
1621.17919921875
 20
946.3161010742188
 10
1622.1162109375
 20
947.1251831054688
 10
1623.177734375
 20
947.8629760742188
 10
1624.306640625
 20
948.4855346679688
 10
1625.4931640625
 20
948.9953002929688
 10
1626.724609375
 20
949.3927612304688
 10
1628.2919921875
 20
949.7340698242188
 10
1629.8837890625
 20
949.9254760742188
 10
1631.48974609375
 20
949.9904174804688
 10
1633.099609375
 20
949.9513549804688
 10
1635.4453125
 20
949.7565307617188
 10
1637.77978515625
 20
949.4464721679688
 10
1642.97607421875
 20
948.5958862304688
 10
1645.85498046875
 20
948.1793823242188
 10
1648.36181640625
 20
947.9137573242188
 10
1650.87744140625
 20
947.7404174804688
 10
1653.6328125
 20
947.6466674804688
 10
1655.1689453125
 20
947.6510620117188
 10
1655.572265625
 20
948.4498901367188
 10
1655.96923828125
 20
947.6481323242188
 10
1657.50732421875
 20
947.6315307617188
 10
1660.26318359375
 20
947.7033081054688
 10
1662.77978515625
 20
947.8566284179688
 10
1665.2890625
 20
948.1027221679688
 10
1668.1708984375
 20
948.4967651367188
 10
1673.37353515625
 20
949.3063354492188
 10
1675.71044921875
 20
949.5978393554688
 10
1678.0576171875
 20
949.7745971679688
 10
1679.66796875
 20
949.8004760742188
 10
1681.2734375
 20
949.7233276367188
 10
1682.86328125
 20
949.5192260742188
 10
1684.42822265625
 20
949.1652221679688
 10
1685.65673828125
 20
948.7579956054688
 10
1686.8388671875
 20
948.2394409179688
 10
1687.962890625
 20
947.6076049804688
 10
1689.01806640625
 20
946.8615112304688
 10
1689.94921875
 20
946.0455932617188
 10
1690.7900390625
 20
945.1427612304688
 10
1691.5400390625
 20
944.1627807617188
 10
1692.19580078125
 20
943.1149291992188
 10
1692.755859375
 20
942.0079956054688
 10
1693.2451171875
 20
940.7794799804688
 10
1693.623046875
 20
939.5143432617188
 10
1693.8955078125
 20
938.2208862304688
 10
1694.06640625
 20
936.9078979492188
 10
1694.146484375
 20
935.2750854492188
 10
1694.1025390625
 20
933.6412963867188
 10
1693.9541015625
 20
932.0114135742188
 10
1693.5
 20
929.1744995117188
 10
1691.4248046875
 20
919.9454956054688
 10
1691.1298828125
 20
917.8512573242188
 10
1691.0732421875
 20
916.8078002929688
 10
1691.09375
 20
915.7667846679688
 10
1691.2060546875
 20
914.7369995117188
 10
1691.42431640625
 20
913.7277221679688
 10
1691.76171875
 20
912.7482299804688
 10
1692.2802734375
 20
911.7306518554688
 10
1692.94287109375
 20
910.8038940429688
 10
1693.73828125
 20
909.9840698242188
 10
1694.59423828125
 20
909.3268432617188
 10
1695.5302734375
 20
908.8004760742188
 10
1696.53173828125
 20
908.4152221679688
 10
1697.58447265625
 20
908.1808471679688
 10
1698.6015625
 20
908.1007690429688
 10
1699.62158203125
 20
908.1329956054688
 10
1701.65869140625
 20
908.3976440429688
 10
1706.09765625
 20
909.2291870117188
 10
1709.92626953125
 20
910.0817260742188
 10
1717.7421875
 20
911.9078979492188
 10
1721.75439453125
 20
912.7692260742188
 10
1726.626953125
 20
913.6554565429688
 10
1735.45947265625
 20
915.1891479492188
 10
1743.3955078125
 20
916.7150268554688
 10
1743.0302734375
 20
912.1798706054688
 10
1742.48583984375
 20
907.3048706054688
 10
1741.82470703125
 20
902.6950073242188
 10
1741.0576171875
 20
898.1007690429688
 10
1740.228515625
 20
893.5758666992188
 10
1739.3291015625
 20
889.0646362304688
 10
1738.33740234375
 20
884.5084838867188
 10
1728.83984375
 20
883.8610229492188
 10
1701.71240234375
 20
882.3195190429688
 10
1689.3427734375
 20
881.7672729492188
 10
1683.53173828125
 20
881.3995971679688
 10
1682.1318359375
 20
881.1896362304688
 10
1681.482421875
 20
881.0162963867188
 10
1680.85888671875
 20
880.7770385742188
 10
1680.27783203125
 20
880.4586791992188
 10
1679.75830078125
 20
880.0470581054688
 10
1679.19921875
 20
879.3576049804688
 10
1678.81689453125
 20
878.5543823242188
 10
1678.609375
 20
877.6002807617188
 10
1678.62158203125
 20
876.6227416992188
 10
1678.80029296875
 20
875.8156127929688
 10
1679.1630859375
 20
875.0783081054688
 10
1679.720703125
 20
874.4703979492188
 10
1680.41455078125
 20
874.0153198242188
 10
1681.37255859375
 20
873.6452026367188
 10
1682.3818359375
 20
873.4269409179688
 10
1684.02734375
 20
873.2326049804688
 10
1688.35791015625
 20
873.0250854492188
 10
1691.0341796875
 20
872.9572143554688
 10
1694.11962890625
 20
872.9391479492188
 10
1712.9833984375
 20
873.1071166992188
 10
1722.56396484375
 20
873.3136596679688
 10
1725.90087890625
 20
873.3185424804688
 10
1732.96435546875
 20
873.1715698242188
 10
1731.73779296875
 20
868.8170776367188
 10
1730.34716796875
 20
864.2985229492188
 10
1729.19580078125
 20
860.8161010742188
 10
1727.9697265625
 20
857.3585815429688
 10
1723.13916015625
 20
844.7599487304688
 10
1720.70947265625
 20
844.8961791992188
 10
1717.822265625
 20
845.1422729492188
 10
1714.7197265625
 20
845.5094604492188
 10
1707.28857421875
 20
846.5006713867188
 10
1702.94921875
 20
847.0382690429688
 10
1686.05029296875
 20
848.9020385742188
 10
1684.0234375
 20
849.0011596679688
 10
1682.7451171875
 20
848.9518432617188
 10
1681.48828125
 20
848.7374877929688
 10
1680.76953125
 20
848.5036010742188
 10
1680.09375
 20
848.1784057617188
 10
1679.4814453125
 20
847.7555541992188
 10
1678.95263671875
 20
847.2277221679688
 10
1678.53857421875
 20
846.6124877929688
 10
1678.2451171875
 20
845.9376831054688
 10
1678.0615234375
 20
845.2199096679688
 10
1677.97509765625
 20
844.4752807617188
 10
1677.97509765625
 20
843.7199096679688
 10
1678.103515625
 20
842.6286010742188
 10
1678.33740234375
 20
841.5529174804688
 10
1681.61279296875
 20
829.8825073242188
 10
1682.61279296875
 20
825.8971557617188
 10
1683.4306640625
 20
821.8717651367188
 10
1683.935546875
 20
818.5831909179688
 10
1684.3388671875
 20
815.2799682617188
 10
1684.84033203125
 20
810.3444213867188
 10
1685.20947265625
 20
805.3976440429688
 10
1685.27197265625
 20
804.0797729492188
 10
1682.2705078125
 20
803.1886596679688
 10
1679.47119140625
 20
802.4865112304688
 10
1676.64306640625
 20
801.9108276367188
 10
1673.77197265625
 20
801.4645385742188
 10
1670.88671875
 20
801.1198120117188
 10
1664.42822265625
 20
800.5177612304688
 10
1660.85693359375
 20
800.2863159179688
 10
1656.9892578125
 20
800.1901245117188
 10
1654.9970703125
 20
802.1979370117188
 10
1652.98974609375
 20
800.2062377929688
 10
1649.12158203125
 20
800.3327026367188
 10
1645.552734375
 20
800.5919799804688
 10
1639.09912109375
 20
801.2448120117188
 10
1636.21630859375
 20
801.6129760742188
 10
1633.34912109375
 20
802.0817260742188
 10
1630.52587890625
 20
802.6793823242188
 10
1627.73193359375
 20
803.4035034179688
 10
1624.7373046875
 20
804.3185424804688
 10
1624.810546875
 20
805.6354370117188
 10
1625.21826171875
 20
810.5792846679688
 10
1625.7587890625
 20
815.5104370117188
 10
1626.1884765625
 20
818.8107299804688
 10
1626.71875
 20
822.0953979492188
 10
1627.568359375
 20
826.1139526367188
 10
1628.599609375
 20
830.0910034179688
 10
1631.96728515625
 20
841.7360229492188
 10
1632.20947265625
 20
842.8097534179688
 10
1632.34619140625
 20
843.8995971679688
 10
1632.3525390625
 20
844.6549682617188
 10
1632.27197265625
 20
845.4005737304688
 10
1632.09375
 20
846.1198120117188
 10
1631.80615234375
 20
846.7965698242188
 10
1631.39697265625
 20
847.4152221679688
 10
1630.8720703125
 20
847.9469604492188
 10
1630.2626953125
 20
848.3746948242188
 10
1629.58984375
 20
848.7052612304688
 10
1628.873046875
 20
848.9450073242188
 10
1627.61767578125
 20
849.1691284179688
 10
1626.34033203125
 20
849.2286987304688
 10
1624.3125
 20
849.1456909179688
 10
1607.3994140625
 20
847.4147338867188
 10
1603.0556640625
 20
846.9113159179688
 10
1595.61669921875
 20
845.9786987304688
 10
1592.51220703125
 20
845.6359252929688
 10
1589.62255859375
 20
845.4122924804688
 10
1587.19189453125
 20
845.2955932617188
 10
1583.6884765625
 20
854.6198120117188
 10
1581.9794921875
 20
859.3239135742188
 10
1583.93896484375
 20
861.3170776367188
 10
1581.1689453125
 20
861.6891479492188
 10
1580.13818359375
 20
864.8903198242188
 10
1578.783203125
 20
869.4201049804688
 10
1577.5908203125
 20
873.7838745117188
 10
1584.6552734375
 20
873.8746948242188
 10
1587.9921875
 20
873.8439331054688
 10
1597.5712890625
 20
873.5617065429688
 10
1616.43310546875
 20
873.2453002929688
 10
1619.51806640625
 20
873.2389526367188
 10
1622.19482421875
 20
873.2858276367188
 10
1626.52734375
 20
873.4591674804688
 10
1628.173828125
 20
873.6408081054688
 10
1629.18505859375
 20
873.8507690429688
 10
1630.14599609375
 20
874.2135620117188
 10
1630.84326171875
 20
874.6632690429688
 10
1631.40576171875
 20
875.2667846679688
 10
1631.77392578125
 20
876.0006713867188
 10
1631.95947265625
 20
876.8063354492188
 10
1631.97900390625
 20
877.7843627929688
 10
1631.77880859375
 20
878.7399291992188
 10
1631.4033203125
 20
879.5460815429688
 10
1630.849609375
 20
880.2399291992188
 10
1630.3330078125
 20
880.6554565429688
 10
1629.7548828125
 20
880.9786987304688
 10
1629.1328125
 20
881.2223510742188
 10
1628.48486328125
 20
881.4010620117188
 10
1627.0869140625
 20
881.6222534179688
 10
1621.27880859375
 20
882.0353393554688
 10
1608.9140625
 20
882.6852416992188
 10
1581.79931640625
 20
884.4406127929688
 10
1572.30712890625
 20
885.1622924804688
 10
1571.3515625
 20
889.7262573242188
 10
1570.48779296875
 20
894.2443237304688
 10
1569.69482421875
 20
898.7755737304688
 10
1568.9638671875
 20
903.3756713867188
 10
1568.3388671875
 20
907.9909057617188
 10
1567.8330078125
 20
912.8703002929688
 10
1567.5029296875
 20
917.4083862304688
  0
TEXT
  5
10F
330
17
100
AcDbEntity
  8
ANNOTATION
100
AcDbText
 10
1654.4491314906131
 20
886.432564506966
 30
0.0
 40
12.5
  1
P02 180deg
100
AcDbText
  0
LWPOLYLINE
  5
110
330
17
100
AcDbEntity
  8
PIECES
100
AcDbPolyline
 90
264
 70
1
 10
1748.3955078125
 20
914.0719604492188
 10
1756.31103515625
 20
912.6652221679688
 10
1764.5009765625
 20
911.0714721679688
 10
1769.23193359375
 20
910.0626831054688
 10
1781.84814453125
 20
907.0944213867188
 10
1787.01318359375
 20
905.9826049804688
 10
1789.3447265625
 20
905.5812377929688
 10
1790.40966796875
 20
905.4430541992188
 10
1791.47802734375
 20
905.3576049804688
 10
1792.54541015625
 20
905.3507690429688
 10
1793.60888671875
 20
905.4479370117188
 10
1794.64990234375
 20
905.6701049804688
 10
1795.64794921875
 20
906.0226440429688
 10
1796.5859375
 20
906.5075073242188
 10
1797.447265625
 20
907.1261596679688
 10
1798.30126953125
 20
907.9782104492188
 10
1798.9970703125
 20
908.9601440429688
 10
1799.5244140625
 20
910.0465698242188
 10
1799.84228515625
 20
911.0626831054688
 10
1800.029296875
 20
912.1051635742188
 10
1800.103515625
 20
913.1657104492188
 10
1800.08203125
 20
914.2374877929688
 10
1799.98291015625
 20
915.3112182617188
 10
1799.8232421875
 20
916.3800659179688
 10
1799.3642578125
 20
918.5773315429688
 10
1798.24267578125
 20
922.9288940429688
 10
1797.80419921875
 20
924.8561401367188
 10
1797.46044921875
 20
926.8009643554688
 10
1797.232421875
 20
928.7623901367188
 10
1797.1474609375
 20
930.3829956054688
 10
1797.1728515625
 20
932.0036010742188
 10
1797.32763671875
 20
933.6168823242188
 10
1797.638671875
 20
935.2706909179688
 10
1798.111328125
 20
936.8825073242188
 10
1798.751953125
 20
938.4371948242188
 10
1799.34130859375
 20
939.5460815429688
 10
1800.02294921875
 20
940.5958862304688
 10
1800.79443359375
 20
941.5787963867188
 10
1801.65478515625
 20
942.4850463867188
 10
1802.6015625
 20
943.3068237304688
 10
1803.68212890625
 20
944.0665893554688
 10
1804.83154296875
 20
944.7120971679688
 10
1806.0390625
 20
945.2438354492188
 10
1807.29443359375
 20
945.6613159179688
 10
1808.9169921875
 20
946.0280151367188
 10
1810.56640625
 20
946.2330932617188
 10
1812.2314453125
 20
946.3004760742188
 10
1813.90087890625
 20
946.2511596679688
 10
1816.23486328125
 20
946.0314331054688
 10
1818.55419921875
 20
945.6867065429688
 10
1826.63330078125
 20
944.2379760742188
 10
1829.2734375
 20
943.8673706054688
 10
1831.92822265625
 20
943.6305541992188
 10
1834.20654296875
 20
943.5695190429688
 10
1834.98193359375
 20
943.5914916992188
 10
1835.3828125
 20
944.3908081054688
 10
1835.78173828125
 20
943.5905151367188
 10
1836.55712890625
 20
943.5665893554688
 10
1838.83544921875
 20
943.6217651367188
 10
1841.49072265625
 20
943.8517456054688
 10
1844.1318359375
 20
944.2155151367188
 10
1852.21435546875
 20
945.6442260742188
 10
1854.53515625
 20
945.9826049804688
 10
1856.869140625
 20
946.1969604492188
 10
1858.53857421875
 20
946.2413940429688
 10
1860.20361328125
 20
946.1701049804688
 10
1861.8525390625
 20
945.9606323242188
 10
1863.474609375
 20
945.5900268554688
 10
1864.728515625
 20
945.1691284179688
 10
1865.9345703125
 20
944.6349487304688
 10
1867.08251953125
 20
943.9860229492188
 10
1868.1611328125
 20
943.2233276367188
 10
1869.10595703125
 20
942.3995971679688
 10
1869.9638671875
 20
941.4909057617188
 10
1870.73291015625
 20
940.5065307617188
 10
1871.41162109375
 20
939.4547729492188
 10
1871.99853515625
 20
938.3439331054688
 10
1872.634765625
 20
936.7882690429688
 10
1873.103515625
 20
935.1749877929688
 10
1873.41064453125
 20
933.5206909179688
 10
1873.56103515625
 20
931.9064331054688
 10
1873.58251953125
 20
930.2858276367188
 10
1873.49365234375
 20
928.6657104492188
 10
1873.26025390625
 20
926.7047729492188
 10
1872.91162109375
 20
924.7609252929688
 10
1872.46826171875
 20
922.8346557617188
 10
1871.3359375
 20
918.4860229492188
 10
1870.87109375
 20
916.2897338867188
 10
1870.708984375
 20
915.2213745117188
 10
1870.60693359375
 20
914.1476440429688
 10
1870.58251953125
 20
913.0763549804688
 10
1870.654296875
 20
912.0158081054688
 10
1870.8388671875
 20
910.9728393554688
 10
1871.15380859375
 20
909.9557495117188
 10
1871.67822265625
 20
908.8678588867188
 10
1872.3720703125
 20
907.8844604492188
 10
1873.2236328125
 20
907.0299682617188
 10
1874.08349609375
 20
906.4093627929688
 10
1875.0205078125
 20
905.9220581054688
 10
1876.017578125
 20
905.5665893554688
 10
1877.0576171875
 20
905.3419799804688
 10
1878.12109375
 20
905.2423706054688
 10
1879.1884765625
 20
905.2462768554688
 10
1880.2568359375
 20
905.3287963867188
 10
1881.322265625
 20
905.4645385742188
 10
1883.65478515625
 20
905.8600463867188
 10
1885.97314453125
 20
906.3331909179688
 10
1891.66650390625
 20
907.6085815429688
 10
1901.4462890625
 20
909.8952026367188
 10
1906.1796875
 20
910.8917846679688
 10
1914.3740234375
 20
912.4645385742188
 10
1922.29296875
 20
913.8512573242188
 10
1922.1181640625
 20
910.8346557617188
 10
1921.6884765625
 20
905.8771362304688
 10
1921.1591796875
 20
901.2633666992188
 10
1920.50927734375
 20
896.6652221679688
 10
1919.748046875
 20
892.1281127929688
 10
1918.8701171875
 20
887.6119995117188
 10
1917.8544921875
 20
883.0319213867188
 10
1895.623046875
 20
881.4562377929688
 10
1881.97705078125
 20
880.6432495117188
 10
1875.03369140625
 20
880.1906127929688
 10
1865.51123046875
 20
879.4069213867188
 10
1862.4560546875
 20
879.1061401367188
 10
1861.6259765625
 20
878.9572143554688
 10
1860.82080078125
 20
878.7277221679688
 10
1860.06396484375
 20
878.3761596679688
 10
1859.5419921875
 20
878.0079956054688
 10
1859.095703125
 20
877.5563354492188
 10
1858.74609375
 20
877.0250854492188
 10
1858.48388671875
 20
876.3102416992188
 10
1858.38427734375
 20
875.5538940429688
 10
1858.4169921875
 20
874.7828979492188
 10
1858.58251953125
 20
873.9420776367188
 10
1858.89404296875
 20
873.1452026367188
 10
1859.357421875
 20
872.4357299804688
 10
1859.97900390625
 20
871.8673706054688
 10
1860.4814453125
 20
871.5949096679688
 10
1861.02294921875
 20
871.4103393554688
 10
1862.166015625
 20
871.2155151367188
 10
1863.83837890625
 20
871.1144409179688
 10
1874.25537109375
 20
871.1422729492188
 10
1877.4140625
 20
871.1749877929688
 10
1888.9296875
 20
871.4826049804688
 10
1902.6484375
 20
871.7369995117188
 10
1907.642578125
 20
871.7462768554688
 10
1912.4833984375
 20
871.6915893554688
 10
1908.49658203125
 20
859.7482299804688
 10
1907.26025390625
 20
856.2052612304688
 10
1906.0517578125
 20
853.0714721679688
 10
1902.01708984375
 20
843.1710815429688
 10
1891.50830078125
 20
844.6388549804688
 10
1873.53564453125
 20
847.2643432617188
 10
1865.5625
 20
848.3698120117188
 10
1863.53515625
 20
848.5123901367188
 10
1862.6806640625
 20
848.5031127929688
 10
1861.83251953125
 20
848.4244995117188
 10
1860.9990234375
 20
848.2501831054688
 10
1860.0693359375
 20
847.8971557617188
 10
1859.232421875
 20
847.3654174804688
 10
1858.638671875
 20
846.7799682617188
 10
1858.16552734375
 20
846.0953979492188
 10
1857.81494140625
 20
845.3351440429688
 10
1857.59814453125
 20
844.5631713867188
 10
1857.48828125
 20
843.7706909179688
 10
1857.470703125
 20
842.9664916992188
 10
1857.5302734375
 20
842.1608276367188
 10
1857.71484375
 20
841.0480346679688
 10
1857.98681640625
 20
839.9518432617188
 10
1858.3115234375
 20
838.8683471679688
 10
1859.64501953125
 20
834.8468627929688
 10
1860.48193359375
 20
832.1286010742188
 10
1861.22705078125
 20
829.3834838867188
 10
1862.142578125
 20
825.3766479492188
 10
1862.8935546875
 20
821.3351440429688
 10
1863.39794921875
 20
818.0744018554688
 10
1863.83154296875
 20
814.8034057617188
 10
1864.2080078125
 20
811.4860229492188
 10
1864.52294921875
 20
808.1627807617188
 10
1864.8369140625
 20
803.6818237304688
 10
1860.955078125
 20
802.7428588867188
 10
1856.56396484375
 20
801.8888549804688
 10
1852.248046875
 20
801.2521362304688
 10
1847.91064453125
 20
800.7789916992188
 10
1844.43212890625
 20
800.4967651367188
 10
1840.9482421875
 20
800.2990112304688
 10
1837.19970703125
 20
800.1901245117188
 10
1835.20263671875
 20
802.1925659179688
 10
1833.2001953125
 20
800.1950073242188
 10
1829.4521484375
 20
800.3136596679688
 10
1825.96826171875
 20
800.5202026367188
 10
1822.49072265625
 20
800.8112182617188
 10
1818.154296875
 20
801.2955932617188
 10
1813.83984375
 20
801.9430541992188
 10
1809.451171875
 20
802.8082885742188
 10
1805.57177734375
 20
803.7570190429688
 10
1805.8974609375
 20
808.2374877929688
 10
1806.22021484375
 20
811.5597534179688
 10
1806.60546875
 20
814.8756713867188
 10
1807.046875
 20
818.1456909179688
 10
1807.56005859375
 20
821.4054565429688
 10
1808.32080078125
 20
825.4450073242188
 10
1809.2470703125
 20
829.4494018554688
 10
1809.9990234375
 20
832.1925659179688
 10
1810.8427734375
 20
834.9088745117188
 10
1812.1865234375
 20
838.9269409179688
 10
1812.51416015625
 20
840.0094604492188
 10
1812.78857421875
 20
841.1051635742188
 10
1812.97607421875
 20
842.2174682617188
 10
1813.03759765625
 20
843.0231323242188
 10
1813.0224609375
 20
843.8268432617188
 10
1812.91455078125
 20
844.6203002929688
 10
1812.69921875
 20
845.3922729492188
 10
1812.35107421875
 20
846.1535034179688
 10
1811.87939453125
 20
846.8390502929688
 10
1811.287109375
 20
847.4259643554688
 10
1810.45166015625
 20
847.9601440429688
 10
1809.5224609375
 20
848.3156127929688
 10
1808.68994140625
 20
848.4918823242188
 10
1807.841796875
 20
848.5724487304688
 10
1806.9873046875
 20
848.5841674804688
 10
1804.95947265625
 20
848.4464721679688
 10
1796.9833984375
 20
847.3615112304688
 10
1779.0048828125
 20
844.7814331054688
 10
1768.4921875
 20
843.3405151367188
 10
1764.482421875
 20
853.2506713867188
 10
1763.28173828125
 20
856.3873901367188
 10
1762.0546875
 20
859.9337768554688
 10
1758.09814453125
 20
871.8873901367188
 10
1762.93896484375
 20
871.9298706054688
 10
1767.93310546875
 20
871.9078979492188
 10
1781.6513671875
 20
871.6183471679688
 10
1793.166015625
 20
871.2814331054688
 10
1796.32421875
 20
871.2413940429688
 10
1806.74169921875
 20
871.1871948242188
 10
1808.4140625
 20
871.2833862304688
 10
1809.5576171875
 20
871.4752807617188
 10
1810.099609375
 20
871.6588745117188
 10
1810.6025390625
 20
871.9303588867188
 10
1811.22607421875
 20
872.4967651367188
 10
1811.69091796875
 20
873.2052612304688
 10
1812.00439453125
 20
874.0011596679688
 10
1812.171875
 20
874.8419799804688
 10
1812.20654296875
 20
875.6124877929688
 10
1812.10888671875
 20
876.3688354492188
 10
1811.8486328125
 20
877.0846557617188
 10
1811.50048828125
 20
877.6163940429688
 10
1811.05517578125
 20
878.0695190429688
 10
1810.5341796875
 20
878.4391479492188
 10
1809.7783203125
 20
878.7926635742188
 10
1808.9736328125
 20
879.0236206054688
 10
1808.14404296875
 20
879.1749877929688
 10
1801.4677734375
 20
879.8136596679688
 10
1795.5693359375
 20
880.2911987304688
 10
1788.626953125
 20
880.7619018554688
 10
1774.98291015625
 20
881.6090698242188
 10
1752.755859375
 20
883.2413940429688
 10
1751.751953125
 20
887.8239135742188
 10
1750.88525390625
 20
892.3419799804688
 10
1750.1357421875
 20
896.8815307617188
 10
1749.4970703125
 20
901.4811401367188
 10
1748.97998046875
 20
906.0963745117188
 10
1748.5625
 20
911.0548706054688
 10
1748.3955078125
 20
914.0719604492188
  0
TEXT
  5
111
330
17
100
AcDbEntity
  8
ANNOTATION
100
AcDbText
 10
1835.166572339607
 20
884.6811319986979
 30
0.0
 40
12.5
  1
P03 180deg
100
AcDbText
  0
TEXT
  5
112
330
17
100
AcDbEntity
  8
ANNOTATION
100
AcDbText
 10
0.0
 20
1018.75
 30
0.0
 40
12.5
  1
Leather 2000x1000 mm | gap 5 mm | placed 66 | utilization 42.49%
100
AcDbText
  0
ENDSEC
  0
SECTION
  2
OBJECTS
  0
DICTIONARY
  5
A
330
0
100
AcDbDictionary
281
1
  3
ACAD_COLOR
350
B
  3
ACAD_GROUP
350
C
  3
ACAD_LAYOUT
350
D
  3
ACAD_MATERIAL
350
E
  3
ACAD_MLEADERSTYLE
350
F
  3
ACAD_MLINESTYLE
350
10
  3
ACAD_PLOTSETTINGS
350
11
  3
ACAD_PLOTSTYLENAME
350
12
  3
ACAD_SCALELIST
350
14
  3
ACAD_TABLESTYLE
350
15
  3
ACAD_VISUALSTYLE
350
16
  3
EZDXF_META
350
2D
  0
DICTIONARY
  5
B
330
A
100
AcDbDictionary
281
1
  0
DICTIONARY
  5
C
330
A
100
AcDbDictionary
281
1
  0
DICTIONARY
  5
D
330
A
100
AcDbDictionary
281
1
  3
Model
350
1A
  3
Layout1
350
1E
  0
DICTIONARY
  5
E
330
A
100
AcDbDictionary
281
1
  3
ByBlock
350
1F
  3
ByLayer
350
20
  3
Global
350
21
  0
DICTIONARY
  5
F
330
A
100
AcDbDictionary
281
1
  3
Standard
350
2C
  0
DICTIONARY
  5
10
330
A
100
AcDbDictionary
281
1
  3
Standard
350
22
  0
DICTIONARY
  5
11
330
A
100
AcDbDictionary
281
1
  0
ACDBDICTIONARYWDFLT
  5
12
330
A
100
AcDbDictionary
281
1
  3
Normal
350
13
100
AcDbDictionaryWithDefault
340
13
  0
ACDBPLACEHOLDER
  5
13
330
12
  0
DICTIONARY
  5
14
330
A
100
AcDbDictionary
281
1
  0
DICTIONARY
  5
15
330
A
100
AcDbDictionary
281
1
  0
DICTIONARY
  5
16
330
A
100
AcDbDictionary
281
1
  3
2dWireframe
350
5A
  3
Basic
350
5B
  3
Brighten
350
5C
  3
ColorChange
350
5D
  3
Conceptual
350
5E
  3
Dim
350
5F
  3
EdgeColorOff
350
60
  3
Facepattern
350
61
  3
Flat
350
62
  3
FlatWithEdges
350
63
  3
Gouraud
350
64
  3
GouraudWithEdges
350
65
  3
Hidden
350
66
  3
JitterOff
350
67
  3
Linepattern
350
68
  3
Modeling
350
69
  3
OverhangOff
350
6A
  3
Realistic
350
6B
  3
Shaded
350
6C
  3
Shaded with edges
350
6D
  3
Shades of Gray
350
6E
  3
Sketchy
350
6F
  3
Thicken
350
70
  3
Wireframe
350
71
  3
X-Ray
350
72
  0
LAYOUT
  5
1A
330
D
100
AcDbPlotSettings
  1

  4
A3
  6

 40
7.5
 41
20.0
 42
7.5
 43
20.0
 44
420.0
 45
297.0
 46
0.0
 47
0.0
 48
0.0
 49
0.0
140
0.0
141
0.0
142
1.0
143
1.0
 70
1024
 72
1
 73
0
 74
5
  7

 75
16
 76
0
 77
2
 78
300
147
1.0
148
0.0
149
0.0
100
AcDbLayout
  1
Model
 70
1
 71
0
 10
0.0
 20
0.0
 11
420.0
 21
297.0
 12
0.0
 22
0.0
 32
0.0
 14
1e+20
 24
1e+20
 34
1e+20
 15
-1e+20
 25
-1e+20
 35
-1e+20
146
0.0
 13
0.0
 23
0.0
 33
0.0
 16
1.0
 26
0.0
 36
0.0
 17
0.0
 27
1.0
 37
0.0
 76
1
330
17
  0
LAYOUT
  5
1E
330
D
100
AcDbPlotSettings
  1

  4
A3
  6

 40
7.5
 41
20.0
 42
7.5
 43
20.0
 44
420.0
 45
297.0
 46
0.0
 47
0.0
 48
0.0
 49
0.0
140
0.0
141
0.0
142
1.0
143
1.0
 70
0
 72
1
 73
0
 74
5
  7

 75
16
 76
0
 77
2
 78
300
147
1.0
148
0.0
149
0.0
100
AcDbLayout
  1
Layout1
 70
1
 71
1
 10
0.0
 20
0.0
 11
420.0
 21
297.0
 12
0.0
 22
0.0
 32
0.0
 14
1e+20
 24
1e+20
 34
1e+20
 15
-1e+20
 25
-1e+20
 35
-1e+20
146
0.0
 13
0.0
 23
0.0
 33
0.0
 16
1.0
 26
0.0
 36
0.0
 17
0.0
 27
1.0
 37
0.0
 76
1
330
1B
  0
MATERIAL
  5
1F
102
{ACAD_REACTORS
330
E
102
}
330
E
100
AcDbMaterial
  1
ByBlock
  2

 70
0
 40
1.0
 71
1
 41
1.0
 91
-1023410177
 42
1.0
 72
1
  3

 73
1
 74
1
 75
1
 44
0.5
 73
0
 45
1.0
 46
1.0
 77
1
  4

 78
1
 79
1
170
1
 48
1.0
171
1
  6

172
1
173
1
174
1
140
1.0
141
1.0
175
1
  7

176
1
177
1
178
1
143
1.0
179
1
  8

270
1
271
1
272
1
145
1.0
146
1.0
273
1
  9

274
1
275
1
276
1
 42
1.0
 72
1
  3

 73
1
 74
1
 75
1
 94
63
  0
MATERIAL
  5
20
102
{ACAD_REACTORS
330
E
102
}
330
E
100
AcDbMaterial
  1
ByLayer
  2

 70
0
 40
1.0
 71
1
 41
1.0
 91
-1023410177
 42
1.0
 72
1
  3

 73
1
 74
1
 75
1
 44
0.5
 73
0
 45
1.0
 46
1.0
 77
1
  4

 78
1
 79
1
170
1
 48
1.0
171
1
  6

172
1
173
1
174
1
140
1.0
141
1.0
175
1
  7

176
1
177
1
178
1
143
1.0
179
1
  8

270
1
271
1
272
1
145
1.0
146
1.0
273
1
  9

274
1
275
1
276
1
 42
1.0
 72
1
  3

 73
1
 74
1
 75
1
 94
63
  0
MATERIAL
  5
21
102
{ACAD_REACTORS
330
E
102
}
330
E
100
AcDbMaterial
  1
Global
  2

 70
0
 40
1.0
 71
1
 41
1.0
 91
-1023410177
 42
1.0
 72
1
  3

 73
1
 74
1
 75
1
 44
0.5
 73
0
 45
1.0
 46
1.0
 77
1
  4

 78
1
 79
1
170
1
 48
1.0
171
1
  6

172
1
173
1
174
1
140
1.0
141
1.0
175
1
  7

176
1
177
1
178
1
143
1.0
179
1
  8

270
1
271
1
272
1
145
1.0
146
1.0
273
1
  9

274
1
275
1
276
1
 42
1.0
 72
1
  3

 73
1
 74
1
 75
1
 94
63
  0
MLINESTYLE
  5
22
102
{ACAD_REACTORS
330
10
102
}
330
10
100
AcDbMlineStyle
  2
Standard
 70
0
  3

 62
256
 51
90.0
 52
90.0
 71
2
 49
0.5
 62
256
  6
BYLAYER
 49
-0.5
 62
256
  6
BYLAYER
  0
MLEADERSTYLE
  5
2C
102
{ACAD_REACTORS
330
F
102
}
330
F
100
AcDbMLeaderStyle
179
2
170
2
171
1
172
0
 90
2
 40
0.0
 41
0.0
173
1
 91
-1056964608
 92
-2
290
1
 42
2.0
291
1
 43
8.0
  3
Standard
 44
4.0
300

342
29
174
1
175
1
176
0
178
1
 93
-1056964608
 45
4.0
292
0
297
0
 46
4.0
 94
-1056964608
 47
1.0
 49
1.0
140
1.0
294
1
141
0.0
177
0
142
1.0
295
0
296
0
143
3.75
271
0
272
9
273
9
  0
DICTIONARY
  5
2D
330
A
100
AcDbDictionary
280
1
281
1
  3
CREATED_BY_EZDXF
350
2E
  3
WRITTEN_BY_EZDXF
350
115
  0
DICTIONARYVAR
  5
2E
330
2D
100
DictionaryVariables
280
0
  1
1.4.2 @ 2026-07-27T07:33:22.830073+00:00
  0
VISUALSTYLE
  5
5A
102
{ACAD_REACTORS
330
16
102
}
330
16
100
AcDbVisualStyle
  2
2dWireframe
 70
4
 90
0
 40
0.6
 62
7
290
0
291
0
  0
VISUALSTYLE
  5
5B
102
{ACAD_REACTORS
330
16
102
}
330
16
100
AcDbVisualStyle
  2
Basic
 70
7
 90
1
 40
0.6
 62
7
290
0
291
1
  0
VISUALSTYLE
  5
5C
102
{ACAD_REACTORS
330
16
102
}
330
16
100
AcDbVisualStyle
  2
Brighten
 70
12
 90
2
 40
0.6
 62
7
290
0
291
1
  0
VISUALSTYLE
  5
5D
102
{ACAD_REACTORS
330
16
102
}
330
16
100
AcDbVisualStyle
  2
ColorChange
 70
16
 90
2
 40
0.6
 62
8
290
0
291
1
  0
VISUALSTYLE
  5
5E
102
{ACAD_REACTORS
330
16
102
}
330
16
100
AcDbVisualStyle
  2
Conceptual
 70
9
 90
3
 40
0.6
 62
7
290
0
291
0
  0
VISUALSTYLE
  5
5F
102
{ACAD_REACTORS
330
16
102
}
330
16
100
AcDbVisualStyle
  2
Dim
 70
11
 90
2
 40
0.6
 62
7
290
0
291
1
  0
VISUALSTYLE
  5
60
102
{ACAD_REACTORS
330
16
102
}
330
16
100
AcDbVisualStyle
  2
EdgeColorOff
 70
22
 90
2
 40
0.6
 62
7
290
0
291
1
  0
VISUALSTYLE
  5
61
102
{ACAD_REACTORS
330
16
102
}
330
16
100
AcDbVisualStyle
  2
Facepattern
 70
15
 90
2
 40
0.6
 62
7
290
0
291
1
  0
VISUALSTYLE
  5
62
102
{ACAD_REACTORS
330
16
102
}
330
16
100
AcDbVisualStyle
  2
Flat
 70
0
 90
2
 40
0.6
 62
7
290
0
291
1
  0
VISUALSTYLE
  5
63
102
{ACAD_REACTORS
330
16
102
}
330
16
100
AcDbVisualStyle
  2
FlatWithEdges
 70
1
 90
2
 40
0.6
 62
7
290
0
291
1
  0
VISUALSTYLE
  5
64
102
{ACAD_REACTORS
330
16
102
}
330
16
100
AcDbVisualStyle
  2
Gouraud
 70
2
 90
2
 40
0.6
 62
7
290
0
291
1
  0
VISUALSTYLE
  5
65
102
{ACAD_REACTORS
330
16
102
}
330
16
100
AcDbVisualStyle
  2
GouraudWithEdges
 70
3
 90
2
 40
0.6
 62
7
290
0
291
1
  0
VISUALSTYLE
  5
66
102
{ACAD_REACTORS
330
16
102
}
330
16
100
AcDbVisualStyle
  2
Hidden
 70
6
 90
1
 40
0.6
 62
7
290
0
291
0
  0
VISUALSTYLE
  5
67
102
{ACAD_REACTORS
330
16
102
}
330
16
100
AcDbVisualStyle
  2
JitterOff
 70
20
 90
2
 40
0.6
 62
7
290
0
291
1
  0
VISUALSTYLE
  5
68
102
{ACAD_REACTORS
330
16
102
}
330
16
100
AcDbVisualStyle
  2
Linepattern
 70
14
 90
2
 40
0.6
 62
7
290
0
291
1
  0
VISUALSTYLE
  5
69
102
{ACAD_REACTORS
330
16
102
}
330
16
100
AcDbVisualStyle
  2
Modeling
 70
10
 90
2
 40
0.6
 62
7
290
0
291
0
  0
VISUALSTYLE
  5
6A
102
{ACAD_REACTORS
330
16
102
}
330
16
100
AcDbVisualStyle
  2
OverhangOff
 70
21
 90
2
 40
0.6
 62
7
290
0
291
1
  0
VISUALSTYLE
  5
6B
102
{ACAD_REACTORS
330
16
102
}
330
16
100
AcDbVisualStyle
  2
Realistic
 70
8
 90
2
 40
0.6
 62
7
290
0
291
0
  0
VISUALSTYLE
  5
6C
102
{ACAD_REACTORS
330
16
102
}
330
16
100
AcDbVisualStyle
  2
Shaded
 70
27
 90
2
 40
0.6
 62
7
290
0
291
0
  0
VISUALSTYLE
  5
6D
102
{ACAD_REACTORS
330
16
102
}
330
16
100
AcDbVisualStyle
  2
Shaded with edges
 70
26
 90
2
 40
0.6
 62
7
290
0
291
0
  0
VISUALSTYLE
  5
6E
102
{ACAD_REACTORS
330
16
102
}
330
16
100
AcDbVisualStyle
  2
Shades of Gray
 70
23
 90
2
 40
0.6
 62
7
290
0
291
0
  0
VISUALSTYLE
  5
6F
102
{ACAD_REACTORS
330
16
102
}
330
16
100
AcDbVisualStyle
  2
Sketchy
 70
24
 90
1
 40
0.6
 62
7
290
0
291
0
  0
VISUALSTYLE
  5
70
102
{ACAD_REACTORS
330
16
102
}
330
16
100
AcDbVisualStyle
  2
Thicken
 70
13
 90
2
 40
0.6
 62
7
290
0
291
1
  0
VISUALSTYLE
  5
71
102
{ACAD_REACTORS
330
16
102
}
330
16
100
AcDbVisualStyle
  2
Wireframe
 70
5
 90
0
 40
0.6
 62
7
290
0
291
0
  0
VISUALSTYLE
  5
72
102
{ACAD_REACTORS
330
16
102
}
330
16
100
AcDbVisualStyle
  2
X-Ray
 70
25
 90
2
 40
0.5
 62
7
290
0
291
0
  0
DICTIONARYVAR
  5
115
330
2D
100
DictionaryVariables
280
0
  1
1.4.2 @ 2026-07-27T07:33:22.880756+00:00
  0
ENDSEC
  0
EOF
